--
-- PostgreSQL database dump
--

-- Dumped from database version 12.4 (Ubuntu 12.4-1.pgdg16.04+1)
-- Dumped by pg_dump version 12.4 (Ubuntu 12.4-1.pgdg18.04+1)

SET statement_timeout = 0;
SET lock_timeout = 0;
SET idle_in_transaction_session_timeout = 0;
SET client_encoding = 'UTF8';
SET standard_conforming_strings = on;
SELECT pg_catalog.set_config('search_path', '', false);
SET check_function_bodies = false;
SET xmloption = content;
SET client_min_messages = warning;
SET row_security = off;

--
-- Name: add_caretaker(); Type: FUNCTION; Schema: public; Owner: -
--

CREATE FUNCTION public.add_caretaker() RETURNS trigger
    LANGUAGE plpgsql
    AS $$
BEGIN
    -- inserts into caretaker whenever a full-timer / part-timer is added
    INSERT INTO Care_Takers(cname, rating) VALUES (NEW.cname, NULL);
        RETURN NEW;
END;
$$;


--
-- Name: check_account(); Type: FUNCTION; Schema: public; Owner: -
--

CREATE FUNCTION public.check_account() RETURNS trigger
    LANGUAGE plpgsql
    AS $$
BEGIN
    -- inserts into admin or pet owner and care taker tables depending on the type
    IF NEW.is_admin = 'true' THEN
        INSERT INTO PCS_Administrator VALUES (NEW.username);
        RETURN NEW;
    ELSE
        INSERT INTO Pet_Owners VALUES (NEW.username);
        RETURN NEW;
    END IF;
END;
$$;


--
-- Name: check_valid_amount_before_insert(character varying, character varying, character varying, character varying, character varying, numeric, character varying); Type: FUNCTION; Schema: public; Owner: -
--

CREATE FUNCTION public.check_valid_amount_before_insert(pnamea character varying, pet_namea character varying, cnamea character varying, start_datea character varying, end_datea character varying, payment_amta numeric, transaction_typea character varying) RETURNS void
    LANGUAGE plpgsql
    AS $_$
    DECLARE
      pet_type VARCHAR(256);
      min_rate NUMERIC;
      rating NUMERIC;
      numDays INT;
    BEGIN
      SELECT P.category INTO pet_type
      FROM pets P
      WHERE P.pname = pnameA AND P.pet_name = pet_nameA;

      SELECT PC.base_price INTO min_rate
      FROM pet_categories PC
      WHERE pet_type = PC.category;

      SELECT C.rating INTO rating
      FROM care_takers C
      WHERE C.cname = cnameA;

      SELECT TO_DATE(end_dateA, 'DD-MM-YYYY') - TO_DATE(start_dateA, 'DD-MM-YYYY') + 1
      INTO numDays;

      IF rating IS NULL THEN
        IF min_rate * numDays > payment_amtA THEN
          RAISE EXCEPTION 'Insufficient payment! Minimum expected: $% ', ROUND(min_rate * numDays::NUMERIC, 2);
        END IF;
      ELSE
        IF (min_rate + (min_rate * (CEILING(rating) - 1) / 4) ) * numDays > payment_amtA THEN
          RAISE EXCEPTION 'Insufficient payment! Minimum expected: $% ', ROUND((min_rate + (min_rate * (CEILING(rating) - 1) / 4) ) * numDays::NUMERIC, 2);
        END IF;
      END IF;

      -- IF (min_rate + (min_rate * (CEILING(rating) - 1) / 4) ) * numDays > payment_amtA THEN
      --   RAISE EXCEPTION 'Insufficient payment! Minimum expected: $% ', (min_rate + (min_rate * (CEILING(rating) - 1) / 4) ) * numDays;
      -- END IF;
      -- IF 1 THEN
      --   RAISE EXCEPTION 'Insufficient payment! Minimum expected: $% ', (min_rate + (min_rate * (CEILING(rating) - 1) / 4) ) * numDays;
      -- END IF;

      INSERT INTO bids(pname, pet_name, cname, start_date, end_date, payment_amt, transaction_type, is_selected)
      VALUES (pnameA, pet_nameA, cnameA, TO_DATE(start_dateA, 'DD-MM-YYYY'), TO_DATE(end_dateA, 'DD-MM-YYYY'), payment_amtA, transaction_typeA, false);

    END;
$_$;


--
-- Name: encode_string(character varying); Type: FUNCTION; Schema: public; Owner: -
--

CREATE FUNCTION public.encode_string(str character varying) RETURNS integer
    LANGUAGE plpgsql
    AS $$
    BEGIN
        RETURN (SELECT SUM(ascii(char)) % 7 + 2 
        FROM (select unnest( string_to_array(str, null) )) AS 
        chars(char));
    END
$$;


--
-- Name: specify_availability(character varying, date[]); Type: FUNCTION; Schema: public; Owner: -
--

CREATE FUNCTION public.specify_availability(username character varying, work date[]) RETURNS void
    LANGUAGE plpgsql
    AS $$
    DECLARE
        x DATE;
    BEGIN
        FOREACH x in ARRAY work
            LOOP
                IF x > current_date THEN
                    INSERT INTO Availability(cname, date) VALUES(username, x) ON CONFLICT (cname, date) DO NOTHING;
                END IF;
            END LOOP;
    END;
$$;


--
-- Name: specify_leaves(character varying, date[]); Type: FUNCTION; Schema: public; Owner: -
--

CREATE FUNCTION public.specify_leaves(username character varying, leaves_ date[]) RETURNS void
    LANGUAGE plpgsql
    AS $$
    DECLARE
        contiguous_150_blocks INTEGER:= 0;
        previous_date DATE:= date_trunc('year', leaves_[1]);
        previous_leaves DATE[] := ARRAY(SELECT date FROM leaves WHERE username=cname AND to_char(date, 'YYYY') = to_char(previous_date, 'YYYY'));
        x DATE;
    BEGIN
        --Check if any leaves applied are before the current_date
        IF (SELECT COUNT(*) FROM unnest(leaves_) dates WHERE dates <= current_date) > 0 THEN
            RAISE EXCEPTION'Date has already passed';
        END IF;

        --Merge leaves applied now with previous leaves for a year and add first jan next year to the mix
        leaves_ = leaves_::date[] || previous_leaves::date[];
        
        --append next year's first day to date[]
        leaves_ = leaves_::date[] || (previous_date + interval '1 year')::date;

        --sort leaves_ and filter duplicates
        leaves_ = ARRAY(SELECT DISTINCT date FROM unnest(leaves_) date ORDER BY date ASC)::DATE[];
        
        FOREACH x in ARRAY leaves_ -- O(~64)
            LOOP
                --Ensure leaves are from the same year
                IF to_char(x - 1, 'YYYY') <> to_char(previous_date, 'YYYY') AND x <> date_trunc('year', previous_date) THEN 
                    RAISE EXCEPTION'Attempted to apply across years';
                END IF;
                
                -- Checks if a pet is under the caretaker's care on that day
                IF (SELECT AVG(pet_count) FROM Schedule WHERE date = x AND cname = username) > 0 THEN
                    RAISE EXCEPTION'Cannot apply for leave if there is at least one pet';
                END IF;

                -- Checks for the 2x150 blocks
                IF x - previous_date >= 150 THEN
                    contiguous_150_blocks := contiguous_150_blocks + (x - previous_date) / 150; 
                END IF;
                RAISE NOTICE 'Segment: %',x - previous_date;
                
                IF x != (date_trunc('year', leaves_[1]) + interval '1 year')::date THEN
                -- It is now save to apply for leave x
                    INSERT INTO leaves VALUES(username, x) ON CONFLICT(cname, date) DO NOTHING;
                END IF;
                
                -- update to be the next working day
                previous_date := x + 1; 
            END LOOP;

        IF contiguous_150_blocks < 2 THEN
            RAISE EXCEPTION'Failed to meet the requirement of 2x150 pet days, %', contiguous_150_blocks;
        END IF;
    END;
$$;


--
-- Name: update_care_taker_rating(); Type: FUNCTION; Schema: public; Owner: -
--

CREATE FUNCTION public.update_care_taker_rating() RETURNS trigger
    LANGUAGE plpgsql
    AS $$
BEGIN
    UPDATE care_takers C
    SET rating = (SELECT AVG(rating) FROM bids WHERE is_selected = true GROUP BY cname HAVING cname = C.cname)
    WHERE C.cname = NEW.cname;
    RETURN NEW;
END;
$$;


--
-- Name: update_schedule(); Type: FUNCTION; Schema: public; Owner: -
--

CREATE FUNCTION public.update_schedule() RETURNS trigger
    LANGUAGE plpgsql
    AS $$
DECLARE
    x DATE:= NEW.start_date;
BEGIN
    IF NEW.is_selected THEN
        LOOP
            INSERT INTO Schedule
            VALUES(NEW.cname, x, 1)
            ON CONFLICT (cname, date) DO
            UPDATE SET pet_count = Schedule.pet_count + 1 WHERE Schedule.cname = NEW.cname AND Schedule.date = x;
            IF x = NEW.end_date THEN EXIT; END IF;
            x := x + 1;
        END LOOP;
    END IF;
    RETURN NEW;
END;
$$;


SET default_tablespace = '';

SET default_table_access_method = heap;

--
-- Name: accounts; Type: TABLE; Schema: public; Owner: -
--

CREATE TABLE public.accounts (
    username character varying(256) NOT NULL,
    password character varying(256) NOT NULL,
    email character varying(256) NOT NULL,
    address character varying(256) NOT NULL,
    date_created date NOT NULL,
    is_admin boolean DEFAULT false,
    CONSTRAINT proper_email CHECK (((email)::text ~* '^[A-Za-z0-9._%-]+@[A-Za-z0-9.-]+[.][A-Za-z]+$'::text))
);


--
-- Name: availability; Type: TABLE; Schema: public; Owner: -
--

CREATE TABLE public.availability (
    cname character varying(256) NOT NULL,
    date date NOT NULL
);


--
-- Name: bids; Type: TABLE; Schema: public; Owner: -
--

CREATE TABLE public.bids (
    pname character varying(256) NOT NULL,
    pet_name character varying(256) NOT NULL,
    cname character varying(256),
    start_date date NOT NULL,
    end_date date NOT NULL,
    rating numeric,
    is_selected boolean,
    payment_amt numeric,
    transaction_type character varying(30) NOT NULL,
    review character varying(256),
    CONSTRAINT bids_rating_check CHECK (((rating <= (5)::numeric) AND (rating > (0)::numeric))),
    CONSTRAINT start_before_end CHECK ((end_date >= start_date))
);


--
-- Name: care_takers; Type: TABLE; Schema: public; Owner: -
--

CREATE TABLE public.care_takers (
    cname character varying(256) NOT NULL,
    rating numeric,
    CONSTRAINT care_takers_rating_check CHECK (((rating <= (5)::numeric) AND (rating > (0)::numeric)))
);


--
-- Name: full_timer; Type: TABLE; Schema: public; Owner: -
--

CREATE TABLE public.full_timer (
    cname character varying(256) NOT NULL
);


--
-- Name: leaves; Type: TABLE; Schema: public; Owner: -
--

CREATE TABLE public.leaves (
    cname character varying(256) NOT NULL,
    date date NOT NULL
);


--
-- Name: part_timer; Type: TABLE; Schema: public; Owner: -
--

CREATE TABLE public.part_timer (
    cname character varying(256) NOT NULL
);


--
-- Name: pcs_administrator; Type: TABLE; Schema: public; Owner: -
--

CREATE TABLE public.pcs_administrator (
    username character varying(256) NOT NULL,
    salary numeric
);


--
-- Name: pet_categories; Type: TABLE; Schema: public; Owner: -
--

CREATE TABLE public.pet_categories (
    category character varying(256) NOT NULL,
    base_price numeric
);


--
-- Name: pet_owners; Type: TABLE; Schema: public; Owner: -
--

CREATE TABLE public.pet_owners (
    username character varying(256) NOT NULL
);


--
-- Name: pets; Type: TABLE; Schema: public; Owner: -
--

CREATE TABLE public.pets (
    pet_name character varying(256) NOT NULL,
    category character varying(256) NOT NULL,
    pname character varying(256) NOT NULL,
    care_req text,
    image text
);


--
-- Name: prefers; Type: TABLE; Schema: public; Owner: -
--

CREATE TABLE public.prefers (
    cname character varying(256) NOT NULL,
    category character varying(256) NOT NULL
);


--
-- Name: schedule; Type: TABLE; Schema: public; Owner: -
--

CREATE TABLE public.schedule (
    cname character varying(256) NOT NULL,
    date date NOT NULL,
    pet_count integer,
    CONSTRAINT schedule_pet_count_check CHECK ((pet_count <= 5))
);


--
-- Data for Name: accounts; Type: TABLE DATA; Schema: public; Owner: -
--

COPY public.accounts (username, password, email, address, date_created, is_admin) FROM stdin;
Alika	HICOpLI6ylP	alabb0@dyndns.org	75 Reinke Drive	2022-04-12	f
Natalya	Rp1YjGDAZOJ9	nackred1@odnoklassniki.ru	125 Fremont Circle	2021-05-08	f
Trista	Co1d9fol	tgiorgiutti2@unc.edu	92 Schlimgen Crossing	2022-09-02	f
Ham	R3xhr76Sxy	hgobert3@cbslocal.com	0551 Erie Circle	2022-06-18	f
Myrilla	ZtzHMwTk5KX	mfrantzeni4@taobao.com	627 Buhler Crossing	2021-01-19	f
Karlan	JOOo92bFn	kcross5@google.com	2 Fordem Center	2022-02-13	f
Morgan	yiRxH0rk	mgocke6@miibeian.gov.cn	2 Amoth Road	2022-11-02	f
Kristine	mtzWYG9xs1	krowlatt7@cloudflare.com	1361 Hansons Point	2022-03-09	f
Francene	FMLgyRAasg	fhelleckas8@loc.gov	72662 Thompson Street	2022-03-04	f
Rosalinda	dPfb9WHbW3qG	rmarnes9@berkeley.edu	70299 Rusk Junction	2022-06-18	f
Hendrick	84yKR2Q8xF	htetlaa@alexa.com	116 Westridge Pass	2021-08-31	f
Ricoriki	nt9qY4	rexleyb@goo.gl	913 Goodland Point	2021-11-26	f
Harlen	2PIAJm	hsouthwardc@youtube.com	57 Green Road	2022-01-02	f
Finn	SLqm98N	fmcelweed@studiopress.com	7620 Bobwhite Pass	2021-01-22	f
Werner	jaBiJK2	wearnshawe@imageshack.us	502 Porter Plaza	2021-05-09	f
Christin	zESdHPKoPmee	crenachowskif@ning.com	36613 Kipling Street	2022-05-22	f
Aggi	oXbdTlxHByjd	aponting@dagondesign.com	43 Bunting Trail	2022-07-13	f
Griselda	Fk07qc0	glaingmaidh@csmonitor.com	3 Luster Court	2022-01-03	f
Lyell	jmqhGzH8S4IT	ltrayesi@miitbeian.gov.cn	445 Scoville Court	2021-05-24	f
Trudy	sqqdzRttf	thamalj@blogtalkradio.com	60307 Portage Circle	2022-09-11	f
Courtenay	W975OdDVoAb	cstickneyk@aol.com	98 Blaine Junction	2022-06-07	f
Florella	WKQGhlO	fbucknelll@wikispaces.com	2 Caliangt Alley	2021-05-18	f
Antin	mUHsaF65DC	ayukhnovm@sohu.com	1 Brentwood Park	2021-06-07	f
Alisun	4DRy0tNy9	aanningn@youku.com	555 Longview Plaza	2021-09-13	f
Terri-jo	1uEphn	thargo@tuttocitta.it	10099 Del Sol Drive	2021-11-22	f
Pedro	sk7v9rajazD	pstroyanp@hibu.com	2 Westridge Place	2021-05-18	f
Faustine	zBZj8hG8nc	fferrierioq@w3.org	88485 Nevada Pass	2022-10-15	f
Ernie	kRkX2JwpI	eklassr@bloomberg.com	87 Swallow Way	2021-10-17	f
Cobb	IziiJe	cwartnabys@vk.com	50044 Southridge Way	2021-03-16	f
Granny	bGMNWLovwv	gscaddent@shareasale.com	2 Hooker Road	2020-12-15	f
Odilia	iXh4L4U83c2J	oeastonu@bbc.co.uk	9 Hansons Park	2021-10-02	f
Vania	hJ2F5nGF	vgeddesv@china.com.cn	09 Mesta Junction	2022-01-22	f
Curtice	mnWweVRvLI	cbrumhamw@ucoz.com	1639 Village Green Way	2022-04-24	f
Erv	7dsx3yEi	esmallpeacex@guardian.co.uk	78 Butterfield Park	2022-08-26	f
Lillian	VhFlYbRzqk	ljirusy@berkeley.edu	0 Old Shore Trail	2021-10-27	f
Kalvin	2SiVcob3R	kjagielskiz@qq.com	91 Alpine Park	2022-06-26	f
Lil	EbZgYC5KDI	ltessier10@prweb.com	58723 Warrior Way	2022-02-20	f
Darlene	efCXl8plTY	dsteward11@dailymail.co.uk	00440 Spohn Center	2021-04-10	f
Dela	b7ehAKYEcmpz	dtooker12@google.pl	08616 Carpenter Plaza	2022-09-13	f
Gwenny	5AuC84n6Z1Qi	gomailey13@bloomberg.com	62 Monument Drive	2022-09-07	f
Fraze	sAh5zr	fhamblen14@bloglines.com	15789 Forest Dale Way	2021-01-15	f
Nikaniki	BTzzJNyJDo	niglesias15@mapquest.com	67 Clarendon Lane	2022-11-05	f
Cleo	CYzrOhWbbq6	clanceley16@icq.com	532 Hermina Pass	2021-05-13	f
Gordon	jED73QvPD3Q7	gizakovitz17@nyu.edu	82 Milwaukee Crossing	2022-06-20	f
Rochella	wcx9eRn5	rjiles18@prlog.org	01 Ridge Oak Center	2022-05-19	f
Archibaldo	9HmR7VHSHpN	aianson19@ustream.tv	3 Anhalt Drive	2021-02-26	f
Tandy	nmqMYGqhDj	tchalkly1a@histats.com	8742 Cardinal Junction	2022-12-02	f
Rogerio	dg9rJBZED	revesque1b@theatlantic.com	817 Reindahl Avenue	2022-01-24	f
Tamiko	sC0AFe7C	tmandres1c@ucoz.ru	3 Buell Plaza	2022-07-24	f
Vivyan	GYdHjgD	vwitherow1d@storify.com	7538 Westridge Court	2021-12-21	f
Theodore	6R0CzYO	tcomsty1e@oakley.com	7692 Hudson Court	2021-01-27	f
Ardis	acOiLomkP	aklasing1f@pbs.org	04682 Bartillon Alley	2021-10-03	f
Kara	7isYZR5	kstryde1g@vimeo.com	45442 Roth Parkway	2022-03-09	f
Garry	dLqV0E	gsprigin1h@360.cn	8 Jana Road	2022-11-03	f
Kerri	wfWzQay	kgallear1i@google.com.br	379 Union Park	2022-07-27	f
Kellen	DJ41GD1gY	kdomney1j@spotify.com	76976 Washington Hill	2021-11-08	f
Idette	Vhc5IL2WMAao	iinker1k@pagesperso-orange.fr	28520 Bayside Park	2021-08-30	f
Jacky	4CWcfzXmb0	jvala1l@nyu.edu	4 Sundown Avenue	2020-12-14	f
Reggi	pRQkoEkFnZxp	rcaygill1m@php.net	96369 Northridge Center	2022-10-30	f
Lonee	nrAhim	lswindley1n@ycombinator.com	755 Forster Hill	2022-03-18	f
Kathye	pWbs6dPMGbD	kfortun1o@dailymail.co.uk	841 Memorial Way	2021-03-11	f
Lauri	4hzSbzkEN6uD	lcaulwell1p@skype.com	3 Dixon Circle	2022-04-08	f
Stearne	tfvc92Hnoax6	squant1q@addthis.com	0 Sycamore Terrace	2021-06-18	f
Herold	6pajpRG5N	hdunbabin1r@quantcast.com	144 Mcbride Lane	2021-04-24	f
Malanie	duaM3A	mjepps1s@imgur.com	15134 Lawn Way	2022-07-21	f
Glenna	hS8YFrcYEL	gmaytom1t@who.int	3 6th Road	2021-04-06	f
Netty	kyzruxBzUi	nhaskew1u@harvard.edu	5 Scoville Road	2021-05-10	f
Sergio	1Wiu5DWPCpiw	syandle1v@seattletimes.com	6639 Springs Avenue	2022-01-10	f
Klarrisa	B31gkxDg8h	kmateescu1w@domainmarket.com	08 Scofield Plaza	2021-07-15	f
Phyllys	RE7VRAIyB	pitzkin1x@china.com.cn	57 2nd Point	2021-10-30	f
Ginni	J92G8r	gcrossgrove1y@a8.net	50 Northview Parkway	2021-03-11	f
Obed	hnTrLv5F	olampe1z@vinaora.com	0 Schiller Point	2021-03-30	f
Adolph	BPD5yhy9Cgz	apetrussi20@discovery.com	10 Mosinee Trail	2021-07-15	f
Ulrike	TqoBJ5G	ufigge21@shareasale.com	9692 Granby Point	2021-04-23	f
Derick	icNzb5en7N	dflux22@vinaora.com	6 Lillian Parkway	2021-02-26	f
Hiram	ob6fOL	hvaulkhard7i@feedburner.com	112 Maple Avenue	2022-11-30	f
Addy	GckXykMWO7V9	apitceathly24@nymag.com	2247 Arapahoe Road	2021-08-21	f
Ingaborg	RzUQDZ19U3NK	igonning25@wikipedia.org	74915 Evergreen Alley	2022-06-01	f
Thaxter	QZsukF	tmatteris26@wikipedia.org	4 Warner Hill	2021-04-30	f
Decca	M6Xvg9b	ddezamudio27@fema.gov	4 Gateway Point	2021-09-18	f
Thayne	UHh4K2snJF	tkleinber28@bravesites.com	2349 Tennessee Lane	2020-12-13	f
Shelby	fQG7kyMp4S	sovington29@slashdot.org	397 Sunbrook Drive	2022-07-08	f
Lindsay	3lA9C0	lperrygo2a@linkedin.com	53376 Drewry Way	2021-02-24	f
Emilia	c1AimvnzHh	emouser2b@artisteer.com	2890 Gina Plaza	2022-01-28	f
Keri	O5moooKyy3	kluno2c@ftc.gov	29515 Nova Road	2022-10-16	f
Lauretta	BE0LrernsfOT	lyerrall2d@soup.io	872 Mockingbird Terrace	2022-11-30	f
Nickolaus	NCGIOuD87Gc	nwithinshaw2e@1und1.de	2 Haas Point	2022-09-10	f
Ade	D1Vtoygbv	aworsham2f@ebay.com	3507 Maple Plaza	2021-06-16	f
Allys	dZHbsJ7YS	abutt2g@facebook.com	81 Banding Park	2022-04-05	f
Kaia	hxOPol	knevill2h@example.com	19 South Parkway	2022-05-17	f
Daron	Ezj4Mk	dgoldsmith2i@toplist.cz	2875 David Hill	2021-01-12	f
Dell	cq9EYglzw	dconey2j@vk.com	2863 Toban Way	2021-02-01	f
Karleen	Yrjw4I	kgarlette2k@umich.edu	1779 Dahle Parkway	2021-09-22	f
Dmitri	OyPFG7ySm	djoron2l@miitbeian.gov.cn	06 Summit Way	2021-11-12	f
Lucille	wFzLDSQ	lbottomley2m@utexas.edu	3675 Oak Road	2022-09-18	f
Ferne	Dq62O2	fdebiasio2n@fema.gov	5 Holy Cross Plaza	2021-03-09	f
Eustace	kAAhaJj6R	epitfield2o@google.com.br	901 South Parkway	2021-11-21	f
Yvonne	UQ6Ugc	yalcock2p@networkadvertising.org	7 Warrior Center	2022-01-23	f
Kory	5qQZCUv25R	kwhiterod2q@istockphoto.com	818 Sauthoff Alley	2022-09-02	f
Melody	wA7UMHv1sR	mlacroutz2r@flickr.com	19464 Shoshone Lane	2022-01-18	f
Jules	EjYciqJI	jblofeld2s@so-net.ne.jp	8 Prentice Point	2021-07-07	f
Othilia	O4ul5DvLZXaM	olemonnier2t@wix.com	7 Hazelcrest Trail	2022-04-22	f
Jillane	NmrLuAmL	jpittway2u@icq.com	57 Glacier Hill Drive	2021-10-02	f
Linc	B4MIthd5UgE	lmurra2v@phoca.cz	52481 Johnson Lane	2022-09-20	f
Dougy	q1dNQvyRx9hQ	dburnes2w@google.pl	3877 Cordelia Alley	2022-05-26	f
Tana	mAxtexLN	tmalecky2x@desdev.cn	25906 Arrowood Drive	2021-12-23	f
Gregorio	gz6BThWd	gvoce2y@networkadvertising.org	279 Cody Terrace	2021-05-14	f
Pepe	namzXJNu	ppleuman2z@ca.gov	432 Fulton Street	2021-06-26	f
Natale	NJkQHzx	nvermer30@vk.com	22 Bowman Junction	2022-11-13	f
Ingmar	UHfD5eXc	ibodycote31@unblog.fr	363 Holy Cross Point	2022-04-10	f
Dulce	XImJ5rrxeQ	dbrudenell32@unblog.fr	8107 Petterle Parkway	2021-12-05	f
Alphonse	tziLNI4ay08a	areay33@pbs.org	61 Shopko Park	2021-11-27	f
Gardener	IQSar7ASaQ2M	gcall34@forbes.com	1360 Fallview Avenue	2022-10-02	f
Harley	d1MkcOfl	hjosey35@google.cn	717 Dexter Street	2021-11-11	f
Kev	e7P9RJdyH7I	kruckman36@aol.com	5751 Eliot Way	2022-12-04	f
Sharon	otpdBa	soxterby37@seattletimes.com	11832 Vahlen Crossing	2022-05-28	f
Wit	Y11IB764PQ9	wgallen38@house.gov	31969 Darwin Road	2022-09-18	f
Smitty	q2rWO6K	ssalvador39@eepurl.com	641 Merrick Circle	2022-06-12	f
Debee	cQzy0WDz	dcolthurst3a@toplist.cz	36522 Blaine Way	2021-02-25	f
Rowan	rNW7jMMkVUO	rmarsden3b@state.gov	07 Hoard Hill	2022-01-01	f
Devin	lBhk4l	dadrian3c@bing.com	3292 Ruskin Road	2022-07-11	f
Joela	SKdgjpG8gx	jbellas3d@simplemachines.org	90 Cordelia Way	2021-01-14	f
Lauren	mlwa4tF	lullyott3e@godaddy.com	1076 Aberg Parkway	2021-04-14	f
Roby	mSXgFAHxx3hx	rtattam3f@chicagotribune.com	7917 Dennis Plaza	2021-01-23	f
Glenine	oXklZQkZR3	gvasilevich3g@cbc.ca	1204 Drewry Street	2021-06-21	f
Emmy	q9tZE5p4AzYt	ethreadgill3h@xrea.com	185 Moose Alley	2022-05-04	f
Bessy	MAbL8flqjZT4	btrotter3i@tuttocitta.it	9402 Memorial Park	2021-05-08	f
Jameson	RTxctUZBK	jtarge3j@hostgator.com	5 Washington Plaza	2022-02-05	f
Shauna	UpVoIv1qWwz	sstafford3k@1688.com	709 Arkansas Road	2021-05-09	f
Pasquale	qxek3v3msTS	psedgeworth3l@howstuffworks.com	2 Sycamore Lane	2021-08-08	f
Sarah	5War4T	skettles3m@yellowpages.com	64 Fulton Terrace	2022-07-03	f
De	sB9lzvt	dletcher3n@amazon.com	2 Hoffman Trail	2022-01-04	f
Jayme	lg2wl9	jwadley3o@hugedomains.com	775 Mallard Point	2022-08-04	f
Guy	ByqKTj	gohearn3p@freewebs.com	6190 Gateway Point	2021-07-26	f
Arther	SzqwyBUO1ZD	afinlay3q@arizona.edu	9469 Haas Plaza	2021-09-29	f
Demetra	gNchJNsMz	dbenza3r@dion.ne.jp	41 Independence Street	2021-08-21	f
Sandra	dM89Fe0Xu6LG	swicher3s@twitpic.com	28 Kedzie Trail	2021-09-07	f
Huntlee	vmUKjKf	hmishow3t@auda.org.au	24522 Spaight Street	2022-09-25	f
Ivonne	7c8TY5	iphilippon3u@shop-pro.jp	3649 Fremont Trail	2022-12-02	f
Brose	IkhjciPXpSH	bfranzke3v@lulu.com	603 Spaight Court	2021-01-07	f
Jodie	4t3dQI3	jrispine3w@vinaora.com	564 Linden Center	2021-08-18	f
Tony	K54LZ88wOXC	tlafaye3x@icio.us	3660 Buena Vista Junction	2021-01-15	f
Abbie	T4zoWd	aberkely3y@moonfruit.com	7 Pine View Parkway	2022-09-04	f
Cirstoforo	I16VztNW8Ioj	cbaudet3z@cyberchimps.com	1 Namekagon Plaza	2021-01-18	f
Ellis	iBIaS7	eallston40@elegantthemes.com	03 Fisk Crossing	2022-10-24	f
Laureen	bN2I3oxTTB	lcraig41@redcross.org	96 Homewood Point	2021-11-02	f
Paolo	diAQwP	pmccahey42@nifty.com	92 Swallow Place	2022-11-02	f
Milzie	BeRcvF4cXJRw	mlevet43@sitemeter.com	014 Norway Maple Place	2022-03-28	f
Flinn	m8cfMHPmjJ	fdorsett44@reuters.com	823 Harbort Street	2021-01-17	f
Jacques	k1lulB59y	jmazonowicz45@php.net	6 Burrows Drive	2022-07-04	f
Flory	DmubuNeGxRo	fhillhouse46@java.com	026 Nobel Pass	2022-02-09	f
Brandy	NllpLacv9wZ	bhatrey47@census.gov	0547 Reinke Trail	2022-11-29	f
Clareta	RdlomSE2li	caimson48@walmart.com	07359 Hazelcrest Terrace	2022-02-09	f
Carrol	VxN85k	clulham49@google.pl	4597 Kings Court	2021-06-19	f
Tynan	9W6UhksAvG9m	tburland4a@unicef.org	39268 Gerald Circle	2021-02-20	f
Derby	BxlwPy08cmWz	dmcroberts4b@merriam-webster.com	7 Maple Court	2021-06-18	f
Saraann	ZfMCa7u2X	svondra4c@loc.gov	71 Claremont Court	2021-08-04	f
Xerxes	alosV4sGOKK	xmatschuk4d@t.co	88 Bashford Road	2021-04-28	f
Jessa	JTeaqDdxNfq	jmcgregor4e@who.int	91512 Dovetail Terrace	2022-06-04	f
Janella	qVtehtzzy	jodyvoy4f@acquirethisname.com	11 Reinke Place	2022-03-19	f
Freddie	xbWCgrNNb	frevan4g@miibeian.gov.cn	8 Farwell Parkway	2022-04-16	f
Gun	S5QDAsP6xmlD	gsettle4h@amazon.com	9 Anhalt Alley	2022-09-24	f
Kaja	CdSZmtz2e7	kminet4i@ed.gov	11 Rigney Point	2022-07-11	f
Fawn	WdM747y8j	fmcevay4j@ifeng.com	634 Dawn Circle	2022-03-23	f
Prinz	1mJNYGwt3Gs	pteodorski4k@census.gov	717 Columbus Avenue	2020-12-08	f
Cesar	Zzcj9uPR	cdalgarnocht4l@wufoo.com	0698 Daystar Trail	2022-02-03	f
Thoma	zhXJ5YZp	tmunks4m@diigo.com	0949 Westridge Crossing	2021-11-26	f
Donall	tRMYViVsHLA	dtowriss4n@cyberchimps.com	98976 Forest Dale Plaza	2022-04-30	f
Frants	oVESYNQk	fsparsholt4o@feedburner.com	6618 Marcy Park	2022-05-30	f
Kendell	3KIpMBAPeS	kglennon4p@reference.com	0186 Vera Drive	2022-02-28	f
Harcourt	eQVeZ2	hlancashire4q@ebay.com	46 Coolidge Court	2022-04-07	f
Queenie	PjCjFW7jEh	qsiddall4r@wunderground.com	92 Hazelcrest Point	2021-03-13	f
Bartholomew	MFPMFFmj	bfurbank4s@xing.com	59 Becker Street	2022-01-05	f
Stephan	8M1lwr	sguiet4t@cisco.com	6184 Bartelt Way	2021-12-30	f
Sammy	5SNBPaRgCZ	sliveley4u@pen.io	5 Menomonie Lane	2021-07-27	f
Casandra	6WOrF4PZ	clongbone4v@friendfeed.com	71787 Fulton Hill	2022-01-07	f
Lucian	ZjaaLp	lmorbey4w@51.la	62061 Lighthouse Bay Drive	2021-07-25	f
Iorgo	qWLAsCb1	iwestmerland4x@wikia.com	7096 Springs Way	2021-10-31	f
Alec	ScssFc63r	afaughey4y@deliciousdays.com	227 Calypso Center	2022-11-05	f
Clywd	LjInS7	cspon4z@com.com	20831 Morning Alley	2021-05-24	f
Otes	6NOvVWzLkuC	odrever50@dion.ne.jp	0668 Iowa Plaza	2022-07-12	f
Chad	dTyrskq7g	csalt51@elegantthemes.com	79 Luster Plaza	2022-09-12	f
Dulsea	ffwbLjRfHFun	dpolamontayne52@state.tx.us	66 Elmside Alley	2022-09-30	f
Nicko	VcrLnzbkqfA	nrheaume53@about.com	9371 Evergreen Alley	2021-02-07	f
Andriana	AaPzEO2xofmW	adekeyser54@weather.com	8 Lukken Place	2022-01-28	f
Marion	bEPGcoxgU	msaunders55@webs.com	2740 Dexter Place	2021-12-02	f
Gerhardine	N9FQEVNN3i5	ghynde56@sciencedaily.com	7844 6th Park	2022-11-23	f
Miltie	XbMvf8ph	mwhitebread57@nymag.com	77760 John Wall Alley	2022-05-24	f
Wenonah	c7amuvMkYsXz	wwhichelow58@ft.com	2 Longview Hill	2020-12-16	f
Zachary	pDKcM694ugK	zstammers59@businessinsider.com	9 Sunbrook Lane	2022-08-05	f
Dahlia	3kFNX8EXo	dverrick5a@printfriendly.com	86 Scott Trail	2022-09-08	f
Floyd	TwXzyfg	fsheards5b@loc.gov	3 Bay Parkway	2021-10-12	f
Grenville	BzooJr	gdarwent5c@theglobeandmail.com	924 Kinsman Junction	2021-08-17	f
Foster	8yU02Jl	fcoots5d@usa.gov	547 Boyd Lane	2021-09-19	f
Kirsti	X4tNq0q	keager5e@youtu.be	43 Crescent Oaks Parkway	2021-03-30	f
Jermaine	Zop55Dp3AYsq	jbasire5f@smugmug.com	70 Sachtjen Park	2021-02-02	f
Lauritz	dSYYhe	lmoxley5g@cnet.com	79783 Mifflin Parkway	2022-06-13	f
Merrili	eb1qix	mburrows5h@deviantart.com	15 Riverside Court	2022-07-07	f
Saunders	laWNMYuB8Z	sbartunek5i@redcross.org	5 Burrows Trail	2022-06-28	f
Belva	L71Vl79	balster5j@nasa.gov	34 Chive Park	2022-07-03	f
Sallee	tx9DqaG	sgriswood5k@google.es	1338 Merry Circle	2021-06-20	f
Bennett	BFm6jrW	bdietz5l@shinystat.com	2 Dorton Drive	2022-10-10	f
Guthrie	rEmAbjnm	groake5m@ustream.tv	272 Gina Place	2021-05-08	f
Chaddy	zcdgqSAP5	cdinning5n@mapy.cz	5151 Ryan Plaza	2021-08-14	f
Trumann	eO8US3J9Zxl	thorsted5o@thetimes.co.uk	76714 Mallory Parkway	2022-06-20	f
Blanca	4uWa5wE2	bdunbleton5p@eventbrite.com	13087 Barby Court	2022-07-04	f
Susannah	e4MycQ	scarass5q@sbwire.com	5 Arrowood Trail	2022-11-06	f
Buffy	LFcCDpDj	brochell5r@godaddy.com	666 Sachs Junction	2021-10-28	f
Maryann	eDyxFlt1uC1	morlton5s@furl.net	91878 Kinsman Trail	2021-04-12	f
Raff	4ERBTIKlo	rsteptoe5t@newsvine.com	2538 Butterfield Terrace	2022-01-19	f
Elisa	WDDJk3aVW2j	ecrosier5u@parallels.com	7 Thackeray Terrace	2022-06-06	f
Merill	TgJYdQYC7pT	mburn5v@list-manage.com	3495 3rd Park	2021-02-21	f
David	lO8AVr6dHqHU	dginnaly5w@disqus.com	5834 Hooker Crossing	2021-11-17	f
Aron	OzROfEbZ	aantonias5x@harvard.edu	844 Graedel Drive	2021-07-30	f
Ellynn	ecxrgNA6O	elaphorn5y@dagondesign.com	496 Sauthoff Street	2021-08-24	f
Cosmo	Tcym8Yr	cseywood5z@163.com	0986 Memorial Crossing	2022-01-25	f
Prudi	FfHBl8	psparling60@businessinsider.com	35 3rd Place	2021-11-06	f
Melanie	eSac6u	mrearden61@mysql.com	86 Londonderry Place	2022-10-01	f
Scot	O1bKz58ZP8U0	swaiting62@shinystat.com	296 Beilfuss Hill	2022-06-01	f
Abdul	pqVmlEns	aadlard63@bravesites.com	75770 Redwing Court	2021-07-07	f
Isaac	95oA8m3i04	iresdale64@amazon.com	74768 2nd Alley	2022-09-28	f
Holly-anne	J0yO6YPx9W3	hdoud65@cargocollective.com	94962 Rigney Lane	2022-01-28	f
Floria	7mC4NP3PaR	fcheer66@va.gov	4 Lindbergh Junction	2021-04-23	f
Findley	fKKBGvCRIk	fscrivens67@lulu.com	284 Farmco Terrace	2022-10-19	f
Odessa	hVYdnz	obambrugh68@bluehost.com	95 Erie Parkway	2022-06-13	f
Edgardo	FT8CJSk5Hih	eslides69@amazon.co.jp	19 Prairie Rose Trail	2021-12-06	f
Atlanta	lKX14moAFE	acamock6a@tuttocitta.it	35 Spohn Center	2021-12-31	f
Humfrey	sdm2UN	hmussettini6b@ow.ly	51 Shasta Center	2021-07-21	f
Daryl	KD3gc103w	dohagerty6c@salon.com	73 Russell Place	2021-05-06	f
Cissy	EpppCWNhagzL	clowbridge6d@sakura.ne.jp	143 Toban Center	2021-01-03	f
Kristopher	5BvscUEr7fws	kmeriel6e@mashable.com	6 Roth Drive	2021-10-16	f
Alyce	6zrUyC	amarchington6f@uiuc.edu	29910 Melrose Parkway	2021-05-12	f
Ashil	G55wR8mcJ5qL	ahlavecek6g@nationalgeographic.com	0 Superior Circle	2021-01-07	f
Kelly	Vl8g0dhWh	klishman6h@privacy.gov.au	42650 Dapin Park	2022-01-23	f
Michal	6lyJHE1pKD6O	mbradbeer6i@is.gd	05908 Hovde Plaza	2021-02-02	f
Ransell	I68fmsGaT	rmarron6j@spotify.com	4 Victoria Park	2022-09-28	f
Briano	0zwk93	bgovern6k@123-reg.co.uk	16 Claremont Plaza	2021-04-16	f
Alma	slCjnMZSqmO	aseden6l@vimeo.com	786 Badeau Way	2021-12-31	f
Birgit	3Nl9y49	bdalgarnocht6m@eventbrite.com	2 Gina Hill	2021-08-21	f
Nan	pdYUsY5jrQ	nfearey6n@census.gov	59 Schiller Place	2022-03-20	f
Marabel	s1UpJSDJ	mfeander6o@biblegateway.com	446 Anhalt Trail	2022-10-28	f
Winnie	xbrM0t	wphilbin6p@mtv.com	96409 Ronald Regan Terrace	2021-10-26	f
Stacia	3WScvhjtEeAb	sdawson6q@forbes.com	19994 Ronald Regan Parkway	2022-02-24	f
Liza	iUc7J6gP	lshanahan6r@liveinternet.ru	0 Hayes Circle	2020-12-20	f
Amii	MRE86Rig5	aadamik6s@php.net	229 Novick Parkway	2022-10-28	f
Paloma	vWxDPyz	pegdell6t@netlog.com	90 Moulton Park	2022-05-12	f
Maurits	MwURaQ	mtranfield6u@paypal.com	53 Katie Center	2022-06-06	f
Barth	eS40bWBhUW	bjacobbe6v@usda.gov	88748 Merry Point	2021-03-23	f
Dita	1LLGRZn39YCa	dloades6w@qq.com	8350 Center Point	2022-03-18	f
Stanfield	5KEbYwj	smccarter6x@behance.net	884 Melody Lane	2022-10-08	f
Celle	P75AJuOBp	ccharles6y@usgs.gov	7 Oakridge Drive	2022-02-12	f
Tailor	3rNWGM	tgelland6z@flavors.me	08912 Florence Avenue	2021-08-22	f
Panchito	LsDooW	prosentholer70@archive.org	3738 Nobel Trail	2022-06-13	f
Harlene	PczeUGcztlQ	hguyon71@ow.ly	510 Graedel Pass	2020-12-21	f
Tracy	3hZBBSvGT	tgascoyen72@addtoany.com	56 Columbus Park	2022-03-31	f
Christian	aLHCS8hmu	ccornill73@stumbleupon.com	38375 Bayside Park	2022-08-14	f
Chelsea	k1tAcASug	cbantock74@disqus.com	7 Knutson Court	2021-07-14	f
Lorrie	egoSQX	llauchlan75@google.co.jp	66 Mayer Road	2022-07-30	f
Linn	dTmyfTyt4d	lheine76@deliciousdays.com	172 Muir Place	2022-02-07	f
Zena	8aEDMd6	zglasson77@oaic.gov.au	39 Sycamore Point	2021-01-10	f
Mohammed	KAr9fA6xX	mgoldsbrough78@about.me	87 Elmside Circle	2021-10-10	f
Aileen	wnzYOqcw	agrisedale79@ox.ac.uk	8 Algoma Alley	2022-06-25	f
Wolfy	vlOb5F79UNp6	wbaskerville7a@live.com	83 Milwaukee Point	2022-05-20	f
Ginnie	xQPsKUr5Q	gblackford7b@hud.gov	2488 Fordem Parkway	2022-02-12	f
Shandeigh	hZAF425vG	swilkie7c@dailymotion.com	89923 Almo Street	2022-10-14	f
Crissy	YG80GP6PR	cspaight7d@google.co.uk	6533 Grover Center	2022-03-09	f
Sayres	Hg2xZn2JUHjl	sslaymaker7e@cocolog-nifty.com	657 Darwin Terrace	2021-12-05	f
Lorelei	tz20zkoxhcGu	ljinks7f@state.tx.us	5 Rutledge Alley	2022-11-25	f
Olly	o2flbpIOBphF	omcilenna7g@bloglines.com	4101 Goodland Plaza	2021-12-10	f
Julia	RVSj5S	jaronstein7h@senate.gov	69 Mayfield Junction	2022-02-22	f
Andrej	rsvsJt	abellwood7j@opera.com	674 Dapin Trail	2022-03-31	f
Lem	G0y0b0oQF	lsparling7k@booking.com	5 Vernon Crossing	2022-11-02	f
Charisse	br9jxgm	csize7l@liveinternet.ru	561 Eastlawn Road	2020-12-13	f
Anallise	QBl55U	awoolrich7m@360.cn	18 Meadow Valley Way	2021-05-08	f
Vaughn	rMk0TCWdJ	vgowanson7n@bizjournals.com	2 Goodland Way	2022-03-22	f
Arvy	AuvwpTUgWW	agaythorpe7o@zdnet.com	97841 Florence Road	2021-06-17	f
Marietta	FWnfSCDdJQ	mlaugier7p@surveymonkey.com	83605 Talmadge Terrace	2022-01-18	f
Freedman	SUHcmGq6	fgellately7q@goodreads.com	237 Knutson Lane	2021-05-15	f
Karel	3xY9mqI	kfedoronko7r@oakley.com	49444 Mockingbird Plaza	2021-10-19	f
Modestia	BHUFxgaudKd	mschwander7s@sogou.com	7955 Dennis Road	2022-03-22	f
Cicily	SbekIoh	csennett7t@aboutads.info	2 Thompson Way	2021-06-11	f
Allyn	ljRi9JoH9DS	arispin7u@mysql.com	606 Aberg Pass	2021-04-16	f
Sharleen	SGBx9kFWBxRo	smechell7v@sciencedirect.com	40587 Waywood Way	2021-11-14	f
Garrot	yYno4x	gsephton7w@wikispaces.com	0 Rusk Road	2022-07-23	f
Rosaline	i2X6Gd	rokker7x@drupal.org	157 Jackson Circle	2021-04-01	f
Chas	KdoW3Hq3	cgladeche7y@senate.gov	77 Sullivan Crossing	2021-12-01	f
Maxie	ReOfW7z	mwenban7z@so-net.ne.jp	569 Bayside Pass	2021-05-20	f
Janina	JDAy1mhNtuHB	jcrowe80@hubpages.com	924 Dahle Center	2022-01-06	f
Piggy	ejvgCjm3G	pshailer81@aboutads.info	44 Hazelcrest Plaza	2021-11-01	f
Nina	1z7PRFo21RzR	nmateiko82@smh.com.au	5866 Saint Paul Trail	2022-01-06	f
Candida	n1OEISg	cpendlington83@github.io	57 Straubel Way	2022-11-16	f
Bailey	xwVgkejst	bconyers84@goo.ne.jp	8 Hoepker Park	2021-09-09	f
Tansy	L1rNMZCs0ZRN	tface85@google.com.au	3820 Stuart Terrace	2022-09-05	f
Ced	XlyyCNugw	cpollock86@un.org	5028 Hazelcrest Drive	2021-11-04	f
Emalia	cJmonhEoX61	ebulloch87@storify.com	6 Delaware Pass	2022-05-09	f
Timmie	PBjZFUMPX	thasnney88@icio.us	78 Anthes Park	2021-10-26	f
Lutero	pTHJTM6	ljacquemet89@bbb.org	7214 Myrtle Road	2021-04-25	f
Dulcine	D23dsIN	dtownson8a@squidoo.com	766 Glendale Way	2022-09-05	f
Nannette	FJAojPp4	ndowrey8b@bloomberg.com	460 Truax Point	2020-12-24	f
Shay	KygimNv	sdarrigone8c@yahoo.co.jp	88391 Clyde Gallagher Parkway	2022-07-31	f
Tann	Usyliio8cpEJ	tosband8d@apple.com	454 Thierer Drive	2022-03-19	f
Kaine	4k4JCSDc	kbeesey8e@nhs.uk	35564 Eastwood Hill	2021-06-05	f
Barrie	GR3EGXDZQKxY	bdwire8f@latimes.com	323 Roxbury Point	2022-09-14	f
Tanner	6wp9x1zbBMg6	tdibble8h@businesswire.com	3 Melody Junction	2021-10-08	f
Linus	xUAu0MQ	lwidocks8i@tripod.com	5 Cambridge Lane	2022-06-14	f
Maxy	hyj5qRoi	mcofax8j@sourceforge.net	6808 Shelley Place	2021-08-24	f
Cedric	0P6OOU7	cdedei8k@hao123.com	404 Nelson Crossing	2022-11-20	f
Freddy	k2lldxv2B	fstrelitzki8l@so-net.ne.jp	276 Meadow Valley Alley	2021-02-23	f
Clarine	cSHirH	cnann8m@washingtonpost.com	6383 Tennyson Pass	2021-10-21	f
Pauletta	a2YKGji4JC	pcrayden8n@comcast.net	849 Northport Parkway	2021-07-25	f
Trstram	UvM2dimP	tmacgillacolm8p@unblog.fr	185 Ohio Lane	2021-06-28	f
Gerta	JoveGFcjEU7	gblankenship8q@archive.org	738 Corry Place	2022-11-13	f
Leonora	Ubxj6sZ0P	lkettlewell8r@123-reg.co.uk	507 Old Gate Court	2022-01-22	f
Karena	EPkxBD6	ksprason8s@jiathis.com	2 Johnson Pass	2021-07-18	f
Lammond	BQEm47pK1q	ldono8t@buzzfeed.com	1 Magdeline Hill	2021-11-16	f
Crista	IzByprPP	cpiff8u@sakura.ne.jp	2839 Troy Hill	2022-05-12	f
Dniren	ckrnR8i3gO	dede8v@technorati.com	87 Dixon Park	2021-10-09	f
Kelsey	mZky1zL6	krowbrey8w@posterous.com	06 Forest Trail	2021-09-26	f
Constantine	4iDE1v8h	criggoll8x@chicagotribune.com	545 Elgar Parkway	2022-04-22	f
Elsa	LUpSLQMCV8TD	eeadon8y@nps.gov	3039 Rieder Pass	2021-04-23	f
Onfroi	WMmfuuf7	ogerardin8z@ihg.com	49716 Gateway Plaza	2021-11-01	f
Garrard	AxQX3obov	gabrehart91@twitter.com	50 Mcguire Parkway	2022-06-23	f
Leslie	h5UG0u	lbluett92@123-reg.co.uk	4501 Meadow Valley Terrace	2021-08-29	f
Pamelina	jYLnuT	pbonome93@php.net	34022 Sauthoff Trail	2021-01-29	f
Palmer	Gmmat3nHJNN	phorning94@indiegogo.com	8 Fairfield Court	2021-04-04	f
Federico	CKG2VCzQpW	fjane95@reverbnation.com	9 Kim Terrace	2021-03-14	f
Ben	pltoiJP	boluwatoyin96@webmd.com	571 Nova Court	2021-08-27	f
Immanuel	64BHgy7V5	ibowcock97@paypal.com	9 Garrison Court	2022-10-11	f
Benoite	POfsCKQv0g	bpierrepont98@accuweather.com	0 Veith Alley	2021-07-26	f
Willa	aoQzddP69	wshirtliff99@skype.com	1236 Kennedy Hill	2022-06-14	f
Hanna	NCqiodQ7He8	hdeye9a@livejournal.com	347 Redwing Junction	2021-08-25	f
Sawyere	wFJaptC	staber9b@newsvine.com	37 Union Point	2022-07-17	f
Dyana	uvhTzv	dkonmann9c@hhs.gov	8 Dunning Alley	2021-02-07	f
Kain	rK7caL0pS	kmenure9e@wikispaces.com	4343 Rusk Lane	2022-11-15	f
Claudetta	SC5h0ZW0p4	chuddlestone9f@cafepress.com	64127 Sauthoff Road	2021-01-19	f
Tamas	WcBLRqDYbL	tdoble9g@reddit.com	29 Mosinee Way	2022-03-17	f
Sande	6qodtjg	syurchenko9h@home.pl	642 Toban Place	2022-04-29	f
Marlee	wJa6dHRBQe	mmartello9i@state.gov	010 Bonner Place	2021-05-17	f
Josey	A3tt8nIN8ZOl	jninotti9j@cpanel.net	694 Hollow Ridge Parkway	2021-09-13	f
Madalyn	5d5pFOUL	mgilston9k@un.org	078 Karstens Road	2022-01-21	f
Payton	IuzkONJ	pargente9l@google.fr	4 Chinook Trail	2022-01-02	f
Olenolin	gOpckRS3R	odyas9m@tripod.com	17 High Crossing Circle	2022-02-21	f
Phaidra	bLCKsKvJG	pmclucas9n@mashable.com	225 Bashford Point	2021-12-17	f
Raynell	JR3BifuLgg	rgraalmans9o@1und1.de	36531 Grim Street	2022-02-24	f
Hedda	vWvYA7FtgKL	hzisneros9p@prnewswire.com	37 Mcguire Place	2021-12-09	f
Lemmie	fYGls9wQxcEP	lglisenan9q@blinklist.com	4 Norway Maple Place	2021-02-13	f
Reinwald	0MOTLA	rcanlin9r@qq.com	6 Roth Park	2020-12-06	f
Neill	laAdQFoTmvP	nmarginson9s@facebook.com	05990 Village Green Terrace	2022-09-30	f
Fitz	51wkpFh7	fedney9t@sogou.com	01 Sheridan Avenue	2022-09-19	f
Mallory	0z3yoUhwW	mmatteotti9u@phoca.cz	718 Raven Road	2021-08-26	f
Elwin	DCLmSr	etwigg9v@com.com	3481 Memorial Trail	2021-09-30	f
Kordula	0bG3Ng	kblacket9w@mtv.com	363 Anzinger Place	2022-10-04	f
Nissie	mbk01QYI	nroxburgh9y@usgs.gov	79 Amoth Terrace	2022-11-21	f
Lora	gmg1IF0KOxG	larboine9z@yahoo.co.jp	85 Westridge Crossing	2022-03-31	f
Krishna	MnfPlxtT4	khackletona0@twitpic.com	259 Butternut Court	2022-09-16	f
Libbey	3qZNXX	ledgcumbea1@ow.ly	50960 Homewood Pass	2021-07-15	f
Lyndsie	7oyFVZ0JWN	lwidda2@deliciousdays.com	2034 Loftsgordon Crossing	2021-10-19	f
Matthias	3cuXLl	mmeiningera3@exblog.jp	637 Northport Hill	2021-10-28	f
Carissa	UvOnJbZv	csharphursta4@dailymotion.com	99 Swallow Hill	2021-08-05	f
Nonah	nfNGVLPmUT	nburgissa5@quantcast.com	478 Pearson Point	2022-05-10	f
Corrianne	5AoAGpDl	crickhussa6@paginegialle.it	719 Blue Bill Park Drive	2021-06-30	f
Stormi	muOVV8QU72es	sdarwina7@pcworld.com	69 Cody Lane	2021-06-08	f
Xenos	xcfuqDS	xpowriea8@nymag.com	12 Redwing Avenue	2022-07-10	f
Hayes	JT814DZvv	hkeedya9@gravatar.com	59321 Saint Paul Way	2022-08-07	f
Algernon	z5yjnkAYR	awoolvettaa@princeton.edu	4 Northwestern Terrace	2021-08-20	f
Jedidiah	pvtSGwlh	jbritonab@networksolutions.com	5 Roth Circle	2021-12-19	f
Fons	pB2JdgiNCDd	fbernadzkiac@wired.com	3984 Bobwhite Drive	2022-07-28	f
Bird	JuGLTuRIN	bdouglassad@google.it	83628 Sutherland Junction	2022-04-28	f
Elianore	2mSTPxlzOj	etackesae@addthis.com	0 Marquette Lane	2021-11-06	f
Hervey	45cGqgfCY	hmallabaraf@archive.org	5798 Longview Crossing	2021-12-12	f
Theodora	yPEpjh	taffronag@howstuffworks.com	74038 David Way	2021-11-19	f
Oswald	vt7ZS9QYiaEl	orupprechtah@salon.com	70 Alpine Plaza	2022-11-05	f
Alys	BqaX09LHJsH	adutsonai@nymag.com	866 Riverside Avenue	2022-04-26	f
Margaret	ppSzJjL6	mlongdenaj@marriott.com	69 Melby Way	2022-05-24	f
Katti	eGv0jImCC	kgillebrideak@163.com	509 Nevada Court	2021-03-08	f
Joni	VKPhgZXCx	jbrahmeral@redcross.org	8 Warner Plaza	2021-09-15	f
Lucienne	at0FDZECv	lbriggsam@java.com	13 Farragut Parkway	2022-05-15	f
Fiorenze	sDIJb6	fgoochan@soundcloud.com	1 Rusk Road	2022-10-17	f
Mavra	he7CgN	mmanueauao@livejournal.com	21 Melrose Circle	2022-08-07	f
Candide	e6BrPsVwi9KO	clinckeap@ihg.com	75 Donald Crossing	2022-09-25	f
Hallie	8Ks3hec9	hdrinkwateraq@github.com	108 Parkside Park	2021-10-31	f
Carney	5KvDzmkGOC	cordidgear@lulu.com	7 Lighthouse Bay Court	2022-02-16	f
Lock	YpnEos9eYzA	lferrarias@yandex.ru	03822 Drewry Terrace	2022-09-16	f
Ringo	Sou4vSoy	rwalderat@diigo.com	0600 8th Drive	2022-05-08	f
Timothy	Gp4JFbq7Ig	tcrowleyau@ow.ly	883 Holy Cross Road	2020-12-18	f
Jacquette	RsI4dXqkl	jcawsyav@hao123.com	6 Mendota Point	2022-02-13	f
Gusella	IXIwMUHs	ggroutaw@china.com.cn	0640 Briar Crest Street	2022-11-27	f
Gwenette	bJUxvr9l4	ggabbidonax@furl.net	57351 Green Ridge Drive	2021-11-05	f
Eddy	3TYt4WSmV	emcaveyay@paginegialle.it	719 Hoepker Way	2021-08-18	f
Allayne	rE1rbR	ahornbuckleaz@issuu.com	9 Fair Oaks Terrace	2022-02-17	f
Korrie	NXl5JRyzwx9R	kpikhnob0@amazon.co.uk	48004 Shoshone Avenue	2022-08-21	f
Halli	E3fzykT7IX	hmancellb1@mapquest.com	45165 Homewood Trail	2022-01-28	f
Grazia	laG8gIZ6iy	geyerb2@dropbox.com	48285 Becker Avenue	2021-01-06	f
Marchelle	rQxOHKNAQl	mmuttittb3@pinterest.com	70883 Sugar Lane	2021-06-10	f
Janna	UeDSFcE	jrobesonb4@posterous.com	6 Loeprich Plaza	2022-05-06	f
Dalt	6klapRfy	dlumsdallb5@tripod.com	7097 Autumn Leaf Park	2021-10-22	f
Tommie	qE0X3u7lx	tgeeveb6@mit.edu	1853 Northwestern Place	2022-10-30	f
Ave	maTBsJssqd	acurtinb7@psu.edu	4304 Northridge Point	2022-11-22	f
Hillard	eXx8qahixHcm	hrillstoneb8@mysql.com	2954 Service Street	2022-07-26	f
Cortie	rMSGL8	cdarellb9@hostgator.com	2 Summit Lane	2022-10-10	f
Friedrick	zX1FSgJRvY	frintoulba@gravatar.com	9 Lake View Alley	2022-09-04	f
Ofelia	4q4nB7Y1T	osmithemanbb@discuz.net	664 Arizona Avenue	2022-08-13	f
Darbie	4VY8WA1Db	dhatchmanbc@japanpost.jp	05302 Pine View Plaza	2021-05-09	f
Herve	1pX95wx	hhegartybd@microsoft.com	2846 Morningstar Road	2021-01-22	f
Cynde	ewgAF6EtGMu	clecountbe@dyndns.org	83 Longview Alley	2022-03-06	f
Adrien	FPkHf6ji	aloaldaybf@gravatar.com	74 Upham Circle	2021-10-05	f
Anet	jotFrqR2Xs	aandriulisbg@go.com	16 Grayhawk Alley	2022-04-29	f
Filippa	cPyouxx	fwhittekbh@liveinternet.ru	3657 Swallow Junction	2022-06-06	f
Jaimie	QkvgvRDfe	jmewhabi@g.co	7 Petterle Terrace	2021-08-06	f
Moritz	OcNscoh	mseebj@ucoz.com	52 Iowa Alley	2021-01-29	f
Marcelline	t0HHRhi	mwaterlandbk@51.la	59 Alpine Court	2022-02-07	f
Sibeal	YVwd4C5zrVk	sgerdesbm@vk.com	8601 Lake View Plaza	2022-04-20	f
Vick	jbJl5aZZHB	vallawybn@posterous.com	84 Thierer Park	2021-10-08	f
Val	3R6M3ebc	vedelmannbo@ow.ly	14422 Petterle Drive	2021-12-29	f
Mallissa	hqHxgUrvGqqi	mspringtorpbp@storify.com	82587 4th Place	2022-07-18	f
Virgil	vbeDgf65s	vcamposbq@parallels.com	1 Dixon Way	2021-09-13	f
Datha	uzdX3Mwe	dclericoatesbr@wunderground.com	0929 Mcbride Junction	2021-02-02	f
Ofella	CSacTSGEzq9q	opatientbs@moonfruit.com	37 Northview Point	2022-01-05	f
Sandro	qDjVLJr	slosemannbt@cnet.com	73501 Shopko Plaza	2021-05-26	f
Lita	foMBoqiiyJA	lfannonbu@admin.ch	15768 Derek Lane	2022-10-19	f
Sophia	gSuwsZ7Y	sdmitrienkobw@blog.com	77683 Springview Hill	2021-02-05	f
Lotty	obPQbLiF	lfoskenbx@engadget.com	4756 Bay Hill	2021-12-31	f
Zeke	0PsSjv3flUY	zandriessenby@cisco.com	4 Lakewood Drive	2021-12-23	f
Betteanne	XB7yOCFhWk	bliefbz@ca.gov	29469 Merry Trail	2022-10-04	f
Lucky	M76lu9U	ljannyc0@columbia.edu	03635 Helena Alley	2022-12-03	f
Laurene	JnRwTvClBqVM	lchappellc2@themeforest.net	5052 Pierstorff Circle	2022-01-28	f
Malory	XALCdpsY9tS8	mclewettc3@themeforest.net	871 Crowley Pass	2021-06-12	f
Waldon	EmxycL5DKJA	wjellicoc4@yahoo.com	8851 Milwaukee Crossing	2022-08-13	f
Jewel	S45skOWvj	jperigeauxc5@businessinsider.com	59595 Ohio Alley	2021-03-31	f
Jade	6PLm06s	jjewksc6@theguardian.com	4 Magdeline Alley	2022-07-04	f
Valencia	aLJhka	vhendersonc7@businessinsider.com	311 Eastlawn Parkway	2022-05-04	f
Bondy	jDOatFQ	bstrowtherc8@washington.edu	49 Elmside Terrace	2022-05-02	f
Madelaine	CMk7FI59	mtregalec9@mlb.com	8 Monument Road	2022-08-09	f
Lissa	f4hjI0Mt7qtX	lmoundca@huffingtonpost.com	46 Basil Drive	2021-05-17	f
Kyrstin	jgNnAsia	kpavlishchevcb@w3.org	8220 Arkansas Crossing	2021-07-03	f
Bertine	PqR0jKVJBLY	bdibbencc@etsy.com	86141 Hollow Ridge Circle	2021-03-23	f
Kimbra	FRw1iHFlRQY	kcowgillcd@umich.edu	3450 Hintze Crossing	2022-10-03	f
Keen	ci9DygsLYfg8	kzaniolettice@e-recht24.de	31325 Utah Circle	2021-11-11	f
Paola	53OqWCX4n	pschankelborgcf@posterous.com	4 Brickson Park Hill	2021-02-22	f
Maddi	PLftOwwWB1nu	moakwellcg@google.com.au	6 Monica Lane	2021-08-18	f
Armand	4xGChORl	alimrickch@livejournal.com	73 Waxwing Road	2022-11-24	f
Clerkclaude	THn0stDgzfb	cmandyci@mayoclinic.com	3 Golf Course Place	2020-12-29	f
Siusan	o4Hki13Tzikx	sberncj@tripadvisor.com	67756 Vidon Street	2022-10-25	f
Danny	Zbt9vSY	dcaesmansck@list-manage.com	598 Forest Avenue	2022-01-03	f
Jenna	7sgUmKT	jbaughamcl@huffingtonpost.com	72 Di Loreto Parkway	2021-01-13	f
Raynor	i73wGtZ	rdalleycm@cbc.ca	389 Iowa Terrace	2021-07-24	f
Redford	daIZQYA	rmccannycn@pagesperso-orange.fr	1698 Killdeer Park	2021-10-31	f
Ricardo	vH8sHFigQ1wp	rbarleeco@linkedin.com	77591 Scofield Crossing	2022-03-29	f
Beaufort	qlJyTfqH1	bwhittletoncp@cmu.edu	9 Dayton Drive	2022-02-07	f
Ynes	GnfRzqNw29	ycanadinecq@ask.com	7 Mccormick Way	2021-02-18	f
Carmita	RGgHXCF	cskulletcr@europa.eu	089 Westend Alley	2021-03-01	f
Morgen	ldDSbWs6HaG	mheadinghamcs@fc2.com	4 Maple Wood Park	2022-10-19	f
Ilaire	ugUYwarhzJC	ichivertonct@instagram.com	56204 Coolidge Court	2022-09-04	f
Arturo	RpEgFfWjRTpH	acastellacu@ebay.co.uk	80673 Butternut Trail	2021-04-24	f
Daune	i6g39hIkAd	dprobatecv@theatlantic.com	033 Reinke Court	2021-12-20	f
Terrijo	eeXVFNwUGm	tmccrohoncw@cbslocal.com	4130 Dennis Center	2020-12-23	f
Sharla	Z9ztNx0foCWn	sbonsalecx@shutterfly.com	473 Summerview Parkway	2022-02-13	f
Fleur	274QZU0cH	fbinnescy@apple.com	3 Artisan Lane	2022-09-21	f
Milena	k9VFZTjY90e	mhaggishcz@51.la	530 Merchant Hill	2021-05-17	f
Willard	03l7vXuMD	whurlestoned0@xing.com	75 Roxbury Hill	2021-03-26	f
Christie	wjmvXDrh	ccanningd1@wired.com	57 Pearson Road	2022-06-06	f
Jelene	4MYuQvMpLKAO	jpilcherd2@adobe.com	33443 Laurel Road	2021-03-01	f
Kriste	BV7wSc5t72	kgirdwoodd3@utexas.edu	9 Pepper Wood Pass	2022-05-15	f
Cornela	fC3QJrFff6X	cbrandenburgd4@unicef.org	2 Darwin Junction	2022-01-18	f
Alexia	8nhbbUUIjMj5	atorransd5@auda.org.au	1 Florence Drive	2021-12-12	f
Kary	SiVpRbFY3T	ksollisd6@joomla.org	3903 Hooker Terrace	2021-01-10	f
Isabeau	iyQu3GxiY	icoleyshawd8@naver.com	9 Village Terrace	2021-01-28	f
Rhody	3nF5xi2V1	rpavlenkod9@merriam-webster.com	2 Warner Parkway	2022-05-24	f
Merrick	rL7edpw	mdormandda@imgur.com	3616 Hudson Alley	2021-08-18	f
Guendolen	216cxItn	gbirdisdb@1und1.de	0 Mesta Point	2022-07-12	f
Jocelyn	aLE3kgkNto	jedgesondc@java.com	8354 Moulton Road	2021-01-31	f
Lizzie	7O4NcOpq	llghandd@indiatimes.com	5082 Springview Hill	2022-07-08	f
Lawrence	1y13G0	lczaplade@simplemachines.org	4 Maryland Avenue	2021-04-01	f
Birch	c2VEaATsW2	baultdf@biblegateway.com	9193 Arapahoe Point	2021-11-23	f
Benedikta	aDx0zFkXPu	bbyllamdg@marriott.com	92 Blackbird Terrace	2021-06-06	f
Stillman	Ar4OrZURl9mj	smoyerdh@amazonaws.com	50 Lakeland Circle	2022-02-07	f
Davina	VZfwmZCcUU	dbeekedi@unicef.org	01742 Maple Crossing	2022-07-01	f
Inness	xgGPRMP8cZEq	iwathelldj@desdev.cn	1722 Ronald Regan Circle	2021-08-13	f
Leta	OxR4Hgi	lsmorthwaitedk@xinhuanet.com	3820 Morrow Street	2022-04-04	f
Bev	OiojJo	bsymesdl@scribd.com	933 West Road	2021-01-20	f
Alia	ffQMB00mh	aivannikovdn@issuu.com	587 Maryland Road	2021-02-19	f
Hinze	yxaIriieurMm	hcarlssondo@dagondesign.com	5 Morning Place	2021-12-05	f
Darill	5JZo81	dapplegarthdp@domainmarket.com	1582 4th Road	2022-01-02	f
Almire	FjjK3V	aaxlebydq@sitemeter.com	5 Roxbury Street	2021-12-27	f
Bart	UoFOAY2peRJ4	bbuntdr@cdc.gov	98932 Barby Point	2022-11-03	f
Rolph	HEWEypVJqB	rhalfacreeds@rambler.ru	18835 Talmadge Hill	2022-11-28	f
Rois	daDWqWEFgBLT	rmackiedt@vistaprint.com	1 Cherokee Alley	2021-06-02	f
Kellia	fWjo48MtJYv	kkeymerdu@google.cn	243 Green Terrace	2022-10-16	f
Kleon	q01TI9cZvkM8	kwiddicombedv@instagram.com	72078 Cardinal Road	2021-02-14	f
Alfy	69Spym9VMtV	asaledw@earthlink.net	6293 Dahle Alley	2021-05-12	f
Perle	G7qpLvhCG	pwindybankdx@blogger.com	0 Commercial Trail	2021-12-17	f
Shayne	z49AD2Fv6E21	shailstondy@barnesandnoble.com	355 5th Junction	2021-06-19	f
Bess	TO4KWd9QAyP	bresundz@skyrock.com	1 Gina Avenue	2021-12-20	f
Jodi	MSzD9PZypxx	jbeenhame0@xinhuanet.com	865 Moland Junction	2022-01-16	f
Jorey	ch6njmlDpUM	jlindene1@gravatar.com	8800 Annamark Road	2021-11-01	f
Lettie	GToL5Xjzv5f	ltreasadene2@slate.com	9010 Dixon Crossing	2022-06-20	f
Egor	gcKYnoS	eclintone3@netscape.com	17 Dunning Court	2022-02-17	f
Rafa	YKaHx9MxtD	rvallacke4@auda.org.au	606 Vidon Lane	2022-01-17	f
Aprilette	ELNKZ5NbZ	alabeuile5@shutterfly.com	043 Bobwhite Way	2021-11-22	f
Elora	3G9qlXZQJ3Bv	eprivoste7@xing.com	6242 Johnson Center	2022-06-17	f
Odelia	Y8tlOtD3n	ospecke8@google.de	88689 Onsgard Crossing	2022-02-12	f
Belle	jGFyIA	bbourdoneb@netvibes.com	060 Marquette Hill	2021-12-20	f
Josefina	jgn3WgY	jmolandec@hostgator.com	85 Truax Crossing	2022-08-04	f
Huberto	7ND3apmY8vT	hshaxbyed@boston.com	6 Cambridge Circle	2022-07-06	f
Bonnie	d60IgzEK	bmacquistee@a8.net	66995 Sauthoff Park	2022-05-20	f
Stella	DfJNdsli53	sledgertonef@cornell.edu	4 Linden Way	2021-08-05	f
Nikolai	6723PDYS2	nuccelloeg@theglobeandmail.com	65 Farragut Drive	2021-03-20	f
Joline	pZczDnR	jmeegineh@oakley.com	5 Coolidge Pass	2022-10-30	f
Arlin	8QVnydfa9Yh	aallbutei@bing.com	8090 Superior Lane	2022-01-06	f
Fern	T0i5nZqff	fnayerej@ustream.tv	46647 Atwood Point	2021-04-25	f
Melinde	b82urWE	mkinghek@accuweather.com	6 Rockefeller Crossing	2022-07-14	f
Tibold	rs9mqM	tnottonel@pinterest.com	048 Burning Wood Pass	2021-09-21	f
Bryce	4Aqhul	bskarinen@networkadvertising.org	8 Kropf Center	2021-08-21	f
Bridie	HHXr2HB6glz	bshentoneo@newsvine.com	6799 Namekagon Drive	2021-01-21	f
Abigale	dLVrPD	alieep@oakley.com	83456 Red Cloud Street	2020-12-29	f
Ettie	6w0cB8fTEx5E	eambroiseeq@linkedin.com	367 Johnson Lane	2022-07-29	f
Cully	6FOA9zpnkEx	clanstoner@sciencedirect.com	10564 Huxley Drive	2022-04-11	f
Micah	TKXVIuiA5	mbouldenes@hibu.com	5 Del Mar Road	2022-02-12	f
Lisle	g7hAct	lfibbenset@angelfire.com	6 Michigan Junction	2021-11-05	f
Candice	wX9NEz89o6	cyarntoneu@jigsy.com	65 Transport Avenue	2021-01-24	f
Thekla	AVJhKrum3Lr	tfullstoneev@thetimes.co.uk	7 Burrows Road	2022-03-09	f
Dinnie	gE6VkOj	dmcgurkew@gov.uk	4382 Daystar Plaza	2022-07-03	f
Alessandra	UMYiYiUA0	afulliloveex@whitehouse.gov	190 Dahle Road	2022-06-12	f
Boy	3th8JDJ6phu	blesserey@dagondesign.com	80 Havey Alley	2022-04-06	f
Noni	excLNdwn9Q	nalliotez@example.com	7450 Claremont Circle	2022-06-17	f
Wilmar	nnmK1nrc	whailef0@oaic.gov.au	5439 Sheridan Road	2021-09-05	f
Binnie	Zt2ClzkE	bgokesf1@go.com	7 Elgar Drive	2020-12-19	f
Gertrudis	BXfOu0l	gslatefordf2@free.fr	55255 Swallow Park	2022-09-08	f
Mitzi	gnCRbdCBTe	mpittawayf3@mashable.com	7 Waubesa Lane	2022-07-07	f
Nels	nrNk3wUVA	nbourgeoisf4@forbes.com	27 Farragut Way	2021-03-17	f
Elene	LkhlQowZFbnR	ebenf5@shutterfly.com	09 Reinke Terrace	2021-09-01	f
Ximenez	jQNTfmPrj	xcraighallf6@w3.org	44 Messerschmidt Hill	2021-09-05	f
Timi	2XP2EQhJd	tboolf7@deliciousdays.com	63434 Corry Circle	2022-04-22	f
Ivy	CazwZA	ifewf8@shutterfly.com	83 Fairfield Court	2021-01-01	f
Shaw	Nhomi1AEST53	starbathf9@livejournal.com	2 Elgar Street	2022-03-08	f
Craggy	z4hpNO	cewanfb@lycos.com	177 Boyd Point	2022-09-06	f
Kaela	D5nxj56OgS	kascroftfc@wikia.com	69920 Ridgeview Crossing	2021-06-01	f
Killy	tox19yHTI	kowenfd@nydailynews.com	66193 David Avenue	2021-08-02	f
Lynn	vNiEEgMxUOe	lhagartfe@nationalgeographic.com	1075 Norway Maple Alley	2022-04-24	f
Konstantin	WUeqr1Q16iu	khowisff@privacy.gov.au	91701 Esker Junction	2021-09-14	f
Izabel	UcApzJ	ibodemeaidfg@samsung.com	99530 Mandrake Court	2021-04-21	f
Lynett	VNDmcL	lmartinsfh@yolasite.com	9 Center Alley	2021-07-17	f
Corena	MrP8EI	cgosfordfi@adobe.com	87 Burning Wood Alley	2020-12-06	f
Nike	sMx76AgO	neverissfj@salon.com	31639 Merchant Trail	2021-08-23	f
Jamie	jBETp0l	jkernaghanfk@odnoklassniki.ru	12 Montana Crossing	2021-04-29	f
Angelia	vrxkV4UrFw	abuncombefl@shop-pro.jp	12 Waxwing Plaza	2021-02-23	f
Ignacius	UOAobk	imilesapfm@adobe.com	9360 Messerschmidt Circle	2021-01-14	f
Sebastien	fAVlLMAHc6	svaughtenfn@springer.com	962 Old Shore Plaza	2022-03-22	f
Lidia	ZURK5d	lfearonfo@list-manage.com	04 Larry Court	2021-11-03	f
Myrah	EwES8njbyAbk	mdanilchevfp@bizjournals.com	0544 Claremont Alley	2021-01-22	f
Pearce	8GweWkpJ	pwellstoodfr@economist.com	2 Mifflin Circle	2021-08-24	f
Anette	QjQDmf	aberndtssenft@amazonaws.com	90 Myrtle Court	2022-04-08	f
Garald	sf8l9V2K8in	gfautleyfu@ebay.com	248 Eagan Way	2022-09-04	f
Patti	359ghMaoY	prheubottomfv@google.com	3947 Huxley Plaza	2022-09-11	f
Giacopo	3FvCZtP	glonghornfw@auda.org.au	9 Dawn Center	2022-11-11	f
Cristiano	Akk4TTS	ctearneyfx@squidoo.com	6523 Service Center	2021-11-27	f
Mahmud	A4sdIPvJ6XDi	mpanchenfy@google.pl	8416 Jana Junction	2022-06-05	f
Kevyn	Q1aYn9h5aJ	kmaccreag0@guardian.co.uk	22321 Shoshone Terrace	2022-04-11	f
Oran	vH8h5dFPBFc	oeastbrookg1@cloudflare.com	416 Clyde Gallagher Circle	2021-05-12	f
Adelheid	qZDIsr6lKS	awhymarkg2@ft.com	84021 Chinook Center	2021-11-13	f
Kenn	tPhYtKmXMztK	kmaccarrollg3@angelfire.com	177 Clyde Gallagher Center	2021-11-03	f
Sonnie	skg5SlJ5C	sbodegag5@ask.com	93 Service Drive	2021-08-16	f
Ezra	wGxuktVm9	emckellarg6@rediff.com	52 Forest Run Hill	2021-03-14	f
Tannie	KJUC0UVJWP0	tsigarsg7@seattletimes.com	6 Kinsman Street	2021-05-13	f
Libbie	LOwzaw1	lbarochg8@boston.com	6007 Everett Point	2021-09-27	f
Harlin	3ObxrZge	hcaddockg9@vinaora.com	28 Rieder Street	2022-12-04	f
Georgia	mIL4YOz0ZC	gcolgravega@bbb.org	74401 Division Hill	2021-03-21	f
Sybyl	3uXwch70HY	sspurettgb@ucoz.ru	4234 Warbler Trail	2021-06-22	f
Henka	XeOIpYUxZ	hwhightmangc@goo.ne.jp	33102 Sycamore Junction	2022-09-12	f
Danie	gdpGKVjW	dyegorkovgd@oaic.gov.au	204 Goodland Hill	2021-08-26	f
Barbara	U8Id3o1za	bkellandge@photobucket.com	82 Morning Hill	2021-09-28	f
Carmine	gnjyTok7tZG	csineathgg@netlog.com	34717 3rd Alley	2021-06-14	f
Sherie	aWp9dU	schartresgh@patch.com	871 8th Way	2021-03-01	f
Tarah	qFX1jxffZp	ttoddgi@sbwire.com	802 Rigney Drive	2022-10-30	f
Pier	Rx7f7ftQ	prusbridgegj@thetimes.co.uk	9197 Kipling Park	2021-12-07	f
Robbyn	gF72l4qUEUP	rboughtwoodgk@nationalgeographic.com	78 Parkside Pass	2021-06-15	f
Jose	H4XnWJuU	jabelesgl@weather.com	78548 Ohio Center	2022-10-12	f
Thelma	HEDkHHmC	tnorridgegm@squidoo.com	23 Larry Way	2021-07-10	f
Abrahan	yvo1hYK	acodagn@typepad.com	56 Anhalt Court	2021-01-26	f
Hobey	PR3RH9KMr	hwranklinggp@free.fr	87 Moland Avenue	2021-05-19	f
Gradey	KUIJl9QSt	ggheorghegq@cargocollective.com	31218 Mcguire Court	2022-05-29	f
Gabbey	M9ky2yYE	gcraigheidgr@house.gov	99 Hayes Alley	2021-12-22	f
Avie	AheKpTHbagWj	ateeneygs@eepurl.com	44 Carpenter Alley	2022-05-18	f
Joelly	YBJuDizDk	jlecountgt@so-net.ne.jp	8 Donald Center	2022-06-21	f
Elonore	i8LPjnXiA	eroyansgu@jimdo.com	47404 Laurel Parkway	2022-09-07	f
Gerda	6Hz7hIZkER	gpinsongv@merriam-webster.com	424 Katie Road	2020-12-29	f
Arleta	L6C90YX	adarkegx@artisteer.com	66920 Glacier Hill Circle	2022-02-22	f
Jessamyn	rLxREd	jkernesgy@liveinternet.ru	7 Donald Place	2022-11-14	f
Cletus	AOIJOUH1Bfi	cpettittgz@europa.eu	84 Myrtle Alley	2021-04-23	f
Michael	PkHOY4eyj8UD	msaintpierreh0@independent.co.uk	28 Garrison Point	2021-03-30	f
Caspar	Ylrm84	cballendineh1@fc2.com	305 Sage Hill	2021-10-14	f
Opalina	zEbF6PMI	ohyamh2@shareasale.com	44 Glendale Junction	2021-10-04	f
Gene	Rv4OCrKSKM	gpieleh3@list-manage.com	71 Upham Plaza	2022-10-25	f
Kayne	TV45CNz	kbansalh4@cbsnews.com	078 Darwin Way	2022-05-23	f
Osbourne	juBJIcvN	otippinh6@ucla.edu	11 Elmside Drive	2021-12-26	f
Venita	bxLCpyKsU2h	vmiskellyh7@bing.com	816 Bluestem Crossing	2022-01-02	f
Frederich	PGMeRUPWjmbi	fpepperdh8@usatoday.com	461 Marcy Terrace	2022-04-26	f
Charley	Pf9HLx	cmerleh9@freewebs.com	7231 Di Loreto Plaza	2022-10-15	f
Ester	Hkh3Pf	eruckledgeha@ftc.gov	6408 Sunfield Drive	2021-12-03	f
Johna	XacCF0g2	jlileyhb@webs.com	15 Tennessee Plaza	2022-10-19	f
Arlee	Es7bf4XEUBTo	aboxehc@google.ru	3580 Pond Point	2022-08-20	f
Dag	8lWrdbl	ddochartyhd@sun.com	9 Pennsylvania Pass	2021-07-07	f
Maddy	kXoxVi3UOn	mbazleyhe@twitpic.com	3 Cordelia Parkway	2022-07-03	f
Jon	9uflhkA	jomondhf@mediafire.com	38 Hintze Terrace	2022-10-31	f
Salem	tqLStgczjr	sdykehg@usda.gov	7 Eagle Crest Circle	2022-04-04	f
Leah	Xh21esWF	lleheudehh@woothemes.com	8 Macpherson Court	2021-02-15	f
Leicester	GmftqVEsU6O	lcalowhi@topsy.com	8782 Independence Avenue	2021-12-28	f
Janey	Kh2OjY	jyersinhj@blogtalkradio.com	712 Becker Parkway	2022-04-30	f
Row	7qL1r3	rdoulhl@theguardian.com	4925 Troy Street	2021-05-19	f
Heather	P5Q7swIm3wr	htrangmarhn@mashable.com	599 Forest Run Terrace	2021-11-04	f
Lin	mhVTTRKYp	lswitsurhp@google.fr	2771 Spenser Junction	2021-12-04	f
Jemmy	2L4Mwvd	jbyfordhq@flavors.me	39 Forest Run Crossing	2021-02-04	f
Ermentrude	ULe0WO	elegallohr@spiegel.de	537 Delaware Place	2021-12-22	f
Leda	9R6twHnCa1	lrogierhs@domainmarket.com	34240 Little Fleur Junction	2021-07-12	f
Arabella	sqonEtgk	apinneyht@sogou.com	677 Sommers Junction	2022-11-28	f
Leann	tDmaAXkrWFnC	lsemorhu@reference.com	9 Moose Park	2021-11-12	f
Claybourne	lhT9ZAJgn9	cfitzsimonhv@imageshack.us	220 Packers Court	2021-11-05	f
Rose	CUxg3Yv	rwaldrumhw@newsvine.com	5 Cardinal Center	2022-09-20	f
Goldi	J3iaW8QTG8e	gfrowenhx@toplist.cz	45984 Park Meadow Pass	2022-01-30	f
Merna	yDI0Kpuelo	mcasseldinehy@netvibes.com	1407 Rowland Place	2021-10-06	f
Myranda	REqKW8DjB	malldrehz@miitbeian.gov.cn	1 Shopko Street	2021-06-01	f
Archaimbaud	rmkEQT	athiolieri0@ca.gov	0605 Lakewood Gardens Plaza	2020-12-25	f
Emilie	DorQMF4	etaklei1@weebly.com	3639 Hovde Terrace	2022-06-17	f
Lee	UVTNYo9KEr	lportchmouthi2@forbes.com	0073 Melby Point	2022-05-08	f
Diego	tmMdWHQbM8KU	dradbandi3@google.it	2 Fair Oaks Court	2021-03-13	f
Manuel	PlTtJ6X0QvA	mdorkini4@cdc.gov	56 Canary Court	2021-04-12	f
Olia	NerxtD96Oz	ogummeryi5@vistaprint.com	159 Mifflin Circle	2021-07-30	f
Minette	MkoXXJjXYCOc	mcroftsi6@lycos.com	167 Westerfield Junction	2020-12-13	f
Mindy	FkHnJu7YF	mcammishi7@ihg.com	39144 Loftsgordon Center	2022-05-26	f
Stacy	wT6kJHevTwuR	sdymicki8@devhub.com	165 Merchant Parkway	2022-10-30	f
Elliott	8Z3Vtx5FT4jn	emabeyi9@instagram.com	25851 Grim Court	2021-09-10	f
Clarice	ju1i2pkdtUm	cguinnaneia@bandcamp.com	1626 Haas Street	2022-03-02	f
Romain	WJDrP9	rcholdcroftib@huffingtonpost.com	7767 Sullivan Point	2022-04-11	f
Mel	HofDZmA	mbowyeric@guardian.co.uk	0 Canary Pass	2021-03-18	f
Justin	VSHEUlPDTmJ	jfreathyid@rediff.com	2084 Scoville Crossing	2021-07-11	f
Wynnie	Iwvfnef8p72	wpittleie@mediafire.com	73 Blue Bill Park Center	2022-04-03	f
Desi	std5JBmicS70	darndtif@guardian.co.uk	530 Brown Lane	2021-06-03	f
Obadiah	3SeR89Oa	opimmockeih@youtube.com	165 John Wall Plaza	2021-04-25	f
Marley	F982jXt8aW	madelmanii@europa.eu	8841 Coolidge Pass	2021-09-03	f
Anneliese	EZGaONI	ascottrellij@slideshare.net	2 Almo Alley	2021-07-12	f
Alejoa	lTwiT3ez1X	ahobbertik@qq.com	4512 Eastlawn Road	2022-08-19	f
Murray	E3GLyi3J	mspurrieril@creativecommons.org	6671 Warbler Circle	2021-03-05	f
Christalle	eiHpPkDfA	cdekeepim@cbc.ca	88 Pawling Circle	2022-07-11	f
Pren	Rr84yAi9wpL	pgiampietroin@g.co	64 Heath Pass	2021-12-13	f
Bordie	FS0wYsdVNWp	bebbageio@princeton.edu	3 Eagan Parkway	2022-02-27	f
Siegfried	PEAe6q	stayloeip@histats.com	72 Hanson Circle	2021-02-17	f
Griffy	iRNQS4CIPF	grenishiq@walmart.com	8 Lawn Parkway	2021-08-30	f
Michelle	XZ8GLMv0	mwiddowfieldir@engadget.com	4 Garrison Pass	2021-01-13	f
Ryan	izZIrLjfv	rkurtisis@networksolutions.com	480 Graceland Drive	2022-09-21	f
Flss	UkicB41j	fgutersonit@naver.com	19 Garrison Crossing	2021-09-23	f
Trudie	jPPlsWM44Pc	tgrolmanniu@archive.org	3 Chinook Circle	2022-08-06	f
Jaymie	PhFlsA0l	jveazeyiw@earthlink.net	83889 Talmadge Drive	2021-05-09	f
Lorne	8ubKsgGfTMl	lpeagrimix@seattletimes.com	06 Rieder Terrace	2021-03-30	f
Dian	aTLTadyqu87f	dlouwiy@cnn.com	47699 Grayhawk Parkway	2021-08-21	f
Orelie	biJp9qjD	omaccaugheyiz@hao123.com	3 Del Sol Point	2021-05-18	f
Gillie	kgqHuL	grushsorthj0@123-reg.co.uk	96 Sullivan Street	2022-09-13	f
Lynde	A2iLuBw	lcogganj2@army.mil	85490 Anzinger Junction	2022-10-27	f
Edee	pD5TPwtJjtZ	ematussowj3@lycos.com	67 Shopko Drive	2021-08-10	f
Luise	UE01CcJWjaY	lbilbyj4@army.mil	7 Esker Pass	2021-11-11	f
Umberto	rhwszNM958M8	ubatistej5@spotify.com	4 Gina Hill	2021-12-18	f
Olympe	vSo5EZ8	ohulsonj6@linkedin.com	4708 Ludington Center	2022-09-05	f
Alano	bwDKE5xZ93	adebeauchempj7@delicious.com	20803 Lerdahl Avenue	2021-09-23	f
Olive	LD6tWkvYl	obeckerlegj8@myspace.com	32228 Londonderry Avenue	2021-12-08	f
Catherine	urVuJG6krn	cstoutherj9@vk.com	65520 Shelley Trail	2021-11-14	f
Miranda	tgORyeKee	mlapsliejb@tumblr.com	8682 Anzinger Drive	2022-04-24	f
Mathilde	pJP47um	meymerjc@pbs.org	250 Doe Crossing Parkway	2022-09-01	f
Alexandro	IuZEuAcB	adowryjd@walmart.com	39 Ryan Terrace	2021-04-11	f
Cleve	mROuTpWxgNxL	cbramallje@linkedin.com	91035 Corry Lane	2022-02-23	f
Raul	5wuxSeZwuPj	rcrannajf@ask.com	83 La Follette Point	2021-06-28	f
Wilhelmina	jUd2rs	wbranchettjg@goodreads.com	45714 Southridge Drive	2021-06-04	f
Guglielma	TjKO9KNhdv	gmeeganjh@creativecommons.org	55 Paget Way	2021-12-21	f
Lacy	D8rSvjyT3fvs	lkarolczykji@walmart.com	242 Buhler Center	2022-10-09	f
Rafi	xfjNMl4	rrowettjj@wikispaces.com	9117 Cottonwood Terrace	2022-10-22	f
Kizzie	KHu8rDTm9	ksmithjk@amazonaws.com	4 Doe Crossing Hill	2022-04-28	f
Arline	DReCftv	adillowjl@techcrunch.com	5832 West Road	2021-08-28	f
Daniella	TedW7UxfA	dgoshawkjm@theatlantic.com	53 Veith Point	2022-01-08	f
Butch	ZMlJSSDV	bmancerjn@github.com	49312 Meadow Valley Circle	2022-09-20	f
Nichols	9Rlo9oTyaJ	ndanielsjo@chronoengine.com	262 Colorado Terrace	2022-10-21	f
Parsifal	6wYHvmr1UD4b	pgoulstonejp@salon.com	0 Shopko Hill	2021-08-31	f
Silvio	UsoMHfxw	sgowanjq@dyndns.org	13 Oneill Street	2021-06-27	f
Berrie	4DFtLAldgc	blewinsjr@mayoclinic.com	3 Buena Vista Pass	2021-07-24	f
Marshal	JPZCSWiJ8	mjenkersonjs@oakley.com	66 Dottie Circle	2021-07-13	f
Caralie	Q3pfgh5e9t	cissacjt@patch.com	8958 Southridge Drive	2021-07-20	f
Robina	4wowGyV	rchivertonju@ifeng.com	56730 Crowley Parkway	2022-11-14	f
Tedmund	NfyKrYRlsO	tmcgingjv@macromedia.com	90 Melody Trail	2022-11-16	f
Reube	N6wRnxXz7L	rskilbeckjw@nba.com	9161 Shoshone Pass	2022-07-10	f
Billie	5QueFIdbdZ	bmaymondjx@salon.com	6 Bayside Junction	2021-06-26	f
Annabelle	0Ky2KKjT6	abreesejy@artisteer.com	241 Southridge Crossing	2022-03-08	f
Archie	T2AeRCI	afarnfieldjz@gizmodo.com	9 Graceland Parkway	2021-01-28	f
Maura	YR32Pl7yhGh	mschneidark0@cdbaby.com	4 Aberg Park	2022-01-02	f
Bria	wSTMFPHh1o	bwhitneyk1@tinyurl.com	04 Rieder Center	2021-02-13	f
Misha	yGtaKPgDzc	mhurichk2@printfriendly.com	492 Russell Park	2022-03-12	f
Madison	F53eOi	mkalischk3@msu.edu	7988 Atwood Way	2022-08-31	f
Dacy	6g0wzaIVUm	deliyahuk4@dagondesign.com	7455 Golf View Center	2022-09-16	f
Artus	iWRJjzo2VuP	alandrethk5@1688.com	72 Buena Vista Plaza	2021-02-07	f
Cheryl	4DquPOEinyq	cboydak6@gov.uk	889 Eastwood Junction	2020-12-13	f
Wynne	TBTzg9bPf9x	wgladbeckk7@boston.com	9 Cambridge Terrace	2021-07-23	f
Edith	GwA4T7yjB	eglassfordk8@google.co.jp	190 Garrison Crossing	2021-08-12	f
Putnam	pk2sK1	peyesk9@reference.com	48365 Pennsylvania Pass	2022-02-19	f
Filmore	e0MbVY7hy4Kz	fkippinska@github.io	914 Scoville Court	2021-11-25	f
Catherina	SI6HWX	cbourdonkb@cdbaby.com	594 Corscot Parkway	2022-09-28	f
Nerita	JfApAdNz	nvalentinettikc@dmoz.org	0 Schmedeman Junction	2021-08-13	f
Virgilio	kEOwGYW2S	vbelwardkd@taobao.com	4 Green Ridge Hill	2021-11-15	f
Flossie	CTYwgROmM	fvettoreke@dagondesign.com	09827 Farragut Street	2021-12-21	f
Bunni	dIwiEskiA	bgounetkf@mit.edu	78 Texas Street	2021-02-22	f
Tammi	iXVlZhi9CTJb	thowchinkg@abc.net.au	06291 Myrtle Way	2021-04-29	f
Shaun	Ze563T2eoer	sbirkmyrekh@jalbum.net	30 Farragut Road	2021-09-25	f
Annaliese	MmZwpd6HA	aragdaleki@angelfire.com	78708 Delladonna Point	2021-03-28	f
Judas	uUn0t1gDSg	jbaystonkj@europa.eu	5 North Junction	2022-10-05	f
Richy	x9gZpL	rcurrmkk@technorati.com	9580 La Follette Alley	2021-12-14	f
Valentina	0QeLtxNF1qZJ	vstookkl@wufoo.com	423 Meadow Vale Hill	2022-07-04	f
Michel	uzL3ZGYFN	mpottingerkm@reverbnation.com	34347 Burrows Point	2021-05-02	f
Octavius	ESPQ9qJ	olemarkn@msu.edu	07 Doe Crossing Lane	2021-05-25	f
Rolf	tIgSPtQ	rshewringko@dot.gov	78675 Summit Circle	2021-09-23	f
Tobias	f3urOcDS	tborelandkp@sbwire.com	9 Hagan Park	2022-01-07	f
Elyn	XxSP0S5l3x	eyokq@unesco.org	82455 Marcy Alley	2022-04-06	f
Neddie	gF2S2Oq	nfarranskr@facebook.com	6657 Riverside Road	2021-06-14	f
Maud	XPMm0PhchXE	meckelsks@oakley.com	3 Blackbird Junction	2021-04-27	f
Townie	mz7KN26AoxJ1	tfernskt@eventbrite.com	77225 Mockingbird Pass	2022-03-13	f
Ariel	3sFQVno	achrispinku@blinklist.com	0369 Scott Lane	2020-12-30	f
Fergus	WSTqtno	fmattaserkv@amazon.de	209 Columbus Way	2022-07-14	f
Wiatt	hYwMDzz8ciWr	wlaxstonkw@xrea.com	0 Cherokee Junction	2022-10-27	f
Tara	cF0XjIs	tblackeslandkx@bigcartel.com	745 Debra Court	2020-12-11	f
Yoshi	s7Bt1xcEre	ytiptonky@mayoclinic.com	16 Lakewood Crossing	2021-01-03	f
Ancell	yRTydP	amchargkz@angelfire.com	3 Lake View Point	2022-04-05	f
Jacintha	maUzZPclOmAc	jbergetl2@goo.gl	40280 Rowland Drive	2022-02-02	f
Tyler	zwFQ2pliNZFy	tgyppsl3@networksolutions.com	64018 Onsgard Center	2021-02-15	f
Faun	fLng1TGHY	fboriball4@ow.ly	063 Farmco Park	2021-12-12	f
Denny	glDZK0rOS72F	dyterl5@accuweather.com	1 Sutteridge Junction	2022-02-05	f
Ephrayim	4uKFNt	ebrunkel6@mayoclinic.com	63 Lerdahl Drive	2020-12-09	f
Martha	r8JEFcr8J8	mcrutchfieldl7@shop-pro.jp	52568 Burrows Drive	2022-09-26	f
Anne	28riwVV	afaustl8@joomla.org	51843 Heffernan Alley	2022-02-18	f
Mort	Vr5W378S8aY	moflahertyl9@blogtalkradio.com	86837 Memorial Court	2022-09-29	f
Beverley	ttsNv8FtK1	bgreaterexla@arizona.edu	4 6th Parkway	2021-11-17	f
Tamarah	hWKcCokO5	tholburylb@drupal.org	76316 Corry Place	2021-06-01	f
Kania	IKsiQfq8uQ	kfillarylc@gmpg.org	16 Rigney Trail	2021-10-29	f
Annamarie	HduIDn4n	aclampeld@epa.gov	11220 Chive Road	2021-10-20	f
Germaine	paQkuca	gmurcuttle@booking.com	6 American Ash Circle	2021-03-08	f
Emelyne	YaNzte9LUkw	echecchilg@live.com	9 Schmedeman Terrace	2021-05-17	f
Maureen	TYhQ5ugIbq2	mwikeylh@bbb.org	98 Havey Lane	2021-04-15	f
Loella	o7GyZ9	lhelbeckli@npr.org	49 Golf Course Hill	2021-06-12	f
Hollyanne	H95a7f3W0qH	htrewhellalj@alibaba.com	17018 Mariners Cove Alley	2022-04-11	f
Dacia	fC3VZsDM	drawlingslk@foxnews.com	40695 Warrior Crossing	2022-05-27	f
Bettina	OgkUep9B	bvasichevll@cpanel.net	92390 Shelley Way	2022-03-10	f
Neron	CLREHacDx2m	noffelllm@biblegateway.com	23449 Mosinee Circle	2022-08-14	f
Davidde	Oexpcul492	dsurmanln@ftc.gov	4 Laurel Drive	2021-07-09	f
Ciro	fs2FDNFfqJv	cmiddlemasslo@jalbum.net	8366 Grover Alley	2022-09-30	f
Evanne	1nBL2z1qID	ecuttleslp@army.mil	16597 Messerschmidt Avenue	2021-01-15	f
Sonia	MWGZvEpIG	showtopreservelr@smugmug.com	7809 Talisman Way	2020-12-22	f
Pietrek	7DqCvrry0y8z	pchangls@php.net	10408 Rusk Hill	2022-09-11	f
Jess	NLWiN7h64Q	jdenisolt@meetup.com	85 Acker Hill	2021-02-15	f
Vidovic	PDqSCUKRW7	vfawleylu@etsy.com	5 Waxwing Center	2021-12-06	f
Rich	ZrtFCk	rcourslv@people.com.cn	493 Sycamore Trail	2021-04-02	f
Irvine	3T1vQWYSb	iarchardlx@e-recht24.de	639 Heath Point	2021-12-23	f
Danit	JVKbmBAfrCfz	dcattowly@freewebs.com	52 Novick Parkway	2022-05-18	f
Brant	tVjIE9bpCH	bbrimilcomelz@adobe.com	07 Derek Drive	2022-04-24	f
Kelcie	6hex6XergDZ	kbacksalm0@paginegialle.it	43 Fisk Parkway	2022-04-23	f
Tatiana	46Mu07	tguerinm1@amazon.co.jp	1 Basil Crossing	2021-09-08	f
Leia	Lwrqsn8q	ljeandotm2@senate.gov	3 Pennsylvania Way	2021-11-13	f
Salomi	z27TkJhhVc	ssemeradm3@friendfeed.com	86 Prairie Rose Point	2021-07-29	f
Quinton	UuQzYMq3	qoransm4@earthlink.net	253 Acker Street	2021-08-17	f
Roderich	ga2BEOYZFo	rgallahuem5@example.com	54517 Troy Lane	2022-07-23	f
Giselle	PEayF5	ggeraschm6@sbwire.com	2 Marcy Place	2021-04-14	f
Agosto	7xHJmw8q	agoslingm7@weibo.com	97868 Manitowish Alley	2021-04-12	f
Kira	kPDfboqT	kchristleym8@unicef.org	9154 Crest Line Court	2022-11-15	f
Emery	E9CdmdW	ecorsem9@psu.edu	331 Schmedeman Trail	2022-11-15	f
Angelico	mVdTizdjBKKi	acurmanma@cnet.com	3 Grover Center	2021-03-25	f
Meaghan	bpA55ZGQ	mpesekmb@symantec.com	6866 Hansons Circle	2021-07-09	f
Caroline	3lMAsV	cyirrellmc@ezinearticles.com	1379 Havey Pass	2021-07-25	f
Corinne	U7120XaG	cyarwoodmd@statcounter.com	998 Forest Point	2022-12-04	f
Mile	ayvDhn5NEZ	mfairbeardme@bing.com	105 Dayton Junction	2021-10-05	f
Caria	RN3Z640	cbowersmf@technorati.com	2 Duke Court	2021-04-05	f
Alison	jdAiZi	amullenmg@blogger.com	736 Steensland Lane	2021-01-24	f
Sherwood	UIGrNo1kVWaJ	spaceymh@wikia.com	81 Magdeline Pass	2022-07-30	f
Rowland	uwRKlLh7jb	rtiesmanmi@unicef.org	68 Susan Drive	2021-01-04	f
Ulrikaumeko	zZ5Bt1g7	uriggertmj@naver.com	97771 John Wall Court	2021-05-21	f
Brittany	H3zdsPD9X9	bcleetonmk@wikimedia.org	2390 Main Avenue	2021-09-22	f
Meredith	PMQJtfGH	mhacquoilml@archive.org	458 Fremont Point	2022-03-15	f
Wainwright	lzFznXvoU	weleshenarmm@smugmug.com	37 Bay Center	2021-04-14	f
Nanci	GXBr02gfqNUS	nfarnellmn@cnn.com	1566 Anthes Alley	2022-03-11	f
Maighdiln	2cgsKQwP	msouthallmp@geocities.jp	8 Darwin Crossing	2022-03-05	f
Rosabelle	c4gSrbGte	rgreswellmr@spotify.com	8043 Schmedeman Park	2022-02-25	f
Erny	c1rfJR1e1l	edalmanms@github.io	69557 Transport Avenue	2022-10-14	f
Maressa	UilGbizmGj	mreditmt@1und1.de	00 Glacier Hill Plaza	2022-02-22	f
Bourke	VRc0zhja	btreacymv@patch.com	41472 South Crossing	2021-02-15	f
Dennet	JKWo6SsaDN	dtunsleymw@1und1.de	4036 Dayton Hill	2021-03-31	f
Joli	DcwnZmCZP	jabbatuccimx@hexun.com	4 Blue Bill Park Alley	2021-12-18	f
Kaylyn	OM50K8fa	kgilbanemy@cbsnews.com	623 Lindbergh Drive	2021-09-15	f
Llywellyn	b4Gpov4	lguerolamz@theglobeandmail.com	27 Melrose Trail	2021-08-03	f
Brennan	TDiZw3	bmyfordn1@xing.com	2947 Autumn Leaf Court	2021-09-04	f
Jarred	BmTUwzvpTuf	jgrollmannn2@netscape.com	90 Graedel Crossing	2022-06-15	f
Farrand	O9fo0f05	fneylann3@cocolog-nifty.com	3 Donald Lane	2021-05-22	f
Myrtice	rQnPzXvic7zr	mblackstern4@home.pl	1 Sutteridge Hill	2022-04-18	f
Ermina	AYz6Jq6	ehawsonn5@macromedia.com	89427 Farmco Center	2022-07-19	f
Shel	tS8sCPog	spohlken6@imgur.com	44152 Prentice Road	2021-06-23	f
Emelita	jS84XOurE	ecamamilen7@printfriendly.com	8157 Pepper Wood Road	2021-12-05	f
Antonetta	suMNDWCIWZ	abossn8@ycombinator.com	46713 Rutledge Point	2022-04-14	f
Revkah	BCTY3m	rkalkoferna@google.com.hk	9882 Starling Point	2022-05-26	f
Nollie	ME7Fje	nrebillardnb@dyndns.org	609 Evergreen Circle	2021-12-01	f
Moira	8hLYBMSedf	mperllmannc@economist.com	3779 Lerdahl Drive	2021-12-19	f
Lissy	OSfJg3kYp	lchadneynd@networksolutions.com	38 Debra Way	2021-05-09	f
Dionne	bmsMFmAh4C	dhakonsenne@e-recht24.de	98059 Porter Road	2022-07-24	f
Trish	TAdj7ii	tsisselnf@youku.com	2049 Vernon Point	2022-07-27	f
Buddy	yuWEOUpwYB	bbiagining@bandcamp.com	5 Kinsman Alley	2021-10-01	f
Gwen	iO9fBetd3	gbalazsnh@ox.ac.uk	530 Westend Parkway	2022-10-18	f
Fernandina	TlHRbnlGUoE	fbaylessni@yandex.ru	543 Raven Crossing	2022-07-22	f
Maxwell	9znV9NTAt	mabramofnj@netlog.com	64977 Heath Alley	2020-12-11	f
Munroe	YradWEPo3Re	mbarczewskink@twitter.com	1687 Crowley Point	2022-01-08	f
Vladimir	LQZbUx9	vsindellnm@oaic.gov.au	914 Aberg Alley	2021-02-26	f
Curcio	vACcAf	ctremblettnn@nhs.uk	95 Sheridan Road	2021-01-27	f
Moore	yHOuYfsNy	mdugmoreno@mac.com	17 Merchant Crossing	2022-07-22	f
Monique	KBIES9gpR2	mludfordnp@disqus.com	43765 Lien Junction	2021-08-14	f
Veriee	SHRbBxYw	vgennns@creativecommons.org	8340 Macpherson Place	2021-09-26	f
Kahlil	TC17rySkgBiY	kpercevalnu@google.pl	01 Jana Drive	2022-10-15	f
Elysha	QTY5LjIiH	eblowinnv@virginia.edu	4 Stephen Place	2020-12-15	f
Denice	kixLhEB6z	dbrimfieldnx@last.fm	84374 Manley Plaza	2022-09-11	f
Darelle	MPuQI0G4oPgz	dholtomny@geocities.com	0 Bellgrove Street	2022-04-07	f
Krystalle	WceM5x7i	kmatthewsnz@ning.com	1232 Mendota Court	2022-08-13	f
Gaylord	oU2qs9Uqr	gtrano0@webeden.co.uk	6 Delladonna Drive	2022-10-16	f
Otha	xgHEhEtHxo1	ohaackero1@elegantthemes.com	3677 Corscot Way	2022-07-22	f
Wright	5n8rLAQ	wapperleyo2@blogs.com	146 Lawn Park	2021-01-10	f
Ezekiel	1bfgMDhbK	emartyntsevo3@surveymonkey.com	1 Kropf Place	2022-07-12	f
Hercules	qkCHqOKNq	htrutero4@state.gov	9 Fair Oaks Circle	2022-10-30	f
Farrel	gAu5B0KH7XZ	fhowisono6@webnode.com	85715 Service Point	2021-07-23	f
Brade	7y39Lvg83n57	bciobotaruo7@odnoklassniki.ru	25 Kingsford Center	2022-02-08	f
Zelda	e7ry7Nb	zcraighallo8@europa.eu	46555 Old Shore Avenue	2021-02-08	f
Franciskus	vobAzUDKxG6	flinningo9@si.edu	08 Debra Pass	2021-07-03	f
Noe	hkV12amQ	nclausenthueoa@jigsy.com	052 Coleman Trail	2022-01-18	f
Patrice	ZNrZHkkr	pmaccorleyob@shop-pro.jp	3 Grayhawk Avenue	2021-03-16	f
Marius	bNro2lboXV	msleanyoc@xrea.com	7 Huxley Alley	2021-02-21	f
Oberon	vMKje03	oaizkovitchod@cisco.com	0 Northview Avenue	2022-03-06	f
Neil	ekTQuIjTcD7	nplainog@unc.edu	94 Butterfield Way	2021-09-03	f
Hubert	fbZwpW	htickoh@yelp.com	16388 Kipling Pass	2022-08-09	f
Clotilda	hS0n7XuU7C	cbyrthoi@fda.gov	32 Claremont Avenue	2022-01-26	f
Shawn	dSHwfsPxa	sfreddioj@about.me	86795 Luster Street	2022-07-19	f
Estrellita	C59w3u	egarnsonok@myspace.com	95 Mifflin Plaza	2022-04-21	f
Evelin	lOlDRvj3hj9	estealfoxom@comsenz.com	4 Morrow Junction	2021-07-27	f
Joe	XhlY9ob	jcobbledon@twitter.com	5 Summerview Junction	2022-10-11	f
Case	MdAIQj	cweddeburnscrimgeouroo@illinois.edu	10 Continental Terrace	2021-05-27	f
Chloris	ORfWdN82	cathertonop@ow.ly	6801 David Alley	2020-12-25	f
Horatius	XFrtU2j5	hvernaoq@typepad.com	38562 Green Street	2021-12-15	f
Lind	hjoxFIi	lnaismithor@prweb.com	4544 Northview Avenue	2021-12-21	f
Daloris	WwHfHYI1R	ddebruynos@de.vu	93 Melby Center	2022-06-12	f
Elroy	PY6SrE	ematzkaitisot@gizmodo.com	65466 Wayridge Pass	2021-02-13	f
Dennie	4XHM6c3	drenakou@engadget.com	30985 Carpenter Trail	2022-04-28	f
Helge	fFlfnh	hborgov@devhub.com	2 Scoville Way	2022-02-20	f
Dari	MAiTdhv	dderisleyow@livejournal.com	162 Northport Alley	2022-10-09	f
Merwin	tH9OqI61t	mscholzox@plala.or.jp	537 Sullivan Pass	2022-08-10	f
Frederic	nvlSLza	fbarwoodoy@prnewswire.com	6956 Duke Way	2022-11-24	f
Cherianne	hkoYlbHM	cjoliffeoz@facebook.com	521 Colorado Alley	2022-02-12	f
Tildi	W3Kfypoq	tgathercoalp0@chron.com	3 Haas Street	2021-02-08	f
Sheilah	DLbZ0nr	salbistonp1@guardian.co.uk	30 Atwood Avenue	2022-02-14	f
Sofie	loZkQFszvJW6	sdomenyp2@free.fr	4932 Burning Wood Trail	2022-06-08	f
Jorge	dEGBWf1g9grL	jdunstonp3@plala.or.jp	838 Corry Road	2022-11-22	f
Ransom	Hv02Cvv	rlourencop4@ft.com	4 Cardinal Park	2021-09-12	f
Bianca	ObkWxLh	bjeremaesp5@wordpress.org	4854 Summer Ridge Place	2022-08-18	f
Lolita	DsXXfGPA	lmatschossp6@usgs.gov	815 Jenna Trail	2021-11-12	f
Mahmoud	mmYxqOM2BG	msyfaxp7@myspace.com	58742 Northland Avenue	2021-06-27	f
Molly	wRqFFRn	malessandrellip8@ezinearticles.com	7440 Oakridge Park	2021-10-24	f
Shelley	20PyeyOW	scossorp9@hp.com	5448 Colorado Point	2021-02-28	f
Courtney	ZwHG4F8zC	clowrepa@ustream.tv	36199 Stoughton Place	2022-08-07	f
Montgomery	wo6ptEzH	marlidgepb@intel.com	6506 Florence Alley	2021-07-01	f
Roch	E8W6BiOPi1S	rferrespc@lulu.com	1683 Fieldstone Crossing	2022-03-19	f
Janka	IFNoXZPbdMQ	jblacksellpd@webnode.com	90 Lunder Drive	2021-01-24	f
Marian	q4DhtCLwIs	mscotchmurpe@yandex.ru	751 Hayes Center	2022-11-27	f
Randolph	VeUuZ4qWECgN	rsedwickpf@dailymotion.com	19783 Crowley Park	2022-06-16	f
Daniele	Ac381xSGqYt	dpalphramandpg@bbb.org	9838 Carberry Point	2021-05-13	f
Sigvard	dSQ7KfYCT	ssiaspinskiph@domainmarket.com	76 Clyde Gallagher Plaza	2021-07-10	f
Lanny	WZI0Oj0VzF	lbalderypi@adobe.com	7472 Duke Parkway	2021-09-10	f
Jeth	hWXmXtZ	jklaggepk@globo.com	6740 Judy Point	2021-10-21	f
Carena	l59PHA	crenshallpl@walmart.com	1 Washington Parkway	2021-12-24	f
Willetta	aZDh3fuN	wscaddonpn@whitehouse.gov	4 Daystar Street	2022-06-22	f
Sonni	YRDl8h	swingfieldpo@forbes.com	431 Village Green Pass	2021-01-27	f
Anna-maria	j5vraRoLxM	atapplypp@geocities.jp	6652 Dayton Point	2021-03-08	f
Keelia	sMMG3jmNWh	kmawhinneypq@google.de	916 Jay Place	2022-09-09	f
Guido	do6ZS9DgLuMB	gkondratowiczpr@bizjournals.com	68183 Texas Court	2021-11-11	f
Trevar	wojsir2U	tbladderps@google.de	963 Anthes Parkway	2021-11-01	f
Leupold	YAn4yCWXo	lcollobypt@technorati.com	8 Macpherson Avenue	2022-06-17	f
Fletch	QRyNdhTckUDy	fhelderpu@globo.com	14 Bashford Hill	2022-03-10	f
Evvie	u1ArJV9bjPA	esimondpv@newsvine.com	11 Eagan Place	2020-12-21	f
Fredia	o41UExr	fnewlandspw@weebly.com	9 Upham Junction	2021-10-15	f
Malena	396WTMVB5Oy	mvoasepx@vk.com	543 Mccormick Trail	2022-05-30	f
Jonis	gcusnu9	jpaicepy@is.gd	61 Dayton Place	2022-07-03	f
Patsy	J0jTiZ2f4	pclaffeypz@flickr.com	98 Golf View Street	2021-02-21	f
Derry	dSt699	dscullyq0@businessinsider.com	8 1st Parkway	2022-08-16	f
Quinn	VkqyausWl7v9	qflowittq1@loc.gov	6 Granby Junction	2021-11-13	f
Farleigh	iSi8rYAkcX0	fmocklerq2@zdnet.com	21 Tennessee Road	2021-09-09	f
Cal	adXi1I1mID4c	cfitzsimonq3@photobucket.com	7390 Manley Trail	2022-03-20	f
Judith	rzaN7I	jvipanq4@sohu.com	77 Jay Plaza	2021-08-20	f
Janeen	VDCkyWl3	jcarringtonq5@yellowpages.com	0 Anniversary Center	2022-11-12	f
Monti	ONQpHS5uUw	mbeebisq6@smugmug.com	5 Gale Circle	2021-04-22	f
Agustin	6gLKc1J5TmlS	adreossiq7@cnn.com	90 Granby Court	2022-07-16	f
Alfi	2bfLZW	aduffanq8@issuu.com	04222 Annamark Crossing	2020-12-29	f
Alaine	FRy6sXbX3	acallarq9@msu.edu	14120 Waubesa Terrace	2022-03-25	f
Tammy	6JZxYWbx3E	tskelcherqa@telegraph.co.uk	915 Clemons Crossing	2021-11-21	f
Magdalen	TpozGRcr	mlabusquiereqb@imdb.com	588 Division Plaza	2022-07-28	f
Edan	yud95uMBqc	eburnetqc@woothemes.com	899 Forest Dale Crossing	2022-02-19	f
Elias	U5gWEfYl	ewimpennyqd@mozilla.org	51322 Little Fleur Way	2022-09-10	f
Noll	gXBRoJ	nsealyqe@theatlantic.com	11 Loeprich Park	2021-11-30	f
Rockie	6k0iiuskrAL	rnobbsqf@biglobe.ne.jp	9 Pearson Terrace	2021-01-21	f
Warden	NLywvRFCb7	wlyddiattqg@dedecms.com	476 Marcy Road	2021-11-18	f
Der	SRGVITp2mwAz	dmandersqh@va.gov	2614 Graceland Avenue	2022-01-10	f
Shamus	mKdHc3XsBp	sderwinqi@amazon.co.jp	3900 School Road	2021-09-28	f
Eddie	oWvzJvMDIuLL	eharralqj@reuters.com	8 Dixon Trail	2021-08-25	f
Padraig	t1wOgbhp5n2Y	pcuerdallql@rakuten.co.jp	0107 Starling Crossing	2021-01-01	f
Frederick	VH8mUMEox	fsmorthitqm@facebook.com	041 Logan Court	2022-10-27	f
Giacinta	WqOysZrFt	gveelersqn@unicef.org	3 Lakewood Gardens Crossing	2021-08-22	f
Annabell	BGvoQKSa	arottcherqo@wikipedia.org	23946 Dwight Road	2022-04-26	f
Lanna	hvY0f3ICpOZ	lalexsandrowiczqp@europa.eu	7 Cottonwood Parkway	2021-01-31	f
Sukey	paf0nQVyj	sbraddonqq@linkedin.com	536 Anthes Road	2022-05-31	f
Jorgan	eMn4gJQXU	jcurrumqr@statcounter.com	4 Springview Crossing	2022-10-14	f
Chelsey	2Lox49Bjr	csouthernwoodqs@so-net.ne.jp	557 Anthes Alley	2022-09-14	f
Jada	6dtPACrDw	jfolkesqt@youku.com	27 Basil Drive	2022-10-29	f
Margalo	arBDlUPIY	mpoterqu@chron.com	57 Manufacturers Lane	2022-08-28	f
Ariadne	rWtDQKcKweo	ablofeldqv@sohu.com	0890 Pine View Trail	2021-11-19	f
Bobinette	Nrzrrg1ogsQR	bclausenthueqw@printfriendly.com	7822 Vahlen Lane	2021-01-27	f
Kevan	es3hzskVHK	ksevinqy@furl.net	29009 Rowland Parkway	2022-11-07	f
Shannon	J0MZlHsPHM	stoffaloniqz@a8.net	842 Corben Alley	2021-03-27	f
Hube	7vwa9DjY	hjacobsenr0@spiegel.de	342 Trailsway Center	2022-01-15	f
Berti	5jac2frAPH6U	bbrewinsr1@netvibes.com	7 Ramsey Parkway	2022-03-03	f
Avivah	P6qL7eMX7gF	aindruchr2@zdnet.com	21058 Mandrake Drive	2022-08-21	f
Nonna	9cDE3m	nwyperr3@netlog.com	206 Hudson Trail	2021-05-15	f
Garner	JRh1FT57	ghartoppr4@godaddy.com	8315 Ohio Circle	2021-07-02	f
Connie	ApLIfL5	cjurczikr5@w3.org	0 Sommers Court	2022-09-11	f
Alameda	984GVwl	atreecer6@t.co	34 Luster Junction	2022-07-15	f
John	QDROgLoCE	jkovnotr7@un.org	10968 Warner Terrace	2022-12-01	f
Batholomew	uC7tvrqC	bdallicottr8@amazonaws.com	10928 Monterey Way	2022-02-08	f
Gusta	V87j8n6nu	gschuttera@ucsd.edu	6959 Cottonwood Center	2021-10-05	f
Obie	jPF9zoTkV	oluetkemeyersrb@dedecms.com	6152 Nova Drive	2021-08-15	f
Carmel	Q5kUEV	cbernhartrc@qq.com	553 Goodland Park	2021-09-21	f
Averell	f5TXN2L7ZGip	asedgemondrd@i2i.jp	738 Lien Trail	2021-11-07	f
Hertha	CMHwN2uPCZ	hshillsre@japanpost.jp	48838 Vidon Court	2021-01-23	f
Sinclair	qbVTF8fZvlY5	sivanishinrf@springer.com	03 Del Sol Circle	2021-07-23	f
Stephanie	bKxW4MwJlBuy	ssyslandrg@themeforest.net	443 Moland Place	2022-06-19	f
Simona	y15JBOoBL	smaillardri@last.fm	39 Spohn Lane	2021-03-26	f
Llewellyn	JWXH1pMYk	lsherredrj@phoca.cz	01250 Homewood Drive	2021-11-19	f
Dore	LFnkVzb	dborgesiork@tiny.cc	172 Nobel Center	2021-09-24	f
Colin	NSJta3Fy	comohunrl@mail.ru	01 Ilene Road	2022-07-13	f
Amity	O7k2oO5QP	acowpertwaitrm@squidoo.com	191 Loftsgordon Place	2022-05-17	f
Bianka	VFTtWol22	bzorerrn@foxnews.com	87 Sutherland Pass	2022-11-20	f
Bjorn	pLyJISVIco	brottgerro@ftc.gov	8434 Nevada Street	2021-07-13	f
Irma	1S0o90nvyqWC	ibillettrp@xrea.com	198 Schlimgen Plaza	2021-11-09	f
Joey	wgcUEd5	jseawellrq@51.la	7 7th Court	2022-03-29	f
Gina	sUpontiL7ynC	gmaingotrr@opera.com	1 Ryan Alley	2022-03-12	f
Gerek	wS4FRjb97a	gsydes0@youku.com	6081 Toban Way	2022-04-29	f
Wallie	By4K10Hf	wbreadmore1@rambler.ru	35730 Mallard Pass	2021-09-28	f
Claire	nJf3GaYV7bPW	carpur3@exblog.jp	6 Morrow Terrace	2022-10-28	t
Felicio	CFLkzS5Qf	fnorthage4@amazonaws.com	378 Sunfield Circle	2022-05-14	f
Gail	Uc14xgjQHD1	grosling5@cdbaby.com	873 Mccormick Park	2021-03-19	t
Levin	952ZW8BKWP	lcalkin6@yelp.com	36 Calypso Court	2021-02-04	t
Valeda	BybsJoM5PvB	vbow7@umn.edu	87587 Oneill Street	2021-02-10	t
Dino	f40vcSEMdH	dtoffano8@amazon.co.uk	41417 Maywood Avenue	2022-10-20	f
Cecil	7WXtbvC	clusher9@clickbank.net	12 Lukken Drive	2022-02-23	f
Koren	T7L3hwbXW	kbonina@constantcontact.com	99586 Pankratz Center	2022-02-19	t
Lilith	bQaAHDEUzA	llabrob@com.com	530 Eliot Park	2022-07-29	f
Hilda	5rpf1W3	habyssc@japanpost.jp	44066 Bluestem Road	2022-03-09	f
Park	SdnJV88zbd	phoodlasse@redcross.org	4 Sachs Plaza	2022-09-01	f
Patrica	rlaMba	pocoskerryf@youtube.com	34559 Reinke Avenue	2022-06-23	t
Cate	6gmqKU7ECgL	cmellonbyg@tmall.com	61 Troy Road	2022-06-18	f
Tandi	EKYH1jg4e	ttomainih@tripadvisor.com	024 Basil Lane	2022-08-08	t
Olivie	Gv9YWiQK6	oschraderi@home.pl	787 Riverside Road	2021-06-03	t
Minor	oMYoS2L	mrohanj@soup.io	85982 Welch Plaza	2022-02-22	f
Jodee	LR0NA88v1Bc	jattrilk@multiply.com	9407 Armistice Road	2021-08-07	f
Angelique	fxRVqn	atremathackl@hexun.com	18 Starling Alley	2021-09-12	f
Burch	cQ7EySfTE5z	bmurism@yellowpages.com	76638 Harbort Hill	2021-10-16	t
Fin	SxyrK0	fmackalln@blogtalkradio.com	6 Portage Street	2021-06-18	t
Claudianus	ZBOo4u2fYWG	cgilliceo@uiuc.edu	637 Judy Circle	2021-09-20	f
Toinette	o7DHLLO1yK	taucuttp@aol.com	0 Brentwood Circle	2021-05-23	t
Nikolaos	J65fPh	nverneq@msn.com	13787 Sugar Drive	2022-10-30	t
Marga	1iHG7KJjYHnT	miacovellir@tripadvisor.com	14 Mariners Cove Pass	2022-09-24	f
Ardra	Z7nyigfx	asommerss@youtu.be	0 Gale Lane	2022-04-26	t
Mylo	BkH2WPdS2V6	mpeffert@google.ru	58 Twin Pines Lane	2022-05-04	f
Joyan	OSsnsU	jbowneu@cbslocal.com	74670 Dapin Pass	2022-02-18	f
Dorris	G8xB6AfgB4	dglidev@statcounter.com	56 Duke Drive	2022-01-18	t
Beverly	vm86ua	byurovw@statcounter.com	0470 Derek Point	2022-05-09	f
Jarrett	e6PR3hCRYd	jfarox@woothemes.com	891 7th Terrace	2021-12-03	t
Harald	LOoSjZDDr	hoverilly@irs.gov	1 2nd Pass	2021-06-11	t
Leoline	1h9JUmymN	lbraganzaz@soundcloud.com	671 Lawn Crossing	2022-06-20	f
Dex	mmMeD1T	ddeaves10@sourceforge.net	1663 Melvin Place	2021-06-24	t
Arny	oKuLOT	amatten11@123-reg.co.uk	417 Jenna Pass	2022-05-31	f
Kermie	A8PmAFV	kmorilla13@bing.com	2983 Elgar Place	2022-07-01	f
Mela	7tqEpHJbiU	mbarr14@freewebs.com	94446 Northridge Road	2022-08-09	t
Olivier	pfL04IT	opinson15@webmd.com	1664 Maryland Alley	2022-02-20	t
Charyl	fOKH6z387	cudale16@linkedin.com	49 Pankratz Way	2021-10-18	t
Harmon	47gEcOQd	hhowsley17@plala.or.jp	92 Oxford Park	2021-12-06	f
Elsie	56foy6TFptU	equant18@buzzfeed.com	8952 Arkansas Crossing	2021-06-25	f
Kaycee	9mdofLlXKNeL	kforo19@etsy.com	39707 Bobwhite Road	2021-05-14	f
Bax	9TnIfMny	bperrycost1a@google.nl	99290 Almo Point	2022-10-24	t
Dona	qiwLF5	dhinksen1b@mapquest.com	8 Luster Road	2021-12-17	f
Godfrey	jxKnJNABCI	gokenny1c@oracle.com	1 American Ash Junction	2022-07-07	t
Aline	qGffXKruQyT	arosenhaus1d@about.me	92492 Eggendart Crossing	2021-07-23	f
Nellie	7e7Aoc9PNef	nrenbold1e@dedecms.com	7 Dunning Terrace	2021-05-30	f
Bethanne	onFcB9tkce	bdismore1f@constantcontact.com	071 Amoth Circle	2021-07-12	t
Nicolle	zdN6tF1N	nlangmuir1g@senate.gov	726 Farragut Lane	2022-05-16	f
Rani	iJhM7UT	rdopson1h@flickr.com	54141 Valley Edge Trail	2021-05-25	t
Bowie	FrZ5f2ci	bfantin1i@aol.com	71 7th Hill	2021-12-09	t
Caz	iT0GCmNAy	cmathys1j@ucoz.ru	4542 Vidon Road	2021-05-05	t
Tierney	SLfwAwviIENz	tmenichillo1l@redcross.org	5066 Hallows Pass	2022-03-20	f
Lindsey	Bz15cy2MVwJ6	lbaroux1n@biglobe.ne.jp	74249 Talisman Terrace	2021-01-03	f
Ruth	9DMoQ2vKx	rmatterface1o@theguardian.com	1903 Ryan Avenue	2022-06-16	f
Krysta	xXzWE8xH35	kgookey1p@economist.com	63 Schiller Parkway	2021-06-10	t
Gasper	YFbziuor5wQ	gcrielly1q@php.net	4 Anniversary Circle	2022-08-19	f
Karin	Qc0lRrV0	kbeardshaw1r@opensource.org	7367 Northfield Terrace	2022-02-09	f
Ulric	lewJH6PJXy2	uvelte1s@artisteer.com	3149 Swallow Center	2021-10-02	t
Claudelle	M2Fvz3lQ	cchellingworth1t@naver.com	484 Fieldstone Parkway	2022-11-09	f
Nealson	Wlao45Zf6Fw	nboughtwood1u@edublogs.org	02719 Nelson Drive	2021-12-01	t
Vonnie	J8v0mM8r3t	vbonnette1v@epa.gov	03276 Stephen Parkway	2021-01-14	f
Katharyn	eAE6CS04p	klikely1w@microsoft.com	5683 American Ash Lane	2021-02-10	t
Clerissa	po4d9Ea	cedgeson1x@psu.edu	95471 Saint Paul Parkway	2022-03-26	f
Gretna	IXB573j8	gbridgestock1y@pinterest.com	6395 6th Street	2021-03-03	f
Danyelle	4vBT7kA0	dpygott1z@taobao.com	68917 Mallory Terrace	2022-01-06	f
Nertie	vI1U5oo	npelchat20@aboutads.info	2 Corben Road	2021-06-10	f
Roseline	R0y7Ckd0ff6	rjosilowski22@linkedin.com	9950 Scofield Drive	2021-08-28	f
Sidonia	zCpbGZ	stookey23@harvard.edu	8845 Golden Leaf Junction	2022-07-03	f
Brenna	Ss5niaU0xaoK	blancaster24@dagondesign.com	69 Boyd Way	2022-05-17	f
Rhiamon	1Cc5b2yCh	racland25@1688.com	93312 Artisan Place	2022-01-17	f
Charlean	28jbgW	cbelli26@businessweek.com	2 Jenifer Trail	2022-05-27	f
Gerhardt	DznbwF	gferie27@blogspot.com	17601 Eastlawn Pass	2021-07-09	t
Kale	7iH9gGAr	kspoure28@eepurl.com	0 Evergreen Crossing	2020-12-21	f
Keven	y0VsIlc9Sa16	keyden29@desdev.cn	21700 Fulton Center	2022-04-25	f
Mayer	xocF38ppjP2U	mleet2a@who.int	0371 Mcbride Lane	2021-05-31	f
Bab	MkPVWVF	bbartoleyn2b@dmoz.org	58811 Kings Park	2021-02-18	f
Olwen	XD4oT1J	odesantis2c@jugem.jp	884 Memorial Circle	2021-02-09	f
Clevey	m5BBrQLu0hof	cleyton2d@cdc.gov	27 Sauthoff Trail	2022-03-10	f
Carroll	qtPOSmtJ	coshiel2e@g.co	7904 Jenna Hill	2022-07-23	t
Alli	QjMmeY25sWy	abeirne2f@comsenz.com	8 Badeau Circle	2021-06-19	f
Del	JXYPrUi6	dgarstang2h@weather.com	76367 Sugar Center	2022-01-21	f
Bernie	GSI5OVZ	bmaidens2i@dropbox.com	699 Park Meadow Alley	2022-01-01	t
Babita	v5LluGkRf	bjanoschek2j@netvibes.com	9320 Basil Hill	2020-12-25	t
Dorelle	yD64dwYNLTG	drunnalls2k@hexun.com	87 Donald Drive	2022-04-11	f
Budd	ca7vvX	bcoleiro2l@mit.edu	876 Towne Circle	2021-04-12	t
Juliann	GqsbmfCdVp	jbrimilcome2n@epa.gov	90 Clarendon Hill	2021-02-07	f
Laural	cDI1LS	lclendennen2o@ameblo.jp	1 Stoughton Alley	2021-08-11	t
Liana	y8OHPlZwk	llintill2p@imdb.com	82367 Haas Trail	2021-04-12	t
Averil	JgyVBRK	aisakson2q@goo.gl	919 Ohio Pass	2021-10-23	t
Odo	ppLD6t8JB	obeldan2r@a8.net	604 Ohio Hill	2021-10-10	f
Clari	6WvCLzI6c	clante2s@jiathis.com	13 Garrison Park	2022-01-09	f
Rozelle	0rykTtq6KWT	rwarburton2t@sfgate.com	2 Eggendart Pass	2022-07-06	f
Alley	IOgvuis6Y	afruen2u@unblog.fr	22 Service Lane	2022-11-20	f
Lavena	Ikcblqq2wc5	lduffy2w@sina.com.cn	12 Cambridge Junction	2022-11-08	f
Jemmie	pFXtif	jhaythornthwaite2x@skyrock.com	9509 West Hill	2022-10-24	t
Coralie	lA0LuuiSzY	cpolk2y@oaic.gov.au	48606 Chive Court	2021-03-23	f
Gale	NjxgTxbICdi	ggillingham30@fotki.com	8005 Susan Place	2021-11-18	f
Latrena	DbKzrk2d8hrm	lelcoate31@yahoo.co.jp	55 Summit Junction	2022-05-20	f
Saunder	ZLtbKoPpM	smussettini32@apache.org	0 Harper Plaza	2021-01-02	f
Delly	mOSjtg4igLnF	drumbellow33@newsvine.com	8 Lighthouse Bay Point	2022-02-08	t
Kayla	OVRDtIs	kbierman34@youku.com	3 Scoville Way	2020-12-13	t
Hanan	8vgHqt	htukesby36@usa.gov	185 Arrowood Drive	2022-03-07	t
Nickey	tU3VSD	ncosbey38@yahoo.co.jp	2 Division Street	2021-05-04	t
Cristine	y9orAZ4	crahill39@ebay.co.uk	27630 Welch Drive	2021-01-27	t
Celene	95GK5x	cdefilippis3b@purevolume.com	94 Porter Street	2022-08-11	t
Ruthi	qJwwYCK	rcottham3c@boston.com	02 Milwaukee Alley	2022-10-26	t
Janek	8bXYG1X5	jchoat3d@cocolog-nifty.com	84021 Merrick Center	2022-01-10	t
Remington	9YYhaUuFx	rforsard3e@360.cn	2 Ilene Drive	2021-07-19	f
Layney	TsiPQu6Ts4oe	lnottingam3f@java.com	23132 Russell Crossing	2022-09-16	f
Shayla	HQeZyHH	sdorracott3h@w3.org	556 Granby Pass	2021-11-08	t
Reagen	L7j5iO79	rbaynon3i@t.co	20 Merrick Avenue	2021-07-08	f
Johann	r3ZCnXtalGy3	jfantini3j@wunderground.com	3 Debra Park	2021-04-28	f
Somerset	8ZlrmQ7ceEH	sleestut3k@topsy.com	3210 Waxwing Alley	2021-07-11	f
Jabez	w87YGlkU83D	jschruur3l@umich.edu	730 Declaration Park	2021-04-05	f
Maire	RM62nUoT8	mharvett3m@epa.gov	7 Becker Way	2021-07-31	f
Elsworth	7A86Dt8uflb	ecarefull3n@networkadvertising.org	3103 Knutson Trail	2022-07-22	f
Milicent	ZfAciET2	mchampion3o@wordpress.com	52 Erie Park	2021-07-12	f
Fonsie	X18GLaWc	fvaszoly3p@amazon.de	9 Heath Hill	2022-06-08	t
Berk	n3jNix	bbierman3q@usda.gov	529 Oxford Drive	2022-02-06	t
Serge	cbBM0FPh	sgillott3r@npr.org	97940 American Ash Way	2021-06-05	t
Myrna	pgYaD5d	mlasselle3s@icq.com	25034 Pierstorff Trail	2021-02-10	t
Vivyanne	Pp58RrE9yoL	vstamps3t@forbes.com	6112 Ridgeway Hill	2021-03-16	t
Emilee	9tMtxcpLYmBU	emcalroy3u@dyndns.org	81 Muir Court	2022-11-11	t
Quill	8ujLCJ1p	qrobben3x@dropbox.com	392 Orin Court	2021-01-04	f
Kath	UX3iu2bd5T	kdallison3y@privacy.gov.au	998 Transport Alley	2021-03-11	f
Stafford	6rmOI4c	sforsey3z@spotify.com	79181 Forest Run Pass	2021-03-30	t
Cati	WBLFhE	cvaskov40@canalblog.com	3 Kensington Park	2021-08-22	t
Derrick	0zVXT2YyH	dwhittlesee41@amazon.co.jp	30551 Chive Pass	2022-04-07	f
Malina	USdURfT	mjakubowicz42@oakley.com	9 Stang Pass	2021-05-11	t
Lelia	3JWHM4W	lbrothwell43@nationalgeographic.com	0744 Elmside Alley	2022-09-11	t
Kinnie	K7gHdldTo	ksyde44@uol.com.br	8 Express Parkway	2022-10-17	f
Ward	FsEDhglyr	wskill45@istockphoto.com	9 Bultman Hill	2021-08-15	t
Evelina	EjSoj1slsFEl	epatron46@networkadvertising.org	35728 Dottie Lane	2022-01-11	t
Gussi	Xl3Dft	gstripp47@google.ca	9 Commercial Avenue	2021-08-04	t
Elvyn	UggZ9jGfU	elaverick48@artisteer.com	4498 Roxbury Crossing	2021-05-03	f
Emmerich	a03V9oKF8UlO	edeeth49@issuu.com	5639 Doe Crossing Street	2022-03-03	f
Layla	K9YjLInzo	lhassett4a@globo.com	29716 Corry Pass	2022-07-11	f
Kitti	TLCcGOqW	kgoldsby4b@alexa.com	3 Fieldstone Circle	2022-04-05	f
Hinda	4wzDhy9Tdfht	hclyne4c@istockphoto.com	04246 Evergreen Circle	2021-06-18	f
Baily	tvpjRwtfW	bjennemann4d@ox.ac.uk	968 Sutteridge Lane	2022-09-12	t
Karia	8FQHBOYj	kpashan4e@google.ca	84907 Straubel Alley	2022-09-06	f
Gennifer	yiF0njSN	gellerbeck4f@yelp.com	4103 Brown Terrace	2021-11-17	t
Lana	reNlxOP9	lcastellini4g@163.com	6773 Talisman Street	2021-05-27	f
Moyna	PkR3Ec358	molech4h@ustream.tv	64289 Fisk Street	2021-03-03	t
Farrah	25MEOx	fmildmott4i@macromedia.com	38 Holmberg Place	2022-06-20	f
Kellyann	OIfUxa79L6u	ksomerset4j@globo.com	82157 Merry Pass	2022-01-28	t
Marnia	XUr6bWJC9gJ	mjorio4k@prnewswire.com	566 South Hill	2022-01-14	f
Cordey	ZLX5w7new	csydall4l@freewebs.com	76625 Hollow Ridge Lane	2022-01-12	f
Daphna	vPTBb4kZPNTM	ddelicate4m@yahoo.co.jp	84 Claremont Point	2022-02-18	t
Ivan	G2ZebI	ipickring4n@scientificamerican.com	25 Dryden Road	2022-03-12	f
Teodor	52RAX5S	tleonards4o@state.tx.us	5176 Dexter Terrace	2021-06-15	t
Aila	JBmNnmDwMi	aparrott4q@prweb.com	815 Lakewood Gardens Hill	2022-05-08	f
Demetris	O6WBLT5KcGw	dstubbes4r@yellowbook.com	7997 Linden Drive	2021-06-21	f
Joice	ztuzJ6ewnMrx	jtregoning4s@patch.com	96456 Dorton Junction	2021-10-25	t
Heidie	wxnd5F7RGIx	hwildman4t@list-manage.com	1 Brentwood Park	2021-04-10	f
Amye	EFgduzR	astrooband4u@jimdo.com	9 Butternut Place	2022-05-28	f
Stanislaw	0WXz7a	sohollegan4v@ucoz.com	18 Ridgeway Hill	2022-11-25	f
Hakim	RjDiPIFmFf	hstygall4w@photobucket.com	5847 Rigney Terrace	2021-02-05	t
Darsey	LIyJjiaXa1	drisley4x@4shared.com	74201 Pennsylvania Trail	2022-07-13	t
Emmie	nWBvQ3	eskate4y@nps.gov	30 Scoville Drive	2022-09-28	f
Josephina	vtnADogkHzG	jthraves4z@army.mil	70 Melrose Street	2022-02-04	f
Avril	e2iMqK	adibsdale51@blogger.com	3323 Victoria Alley	2022-07-22	f
Bradney	K4OojED	bsurtees52@seattletimes.com	9627 Green Ridge Center	2021-02-14	f
Pall	2z5GHIr0XlE	pguerra53@vk.com	82624 Waxwing Center	2022-04-23	t
Rora	CyyMDfIeDf	rjales54@independent.co.uk	447 Harbort Crossing	2021-12-18	t
Sela	bNenaQx	ssplevin56@angelfire.com	188 Independence Avenue	2022-11-26	t
Eolande	p8fnjp9j3	eiacopo57@slate.com	276 Mallard Lane	2021-11-17	f
Ashien	paUPk01	abarrett58@sogou.com	91 Tomscot Way	2022-11-08	f
Fania	iSnobSPA	fdsouza59@wikipedia.org	27579 Rowland Pass	2022-06-16	f
Rosetta	Sp6Dpad8C	rhooks5a@delicious.com	1965 Blaine Alley	2021-02-08	f
Cordy	GsFhzwFRPrG9	ccrisell5b@redcross.org	8228 Derek Hill	2022-03-02	f
Ilyssa	Oqbugbr	istrong5c@google.es	274 Scott Circle	2022-01-17	t
Marla	KxCHCxNURl	mmcghee5e@over-blog.com	6602 Mayfield Avenue	2021-10-31	f
Rosana	KmO9P0	rwaghorne5f@phpbb.com	200 Mccormick Hill	2022-07-13	f
Gearard	QykNReBSD6oA	graddan5h@google.cn	1 Corry Street	2021-11-11	f
Vally	l6Ha4Ocs	voscully5i@spiegel.de	01752 Colorado Center	2022-09-14	f
Jasmine	hkHWplhEOx	jspellessy5j@smh.com.au	57 Mccormick Lane	2021-05-05	t
Cherice	AXV3ndrmSk	cscolland5k@reference.com	7038 Bashford Junction	2021-12-11	t
Hazel	v3Hx5DQP0j	hstein5m@examiner.com	10776 Hoepker Court	2022-05-18	t
Shantee	Q1dLg8TSxY	slaffling5o@plala.or.jp	0911 New Castle Trail	2021-11-28	t
Gothart	SFtJrps6	gmcveagh5q@trellian.com	417 Northridge Lane	2022-12-04	f
Terrance	Fy3epT	tibberson5r@prweb.com	2912 Kinsman Plaza	2021-04-13	t
Doe	PtJMqrSd	dpittoli5s@geocities.jp	29 Waubesa Circle	2021-11-27	f
Kelsy	NuP8dhdbyS	kkohlert5t@dagondesign.com	47 Merrick Street	2021-08-19	t
Sher	u1ZU0P	sbogue5w@independent.co.uk	7 Meadow Valley Street	2022-11-28	f
Maxine	jhnY0M2pYsvW	mbennellick5x@tripadvisor.com	155 Ridge Oak Road	2021-05-31	t
Hilarius	1kYHx5CJgJUJ	hlorden5y@gravatar.com	913 Mifflin Avenue	2022-01-12	f
Webster	PSXbjC3	warnecke5z@si.edu	16 Melvin Avenue	2021-12-25	t
Dagmar	YxyN3PFueQ1n	drawne60@irs.gov	43 Kings Place	2021-03-21	f
Rheta	gz3oM5Z	rbroadfield61@redcross.org	5 Esker Center	2022-09-23	f
Justina	Jijj0bujkkz0	jfearneley62@apple.com	9 Dakota Plaza	2022-02-24	t
Mary	9pN53vJ	mdewitt64@google.ca	0 Pawling Junction	2021-02-13	f
Hermie	THCYg4AI	halfwy65@edublogs.org	8557 Hauk Circle	2021-09-19	t
Cassi	xDRF8rsUwY	cthunder66@google.ca	13 Westport Court	2021-04-13	t
Clayson	t481tfHIs	czumbusch67@google.nl	3716 Sommers Crossing	2021-11-18	t
Hector	Lw3CMBgIY69	hkunat68@sbwire.com	7049 Melvin Circle	2021-11-21	f
Nerissa	WstO25B	ngolsby69@umich.edu	86876 Menomonie Road	2021-05-30	f
Janene	lYtIjlhKdwdZ	jpetre6a@chicagotribune.com	6 Northport Point	2021-09-24	t
Hogan	Anf2ftTmAMxR	hscala6b@utexas.edu	4 Burning Wood Lane	2021-11-21	f
Lavina	oZNECNxaie	lrupp6c@hibu.com	43 Rutledge Trail	2021-07-08	t
Newton	HBZLwENwAr	nchildes6e@posterous.com	2095 Fairview Place	2022-07-30	t
Mic	IwkZOH7jQ	mfrean6f@free.fr	3 Carey Point	2021-05-15	t
Fulvia	JYAB6esNZSTa	fambrosi6g@hatena.ne.jp	429 Prairie Rose Place	2022-04-13	t
Valentine	TwaUTP	vwillgrass6h@webnode.com	48 Shasta Terrace	2021-08-29	f
Kathrine	lnmyKr7	kfain6i@mapquest.com	79 Corscot Street	2022-07-09	f
Iggy	GP7h7lsXje	ibauchop6j@arstechnica.com	682 Carey Court	2022-02-21	f
Brunhilda	oOxPCU	bjerrems6k@123-reg.co.uk	8 Springview Road	2022-10-18	f
Naoma	WApM6JdS	ngeorge6m@eepurl.com	77212 Buena Vista Way	2022-09-21	f
Missy	LdnpFa7F6	mseiffert6n@stanford.edu	62 Vera Pass	2021-02-01	f
Cob	5a66K2OAeB	cclow6o@google.co.uk	2 Atwood Hill	2021-03-01	f
Lydon	iZZAaP	lklink6p@mayoclinic.com	1260 Bayside Terrace	2021-11-19	f
Dyann	4HMWqGQ	dgooderson6q@github.io	908 Warner Road	2022-05-24	t
Kasey	ZzSaNTjdQE	kvanderstraaten6r@cnbc.com	6 Johnson Circle	2021-06-16	f
Gorden	sKheXPzwa	gfowlds6t@scribd.com	466 Trailsway Park	2021-06-10	f
Ertha	eRIUJpKhP	eagglio6u@ning.com	8217 Montana Circle	2022-02-26	t
Armando	8D1mAO2m035c	arickaby6v@cloudflare.com	701 Fisk Road	2022-11-05	f
Krystle	CrrrO7Uf	kswitzer6x@dropbox.com	7442 Menomonie Drive	2021-02-07	t
Solomon	DebxIE7	sdomniney6y@who.int	6816 Brown Street	2022-11-24	f
Juliana	B0yvMI	jjiras70@simplemachines.org	98 Service Street	2022-01-17	t
Fedora	NKgLtpAfc	fbellefant72@mac.com	89865 Forest Run Parkway	2022-10-18	t
Marie-ann	NEHmQkZ1gx	mgrimolbie73@dot.gov	2 Sycamore Hill	2021-10-03	f
Annabela	mrJsABnPgCc9	abenini74@seesaa.net	0 Spohn Junction	2022-02-13	t
Charlotta	kXrHpWr	cbartolijn75@51.la	3 Parkside Alley	2021-06-14	f
Anna-diana	CJXEYG5k	aahearne76@wired.com	922 Scott Parkway	2021-02-20	f
Kurtis	0tiaEBia6jVT	kkarys77@wix.com	08 Pond Lane	2022-10-07	f
Kristan	vy18Y9L7a	kghilardi78@bizjournals.com	250 Sunbrook Plaza	2022-02-22	f
Henri	jRsLkI4	hgarrelts79@photobucket.com	40 Granby Alley	2022-09-28	t
Hilliard	PahuwbG	hmoffatt7a@ca.gov	918 Sunfield Avenue	2021-11-18	f
Angelo	0mkEbsQrS9V	acrewdson7b@flavors.me	3663 Knutson Avenue	2022-05-16	t
Christabella	7pcvetHdL	cisard7c@virginia.edu	7 Karstens Junction	2022-09-19	f
Zolly	2GXvWRwht0	zstelfax7d@walmart.com	1 Sunnyside Hill	2021-08-10	f
Steward	hrBCNwKysC	sbeatson7e@va.gov	01 Almo Circle	2021-09-15	t
Adelbert	UDO9Mr	aclinton7f@ask.com	559 Hoffman Junction	2022-01-02	t
Silvester	ficTKLsITqz	sjuschka7g@netscape.com	757 Oak Park	2022-03-20	f
Rubin	px2PJj	ryakebowitch7h@state.tx.us	5 2nd Crossing	2021-08-05	t
Madonna	hDm1iGEq	mleuty7i@amazon.de	73 Oneill Terrace	2022-03-06	f
Clarance	GN36Rl7	csharpous7j@free.fr	486 Kipling Place	2021-05-19	t
Dar	rRiinE	dperott7k@businessweek.com	4 Macpherson Parkway	2021-05-08	f
Elsi	MHGyHx	emalimoe7l@businessweek.com	52 Hovde Plaza	2022-01-17	t
Rhona	SBlC6yDEI	rmila7m@nyu.edu	8089 Lindbergh Way	2022-04-03	f
Adey	JD0pLC6l90Su	acornhill7n@tripod.com	18 Iowa Street	2022-03-19	f
Reggie	MdN0tUsD3T5w	rhume7o@netvibes.com	7359 Cordelia Terrace	2022-03-10	t
Alastair	7SiL7XJ	athurnham7p@tamu.edu	95 Sundown Park	2021-09-15	t
Samara	vSO2Ff7DhfH7	swoolner7s@webeden.co.uk	0 Schmedeman Way	2021-05-13	t
Clea	KDWIkWUUgE1E	ckaine7t@aboutads.info	882 Nova Court	2021-05-10	f
Valentino	7XaWQ5Tkvt	vporkiss7u@opera.com	27 Merchant Lane	2022-10-05	f
Rutledge	148dnJ25lA4	rocorrigane7v@google.es	27 Dawn Point	2022-02-07	f
Sallyann	Zgxf2F79k	scromwell7w@go.com	6739 Red Cloud Drive	2021-07-03	f
Brok	GRVdq9K191	bsessions7x@sciencedaily.com	180 Basil Trail	2022-03-18	t
Deeyn	0OJ8c3	dpuleston7z@mashable.com	016 Mayer Alley	2022-09-01	t
Ruperta	a3sN2T1mFs1f	rleball80@mac.com	1167 Gulseth Street	2021-02-10	t
Orrin	ru7vMBCO	oshaxby81@blogger.com	9592 American Terrace	2021-07-18	t
Marve	SZGsTJ7q1i	mharston82@washington.edu	216 Aberg Way	2021-01-26	f
Fairlie	Tf0SOd90N	fforrestall85@independent.co.uk	78178 Waxwing Avenue	2022-01-11	f
Callean	BCBPjNj	clillee86@dropbox.com	35 Emmet Trail	2021-11-04	f
Nadeen	7GTxG3B6Lhw	nbowne88@facebook.com	29 Florence Street	2021-12-26	t
Ingram	BV64Fm	ivandale89@aol.com	89 Monica Place	2022-02-16	f
Gabey	JKTkoR0q	gbree8a@exblog.jp	1 Sunnyside Way	2021-06-03	t
Zea	hb6Gr6Bl2r	zmarzellano8b@php.net	46 Hollow Ridge Point	2021-02-09	t
\.


--
-- Data for Name: availability; Type: TABLE DATA; Schema: public; Owner: -
--

COPY public.availability (cname, date) FROM stdin;
Alika	2022-01-01
Alika	2022-06-19
Alika	2022-12-31
Natalya	2022-01-01
Natalya	2022-06-19
Natalya	2022-12-31
Trista	2022-01-01
Trista	2022-06-19
Trista	2022-12-31
Ham	2022-01-01
Ham	2022-06-19
Ham	2022-12-31
Myrilla	2022-01-01
Myrilla	2022-06-19
Myrilla	2022-12-31
Karlan	2022-01-01
Karlan	2022-06-19
Karlan	2022-12-31
Morgan	2022-01-01
Morgan	2022-06-19
Morgan	2022-12-31
Kristine	2022-01-01
Kristine	2022-06-19
Kristine	2022-12-31
Francene	2022-01-01
Francene	2022-06-19
Francene	2022-12-31
Rosalinda	2022-01-01
Rosalinda	2022-06-19
Rosalinda	2022-12-31
Hendrick	2022-01-01
Hendrick	2022-06-19
Hendrick	2022-12-31
Ricoriki	2022-01-01
Ricoriki	2022-06-19
Ricoriki	2022-12-31
Harlen	2022-01-01
Harlen	2022-06-19
Harlen	2022-12-31
Finn	2022-01-01
Finn	2022-06-19
Finn	2022-12-31
Werner	2022-01-01
Werner	2022-06-19
Werner	2022-12-31
Christin	2022-01-01
Christin	2022-06-19
Christin	2022-12-31
Aggi	2022-01-01
Aggi	2022-06-19
Aggi	2022-12-31
Griselda	2022-01-01
Griselda	2022-06-19
Griselda	2022-12-31
Lyell	2022-01-01
Lyell	2022-06-19
Lyell	2022-12-31
Trudy	2022-01-01
Trudy	2022-06-19
Trudy	2022-12-31
Courtenay	2022-01-01
Courtenay	2022-06-19
Courtenay	2022-12-31
Florella	2022-01-01
Florella	2022-06-19
Florella	2022-12-31
Antin	2022-01-01
Antin	2022-06-19
Antin	2022-12-31
Alisun	2022-01-01
Alisun	2022-06-19
Alisun	2022-12-31
Terri-jo	2022-01-01
Terri-jo	2022-06-19
Terri-jo	2022-12-31
Pedro	2022-01-01
Pedro	2022-06-19
Pedro	2022-12-31
Faustine	2022-01-01
Faustine	2022-06-19
Faustine	2022-12-31
Ernie	2022-01-01
Ernie	2022-06-19
Ernie	2022-12-31
Cobb	2022-01-01
Cobb	2022-06-19
Cobb	2022-12-31
Granny	2022-01-01
Granny	2022-06-19
Granny	2022-12-31
Odilia	2022-01-01
Odilia	2022-06-19
Odilia	2022-12-31
Vania	2022-01-01
Vania	2022-06-19
Vania	2022-12-31
Curtice	2022-01-01
Curtice	2022-06-19
Curtice	2022-12-31
Erv	2022-01-01
Erv	2022-06-19
Erv	2022-12-31
Lillian	2022-01-01
Lillian	2022-06-19
Lillian	2022-12-31
Kalvin	2022-01-01
Kalvin	2022-06-19
Kalvin	2022-12-31
Lil	2022-01-01
Lil	2022-06-19
Lil	2022-12-31
Darlene	2022-01-01
Darlene	2022-06-19
Darlene	2022-12-31
Dela	2022-01-01
Dela	2022-06-19
Dela	2022-12-31
Gwenny	2022-01-01
Gwenny	2022-06-19
Gwenny	2022-12-31
Fraze	2022-01-01
Fraze	2022-06-19
Fraze	2022-12-31
Nikaniki	2022-01-01
Nikaniki	2022-06-19
Nikaniki	2022-12-31
Cleo	2022-01-01
Cleo	2022-06-19
Cleo	2022-12-31
Gordon	2022-01-01
Gordon	2022-06-19
Gordon	2022-12-31
Rochella	2022-01-01
Rochella	2022-06-19
Rochella	2022-12-31
Archibaldo	2022-01-01
Archibaldo	2022-06-19
Archibaldo	2022-12-31
Tandy	2022-01-01
Tandy	2022-06-19
Tandy	2022-12-31
Rogerio	2022-01-01
Rogerio	2022-06-19
Rogerio	2022-12-31
Tamiko	2022-01-01
Tamiko	2022-06-19
Tamiko	2022-12-31
Vivyan	2022-01-01
Vivyan	2022-06-19
Vivyan	2022-12-31
Theodore	2022-01-01
Theodore	2022-06-19
Theodore	2022-12-31
Ardis	2022-01-01
Ardis	2022-06-19
Ardis	2022-12-31
Kara	2022-01-01
Kara	2022-06-19
Kara	2022-12-31
Garry	2022-01-01
Garry	2022-06-19
Garry	2022-12-31
Kerri	2022-01-01
Kerri	2022-06-19
Kerri	2022-12-31
Kellen	2022-01-01
Kellen	2022-06-19
Kellen	2022-12-31
Idette	2022-01-01
Idette	2022-06-19
Idette	2022-12-31
Jacky	2022-01-01
Jacky	2022-06-19
Jacky	2022-12-31
Reggi	2022-01-01
Reggi	2022-06-19
Reggi	2022-12-31
Lonee	2022-01-01
Lonee	2022-06-19
Lonee	2022-12-31
Kathye	2022-01-01
Kathye	2022-06-19
Kathye	2022-12-31
Lauri	2022-01-01
Lauri	2022-06-19
Lauri	2022-12-31
Stearne	2022-01-01
Stearne	2022-06-19
Stearne	2022-12-31
Herold	2022-01-01
Herold	2022-06-19
Herold	2022-12-31
Malanie	2022-01-01
Malanie	2022-06-19
Malanie	2022-12-31
Glenna	2022-01-01
Glenna	2022-06-19
Glenna	2022-12-31
Netty	2022-01-01
Netty	2022-06-19
Netty	2022-12-31
Sergio	2022-01-01
Sergio	2022-06-19
Sergio	2022-12-31
Klarrisa	2022-01-01
Klarrisa	2022-06-19
Klarrisa	2022-12-31
Phyllys	2022-01-01
Phyllys	2022-06-19
Phyllys	2022-12-31
Ginni	2022-01-01
Ginni	2022-06-19
Ginni	2022-12-31
Obed	2022-01-01
Obed	2022-06-19
Obed	2022-12-31
Adolph	2022-01-01
Adolph	2022-06-19
Adolph	2022-12-31
Ulrike	2022-01-01
Ulrike	2022-06-19
Ulrike	2022-12-31
Derick	2022-01-01
Derick	2022-06-19
Derick	2022-12-31
Addy	2022-01-01
Addy	2022-06-19
Addy	2022-12-31
Ingaborg	2022-01-01
Ingaborg	2022-06-19
Ingaborg	2022-12-31
Thaxter	2022-01-01
Thaxter	2022-06-19
Thaxter	2022-12-31
Decca	2022-01-01
Decca	2022-06-19
Decca	2022-12-31
Thayne	2022-01-01
Thayne	2022-06-19
Thayne	2022-12-31
Shelby	2022-01-01
Shelby	2022-06-19
Shelby	2022-12-31
Lindsay	2022-01-01
Lindsay	2022-06-19
Lindsay	2022-12-31
Emilia	2022-01-01
Emilia	2022-06-19
Emilia	2022-12-31
Keri	2022-01-01
Keri	2022-06-19
Keri	2022-12-31
Lauretta	2022-01-01
Lauretta	2022-06-19
Lauretta	2022-12-31
Nickolaus	2022-01-01
Nickolaus	2022-06-19
Nickolaus	2022-12-31
Ade	2022-01-01
Ade	2022-06-19
Ade	2022-12-31
Allys	2022-01-01
Allys	2022-06-19
Allys	2022-12-31
Kaia	2022-01-01
Kaia	2022-06-19
Kaia	2022-12-31
Daron	2022-01-01
Daron	2022-06-19
Daron	2022-12-31
Dell	2022-01-01
Dell	2022-06-19
Dell	2022-12-31
Karleen	2022-01-01
Karleen	2022-06-19
Karleen	2022-12-31
Dmitri	2022-01-01
Dmitri	2022-06-19
Dmitri	2022-12-31
Lucille	2022-01-01
Lucille	2022-06-19
Lucille	2022-12-31
Ferne	2022-01-01
Ferne	2022-06-19
Ferne	2022-12-31
Eustace	2022-01-01
Eustace	2022-06-19
Eustace	2022-12-31
Yvonne	2022-01-01
Yvonne	2022-06-19
Yvonne	2022-12-31
Kory	2022-01-01
Kory	2022-06-19
Kory	2022-12-31
Melody	2022-01-01
Melody	2022-06-19
Melody	2022-12-31
Jules	2022-01-01
Jules	2022-06-19
Jules	2022-12-31
Othilia	2022-01-01
Othilia	2022-06-19
Othilia	2022-12-31
Jillane	2022-01-01
Jillane	2022-06-19
Jillane	2022-12-31
Linc	2022-01-01
Linc	2022-06-19
Linc	2022-12-31
Dougy	2022-01-01
Dougy	2022-06-19
Dougy	2022-12-31
Tana	2022-01-01
Tana	2022-06-19
Tana	2022-12-31
Gregorio	2022-01-01
Gregorio	2022-06-19
Gregorio	2022-12-31
Pepe	2022-01-01
Pepe	2022-06-19
Pepe	2022-12-31
Natale	2022-01-01
Natale	2022-06-19
Natale	2022-12-31
Ingmar	2022-01-01
Ingmar	2022-06-19
Ingmar	2022-12-31
Dulce	2022-01-01
Dulce	2022-06-19
Dulce	2022-12-31
Alphonse	2022-01-01
Alphonse	2022-06-19
Alphonse	2022-12-31
Gardener	2022-01-01
Gardener	2022-06-19
Gardener	2022-12-31
Harley	2022-01-01
Harley	2022-06-19
Harley	2022-12-31
Kev	2022-01-01
Kev	2022-06-19
Kev	2022-12-31
Sharon	2022-01-01
Sharon	2022-06-19
Sharon	2022-12-31
Wit	2022-01-01
Wit	2022-06-19
Wit	2022-12-31
Smitty	2022-01-01
Smitty	2022-06-19
Smitty	2022-12-31
Debee	2022-01-01
Debee	2022-06-19
Debee	2022-12-31
Rowan	2022-01-01
Rowan	2022-06-19
Rowan	2022-12-31
Devin	2022-01-01
Devin	2022-06-19
Devin	2022-12-31
Joela	2022-01-01
Joela	2022-06-19
Joela	2022-12-31
Lauren	2022-01-01
Lauren	2022-06-19
Lauren	2022-12-31
Roby	2022-01-01
Roby	2022-06-19
Roby	2022-12-31
Glenine	2022-01-01
Glenine	2022-06-19
Glenine	2022-12-31
Emmy	2022-01-01
Emmy	2022-06-19
Emmy	2022-12-31
Bessy	2022-01-01
Bessy	2022-06-19
Bessy	2022-12-31
Jameson	2022-01-01
Jameson	2022-06-19
Jameson	2022-12-31
Shauna	2022-01-01
Shauna	2022-06-19
Shauna	2022-12-31
Pasquale	2022-01-01
Pasquale	2022-06-19
Pasquale	2022-12-31
Sarah	2022-01-01
Sarah	2022-06-19
Sarah	2022-12-31
De	2022-01-01
De	2022-06-19
De	2022-12-31
Jayme	2022-01-01
Jayme	2022-06-19
Jayme	2022-12-31
Guy	2022-01-01
Guy	2022-06-19
Guy	2022-12-31
Arther	2022-01-01
Arther	2022-06-19
Arther	2022-12-31
Demetra	2022-01-01
Demetra	2022-06-19
Demetra	2022-12-31
Sandra	2022-01-01
Sandra	2022-06-19
Sandra	2022-12-31
Huntlee	2022-01-01
Huntlee	2022-06-19
Huntlee	2022-12-31
Ivonne	2022-01-01
Ivonne	2022-06-19
Ivonne	2022-12-31
Brose	2022-01-01
Brose	2022-06-19
Brose	2022-12-31
Jodie	2022-01-01
Jodie	2022-06-19
Jodie	2022-12-31
Tony	2022-01-01
Tony	2022-06-19
Tony	2022-12-31
Abbie	2022-01-01
Abbie	2022-06-19
Abbie	2022-12-31
Cirstoforo	2022-01-01
Cirstoforo	2022-06-19
Cirstoforo	2022-12-31
Ellis	2022-01-01
Ellis	2022-06-19
Ellis	2022-12-31
Laureen	2022-01-01
Laureen	2022-06-19
Laureen	2022-12-31
Paolo	2022-01-01
Paolo	2022-06-19
Paolo	2022-12-31
Milzie	2022-01-01
Milzie	2022-06-19
Milzie	2022-12-31
Flinn	2022-01-01
Flinn	2022-06-19
Flinn	2022-12-31
Jacques	2022-01-01
Jacques	2022-06-19
Jacques	2022-12-31
Flory	2022-01-01
Flory	2022-06-19
Flory	2022-12-31
Brandy	2022-01-01
Brandy	2022-06-19
Brandy	2022-12-31
Clareta	2022-01-01
Clareta	2022-06-19
Clareta	2022-12-31
Carrol	2022-01-01
Carrol	2022-06-19
Carrol	2022-12-31
Tynan	2022-01-01
Tynan	2022-06-19
Tynan	2022-12-31
Derby	2022-01-01
Derby	2022-06-19
Derby	2022-12-31
Saraann	2022-01-01
Saraann	2022-06-19
Saraann	2022-12-31
Xerxes	2022-01-01
Xerxes	2022-06-19
Xerxes	2022-12-31
Jessa	2022-01-01
Jessa	2022-06-19
Jessa	2022-12-31
Janella	2022-01-01
Janella	2022-06-19
Janella	2022-12-31
Freddie	2022-01-01
Freddie	2022-06-19
Freddie	2022-12-31
Gun	2022-01-01
Gun	2022-06-19
Gun	2022-12-31
Kaja	2022-01-01
Kaja	2022-06-19
Kaja	2022-12-31
Fawn	2022-01-01
Fawn	2022-06-19
Fawn	2022-12-31
Prinz	2022-01-01
Prinz	2022-06-19
Prinz	2022-12-31
Cesar	2022-01-01
Cesar	2022-06-19
Cesar	2022-12-31
Thoma	2022-01-01
Thoma	2022-06-19
Thoma	2022-12-31
Donall	2022-01-01
Donall	2022-06-19
Donall	2022-12-31
Frants	2022-01-01
Frants	2022-06-19
Frants	2022-12-31
Kendell	2022-01-01
Kendell	2022-06-19
Kendell	2022-12-31
Harcourt	2022-01-01
Harcourt	2022-06-19
Harcourt	2022-12-31
Queenie	2022-01-01
Queenie	2022-06-19
Queenie	2022-12-31
Bartholomew	2022-01-01
Bartholomew	2022-06-19
Bartholomew	2022-12-31
Stephan	2022-01-01
Stephan	2022-06-19
Stephan	2022-12-31
Sammy	2022-01-01
Sammy	2022-06-19
Sammy	2022-12-31
Casandra	2022-01-01
Casandra	2022-06-19
Casandra	2022-12-31
Lucian	2022-01-01
Lucian	2022-06-19
Lucian	2022-12-31
Iorgo	2022-01-01
Iorgo	2022-06-19
Iorgo	2022-12-31
Alec	2022-01-01
Alec	2022-06-19
Alec	2022-12-31
Clywd	2022-01-01
Clywd	2022-06-19
Clywd	2022-12-31
Otes	2022-01-01
Otes	2022-06-19
Otes	2022-12-31
Chad	2022-01-01
Chad	2022-06-19
Chad	2022-12-31
Dulsea	2022-01-01
Dulsea	2022-06-19
Dulsea	2022-12-31
Nicko	2022-01-01
Nicko	2022-06-19
Nicko	2022-12-31
Andriana	2022-01-01
Andriana	2022-06-19
Andriana	2022-12-31
Marion	2022-01-01
Marion	2022-06-19
Marion	2022-12-31
Gerhardine	2022-01-01
Gerhardine	2022-06-19
Gerhardine	2022-12-31
Miltie	2022-01-01
Miltie	2022-06-19
Miltie	2022-12-31
Wenonah	2022-01-01
Wenonah	2022-06-19
Wenonah	2022-12-31
Zachary	2022-01-01
Zachary	2022-06-19
Zachary	2022-12-31
Dahlia	2022-01-01
Dahlia	2022-06-19
Dahlia	2022-12-31
Floyd	2022-01-01
Floyd	2022-06-19
Floyd	2022-12-31
Grenville	2022-01-01
Grenville	2022-06-19
Grenville	2022-12-31
Foster	2022-01-01
Foster	2022-06-19
Foster	2022-12-31
Kirsti	2022-01-01
Kirsti	2022-06-19
Kirsti	2022-12-31
Jermaine	2022-01-01
Jermaine	2022-06-19
Jermaine	2022-12-31
Lauritz	2022-01-01
Lauritz	2022-06-19
Lauritz	2022-12-31
Merrili	2022-01-01
Merrili	2022-06-19
Merrili	2022-12-31
Saunders	2022-01-01
Saunders	2022-06-19
Saunders	2022-12-31
Belva	2022-01-01
Belva	2022-06-19
Belva	2022-12-31
Sallee	2022-01-01
Sallee	2022-06-19
Sallee	2022-12-31
Bennett	2022-01-01
Bennett	2022-06-19
Bennett	2022-12-31
Guthrie	2022-01-01
Guthrie	2022-06-19
Guthrie	2022-12-31
Chaddy	2022-01-01
Chaddy	2022-06-19
Chaddy	2022-12-31
Trumann	2022-01-01
Trumann	2022-06-19
Trumann	2022-12-31
Blanca	2022-01-01
Blanca	2022-06-19
Blanca	2022-12-31
Susannah	2022-01-01
Susannah	2022-06-19
Susannah	2022-12-31
Buffy	2022-01-01
Buffy	2022-06-19
Buffy	2022-12-31
Maryann	2022-01-01
Maryann	2022-06-19
Maryann	2022-12-31
Raff	2022-01-01
Raff	2022-06-19
Raff	2022-12-31
Elisa	2022-01-01
Elisa	2022-06-19
Elisa	2022-12-31
Merill	2022-01-01
Merill	2022-06-19
Merill	2022-12-31
David	2022-01-01
David	2022-06-19
David	2022-12-31
Aron	2022-01-01
Aron	2022-06-19
Aron	2022-12-31
Ellynn	2022-01-01
Ellynn	2022-06-19
Ellynn	2022-12-31
Cosmo	2022-01-01
Cosmo	2022-06-19
Cosmo	2022-12-31
Prudi	2022-01-01
Prudi	2022-06-19
Prudi	2022-12-31
Melanie	2022-01-01
Melanie	2022-06-19
Melanie	2022-12-31
Scot	2022-01-01
Scot	2022-06-19
Scot	2022-12-31
Abdul	2022-01-01
Abdul	2022-06-19
Abdul	2022-12-31
Isaac	2022-01-01
Isaac	2022-06-19
Isaac	2022-12-31
Holly-anne	2022-01-01
Holly-anne	2022-06-19
Holly-anne	2022-12-31
Floria	2022-01-01
Floria	2022-06-19
Floria	2022-12-31
Findley	2022-01-01
Findley	2022-06-19
Findley	2022-12-31
Odessa	2022-01-01
Odessa	2022-06-19
Odessa	2022-12-31
Edgardo	2022-01-01
Edgardo	2022-06-19
Edgardo	2022-12-31
Atlanta	2022-01-01
Atlanta	2022-06-19
Atlanta	2022-12-31
Humfrey	2022-01-01
Humfrey	2022-06-19
Humfrey	2022-12-31
Daryl	2022-01-01
Daryl	2022-06-19
Daryl	2022-12-31
Cissy	2022-01-01
Cissy	2022-06-19
Cissy	2022-12-31
Kristopher	2022-01-01
Kristopher	2022-06-19
Kristopher	2022-12-31
Alyce	2022-01-01
Alyce	2022-06-19
Alyce	2022-12-31
Ashil	2022-01-01
Ashil	2022-06-19
Ashil	2022-12-31
Kelly	2022-01-01
Kelly	2022-06-19
Kelly	2022-12-31
Michal	2022-01-01
Michal	2022-06-19
Michal	2022-12-31
Ransell	2022-01-01
Ransell	2022-06-19
Ransell	2022-12-31
Briano	2022-01-01
Briano	2022-06-19
Briano	2022-12-31
Alma	2022-01-01
Alma	2022-06-19
Alma	2022-12-31
Birgit	2022-01-01
Birgit	2022-06-19
Birgit	2022-12-31
Nan	2022-01-01
Nan	2022-06-19
Nan	2022-12-31
Marabel	2022-01-01
Marabel	2022-06-19
Marabel	2022-12-31
Winnie	2022-01-01
Winnie	2022-06-19
Winnie	2022-12-31
Stacia	2022-01-01
Stacia	2022-06-19
Stacia	2022-12-31
Liza	2022-01-01
Liza	2022-06-19
Liza	2022-12-31
Amii	2022-01-01
Amii	2022-06-19
Amii	2022-12-31
Paloma	2022-01-01
Paloma	2022-06-19
Paloma	2022-12-31
Maurits	2022-01-01
Maurits	2022-06-19
Maurits	2022-12-31
Barth	2022-01-01
Barth	2022-06-19
Barth	2022-12-31
Dita	2022-01-01
Dita	2022-06-19
Dita	2022-12-31
Stanfield	2022-01-01
Stanfield	2022-06-19
Stanfield	2022-12-31
Celle	2022-01-01
Celle	2022-06-19
Celle	2022-12-31
Tailor	2022-01-01
Tailor	2022-06-19
Tailor	2022-12-31
Panchito	2022-01-01
Panchito	2022-06-19
Panchito	2022-12-31
Harlene	2022-01-01
Harlene	2022-06-19
Harlene	2022-12-31
Tracy	2022-01-01
Tracy	2022-06-19
Tracy	2022-12-31
Christian	2022-01-01
Christian	2022-06-19
Christian	2022-12-31
Chelsea	2022-01-01
Chelsea	2022-06-19
Chelsea	2022-12-31
Lorrie	2022-01-01
Lorrie	2022-06-19
Lorrie	2022-12-31
Linn	2022-01-01
Linn	2022-06-19
Linn	2022-12-31
Zena	2022-01-01
Zena	2022-06-19
Zena	2022-12-31
Mohammed	2022-01-01
Mohammed	2022-06-19
Mohammed	2022-12-31
Aileen	2022-01-01
Aileen	2022-06-19
Aileen	2022-12-31
Wolfy	2022-01-01
Wolfy	2022-06-19
Wolfy	2022-12-31
Ginnie	2022-01-01
Ginnie	2022-06-19
Ginnie	2022-12-31
Shandeigh	2022-01-01
Shandeigh	2022-06-19
Shandeigh	2022-12-31
Crissy	2022-01-01
Crissy	2022-06-19
Crissy	2022-12-31
Sayres	2022-01-01
Sayres	2022-06-19
Sayres	2022-12-31
Lorelei	2022-01-01
Lorelei	2022-06-19
Lorelei	2022-12-31
Olly	2022-01-01
Olly	2022-06-19
Olly	2022-12-31
Julia	2022-01-01
Julia	2022-06-19
Julia	2022-12-31
Hiram	2022-01-01
Hiram	2022-06-19
Hiram	2022-12-31
Andrej	2022-01-01
Andrej	2022-06-19
Andrej	2022-12-31
Lem	2022-01-01
Lem	2022-06-19
Lem	2022-12-31
Charisse	2022-01-01
Charisse	2022-06-19
Charisse	2022-12-31
Anallise	2022-01-01
Anallise	2022-06-19
Anallise	2022-12-31
Vaughn	2022-01-01
Vaughn	2022-06-19
Vaughn	2022-12-31
Arvy	2022-01-01
Arvy	2022-06-19
Arvy	2022-12-31
Marietta	2022-01-01
Marietta	2022-06-19
Marietta	2022-12-31
Freedman	2022-01-01
Freedman	2022-06-19
Freedman	2022-12-31
Karel	2022-01-01
Karel	2022-06-19
Karel	2022-12-31
Modestia	2022-01-01
Modestia	2022-06-19
Modestia	2022-12-31
Cicily	2022-01-01
Cicily	2022-06-19
Cicily	2022-12-31
Allyn	2022-01-01
Allyn	2022-06-19
Allyn	2022-12-31
Sharleen	2024-01-01
Sharleen	2024-06-19
Sharleen	2024-12-31
Garrot	2024-01-01
Garrot	2024-06-19
Garrot	2024-12-31
Rosaline	2024-01-01
Rosaline	2024-06-19
Rosaline	2024-12-31
Chas	2024-01-01
Chas	2024-06-19
Chas	2024-12-31
Maxie	2024-01-01
Maxie	2024-06-19
Maxie	2024-12-31
Janina	2024-01-01
Janina	2024-06-19
Janina	2024-12-31
Piggy	2024-01-01
Piggy	2024-06-19
Piggy	2024-12-31
Nina	2024-01-01
Nina	2024-06-19
Nina	2024-12-31
Candida	2024-01-01
Candida	2024-06-19
Candida	2024-12-31
Bailey	2024-01-01
Bailey	2024-06-19
Bailey	2024-12-31
Tansy	2024-01-01
Tansy	2024-06-19
Tansy	2024-12-31
Ced	2024-01-01
Ced	2024-06-19
Ced	2024-12-31
Emalia	2024-01-01
Emalia	2024-06-19
Emalia	2024-12-31
Timmie	2024-01-01
Timmie	2024-06-19
Timmie	2024-12-31
Lutero	2024-01-01
Lutero	2024-06-19
Lutero	2024-12-31
Dulcine	2024-01-01
Dulcine	2024-06-19
Dulcine	2024-12-31
Nannette	2024-01-01
Nannette	2024-06-19
Nannette	2024-12-31
Shay	2024-01-01
Shay	2024-06-19
Shay	2024-12-31
Tann	2024-01-01
Tann	2024-06-19
Tann	2024-12-31
Kaine	2024-01-01
Kaine	2024-06-19
Kaine	2024-12-31
Barrie	2023-01-01
Barrie	2023-06-19
Barrie	2023-12-31
Tailor	2023-01-01
Tailor	2023-06-19
Tailor	2023-12-31
Tanner	2023-01-01
Tanner	2023-06-19
Tanner	2023-12-31
Linus	2023-01-01
Linus	2023-06-19
Linus	2023-12-31
Maxy	2023-01-01
Maxy	2023-06-19
Maxy	2023-12-31
Cedric	2023-01-01
Cedric	2023-06-19
Cedric	2023-12-31
Freddy	2023-01-01
Freddy	2023-06-19
Freddy	2023-12-31
Clarine	2023-01-01
Clarine	2023-06-19
Clarine	2023-12-31
Pauletta	2023-01-01
Pauletta	2023-06-19
Pauletta	2023-12-31
Lutero	2023-01-01
Lutero	2023-06-19
Lutero	2023-12-31
Trstram	2023-01-01
Trstram	2023-06-19
Trstram	2023-12-31
Gerta	2023-01-01
Gerta	2023-06-19
Gerta	2023-12-31
Leonora	2023-01-01
Leonora	2023-06-19
Leonora	2023-12-31
Karena	2023-01-01
Karena	2023-06-19
Karena	2023-12-31
Lammond	2023-01-01
Lammond	2023-06-19
Lammond	2023-12-31
Crista	2023-01-01
Crista	2023-06-19
Crista	2023-12-31
Dniren	2023-01-01
Dniren	2023-06-19
Dniren	2023-12-31
Kelsey	2023-01-01
Kelsey	2023-06-19
Kelsey	2023-12-31
Constantine	2023-01-01
Constantine	2023-06-19
Constantine	2023-12-31
Elsa	2023-01-01
Elsa	2023-06-19
Elsa	2023-12-31
Onfroi	2023-01-01
Onfroi	2023-06-19
Onfroi	2023-12-31
Garrard	2023-01-01
Garrard	2023-06-19
Garrard	2023-12-31
Leslie	2023-01-01
Leslie	2023-06-19
Leslie	2023-12-31
Pamelina	2023-01-01
Pamelina	2023-06-19
Pamelina	2023-12-31
Palmer	2023-01-01
Palmer	2023-06-19
Palmer	2023-12-31
Federico	2023-01-01
Federico	2023-06-19
Federico	2023-12-31
Ben	2023-01-01
Ben	2023-06-19
Ben	2023-12-31
Immanuel	2023-01-01
Immanuel	2023-06-19
Immanuel	2023-12-31
Benoite	2023-01-01
Benoite	2023-06-19
Benoite	2023-12-31
Willa	2023-01-01
Willa	2023-06-19
Willa	2023-12-31
Hanna	2023-01-01
Hanna	2023-06-19
Hanna	2023-12-31
Sawyere	2023-01-01
Sawyere	2023-06-19
Sawyere	2023-12-31
Dyana	2023-01-01
Dyana	2023-06-19
Dyana	2023-12-31
Lauren	2023-01-01
Lauren	2023-06-19
Lauren	2023-12-31
Kain	2023-01-01
Kain	2023-06-19
Kain	2023-12-31
Claudetta	2023-01-01
Claudetta	2023-06-19
Claudetta	2023-12-31
Tamas	2023-01-01
Tamas	2023-06-19
Tamas	2023-12-31
Sande	2023-01-01
Sande	2023-06-19
Sande	2023-12-31
Marlee	2023-01-01
Marlee	2023-06-19
Marlee	2023-12-31
Josey	2023-01-01
Josey	2023-06-19
Josey	2023-12-31
Madalyn	2023-01-01
Madalyn	2023-06-19
Madalyn	2023-12-31
Payton	2023-01-01
Payton	2023-06-19
Payton	2023-12-31
Olenolin	2023-01-01
Olenolin	2023-06-19
Olenolin	2023-12-31
Phaidra	2023-01-01
Phaidra	2023-06-19
Phaidra	2023-12-31
Raynell	2023-01-01
Raynell	2023-06-19
Raynell	2023-12-31
Hedda	2023-01-01
Hedda	2023-06-19
Hedda	2023-12-31
Lemmie	2023-01-01
Lemmie	2023-06-19
Lemmie	2023-12-31
Reinwald	2023-01-01
Reinwald	2023-06-19
Reinwald	2023-12-31
Neill	2023-01-01
Neill	2023-06-19
Neill	2023-12-31
Fitz	2023-01-01
Fitz	2023-06-19
Fitz	2023-12-31
Mallory	2023-01-01
Mallory	2023-06-19
Mallory	2023-12-31
Elwin	2023-01-01
Elwin	2023-06-19
Elwin	2023-12-31
Kordula	2023-01-01
Kordula	2023-06-19
Kordula	2023-12-31
Ingmar	2023-01-01
Ingmar	2023-06-19
Ingmar	2023-12-31
Nissie	2023-01-01
Nissie	2023-06-19
Nissie	2023-12-31
Lora	2023-01-01
Lora	2023-06-19
Lora	2023-12-31
Krishna	2023-01-01
Krishna	2023-06-19
Krishna	2023-12-31
Libbey	2023-01-01
Libbey	2023-06-19
Libbey	2023-12-31
Lyndsie	2023-01-01
Lyndsie	2023-06-19
Lyndsie	2023-12-31
Matthias	2023-01-01
Matthias	2023-06-19
Matthias	2023-12-31
Carissa	2023-01-01
Carissa	2023-06-19
Carissa	2023-12-31
Nonah	2023-01-01
Nonah	2023-06-19
Nonah	2023-12-31
Corrianne	2023-01-01
Corrianne	2023-06-19
Corrianne	2023-12-31
Stormi	2023-01-01
Stormi	2023-06-19
Stormi	2023-12-31
Xenos	2023-01-01
Xenos	2023-06-19
Xenos	2023-12-31
Hayes	2023-01-01
Hayes	2023-06-19
Hayes	2023-12-31
Algernon	2023-01-01
Algernon	2023-06-19
Algernon	2023-12-31
Jedidiah	2023-01-01
Jedidiah	2023-06-19
Jedidiah	2023-12-31
Fons	2023-01-01
Fons	2023-06-19
Fons	2023-12-31
Bird	2023-01-01
Bird	2023-06-19
Bird	2023-12-31
Elianore	2023-01-01
Elianore	2023-06-19
Elianore	2023-12-31
Hervey	2023-01-01
Hervey	2023-06-19
Hervey	2023-12-31
Theodora	2023-01-01
Theodora	2023-06-19
Theodora	2023-12-31
Oswald	2023-01-01
Oswald	2023-06-19
Oswald	2023-12-31
Alys	2023-01-01
Alys	2023-06-19
Alys	2023-12-31
Margaret	2023-01-01
Margaret	2023-06-19
Margaret	2023-12-31
Katti	2023-01-01
Katti	2023-06-19
Katti	2023-12-31
Joni	2023-01-01
Joni	2023-06-19
Joni	2023-12-31
Lucienne	2023-01-01
Lucienne	2023-06-19
Lucienne	2023-12-31
Fiorenze	2023-01-01
Fiorenze	2023-06-19
Fiorenze	2023-12-31
Mavra	2023-01-01
Mavra	2023-06-19
Mavra	2023-12-31
Candide	2023-01-01
Candide	2023-06-19
Candide	2023-12-31
Hallie	2023-01-01
Hallie	2023-06-19
Hallie	2023-12-31
Carney	2023-01-01
Carney	2023-06-19
Carney	2023-12-31
Lock	2023-01-01
Lock	2023-06-19
Lock	2023-12-31
Ringo	2023-01-01
Ringo	2023-06-19
Ringo	2023-12-31
Timothy	2023-01-01
Timothy	2023-06-19
Timothy	2023-12-31
Jacquette	2023-01-01
Jacquette	2023-06-19
Jacquette	2023-12-31
Gusella	2023-01-01
Gusella	2023-06-19
Gusella	2023-12-31
Gwenette	2023-01-01
Gwenette	2023-06-19
Gwenette	2023-12-31
Eddy	2023-01-01
Eddy	2023-06-19
Eddy	2023-12-31
Allayne	2023-01-01
Allayne	2023-06-19
Allayne	2023-12-31
Korrie	2023-01-01
Korrie	2023-06-19
Korrie	2023-12-31
Halli	2023-01-01
Halli	2023-06-19
Halli	2023-12-31
Grazia	2023-01-01
Grazia	2023-06-19
Grazia	2023-12-31
Marchelle	2023-01-01
Marchelle	2023-06-19
Marchelle	2023-12-31
Janna	2023-01-01
Janna	2023-06-19
Janna	2023-12-31
Dalt	2023-01-01
Dalt	2023-06-19
Dalt	2023-12-31
Tommie	2023-01-01
Tommie	2023-06-19
Tommie	2023-12-31
Ave	2023-01-01
Ave	2023-06-19
Ave	2023-12-31
Hillard	2023-01-01
Hillard	2023-06-19
Hillard	2023-12-31
Cortie	2023-01-01
Cortie	2023-06-19
Cortie	2023-12-31
Friedrick	2023-01-01
Friedrick	2023-06-19
Friedrick	2023-12-31
Ofelia	2023-01-01
Ofelia	2023-06-19
Ofelia	2023-12-31
Darbie	2023-01-01
Darbie	2023-06-19
Darbie	2023-12-31
Herve	2023-01-01
Herve	2023-06-19
Herve	2023-12-31
Cynde	2023-01-01
Cynde	2023-06-19
Cynde	2023-12-31
Adrien	2023-01-01
Adrien	2023-06-19
Adrien	2023-12-31
Anet	2023-01-01
Anet	2023-06-19
Anet	2023-12-31
Filippa	2023-01-01
Filippa	2023-06-19
Filippa	2023-12-31
Jaimie	2023-01-01
Jaimie	2023-06-19
Jaimie	2023-12-31
Moritz	2023-01-01
Moritz	2023-06-19
Moritz	2023-12-31
Marcelline	2023-01-01
Marcelline	2023-06-19
Marcelline	2023-12-31
Prudi	2023-01-01
Prudi	2023-06-19
Prudi	2023-12-31
Sibeal	2023-01-01
Sibeal	2023-06-19
Sibeal	2023-12-31
Vick	2023-01-01
Vick	2023-06-19
Vick	2023-12-31
Val	2023-01-01
Val	2023-06-19
Val	2023-12-31
Mallissa	2023-01-01
Mallissa	2023-06-19
Mallissa	2023-12-31
Virgil	2023-01-01
Virgil	2023-06-19
Virgil	2023-12-31
Datha	2023-01-01
Datha	2023-06-19
Datha	2023-12-31
Ofella	2023-01-01
Ofella	2023-06-19
Ofella	2023-12-31
Sandro	2023-01-01
Sandro	2023-06-19
Sandro	2023-12-31
Lita	2023-01-01
Lita	2023-06-19
Lita	2023-12-31
Sophia	2023-01-01
Sophia	2023-06-19
Sophia	2023-12-31
Lotty	2023-01-01
Lotty	2023-06-19
Lotty	2023-12-31
Zeke	2023-01-01
Zeke	2023-06-19
Zeke	2023-12-31
Betteanne	2023-01-01
Betteanne	2023-06-19
Betteanne	2023-12-31
Lucky	2023-01-01
Lucky	2023-06-19
Lucky	2023-12-31
Kalvin	2023-01-01
Kalvin	2023-06-19
Kalvin	2023-12-31
Laurene	2023-01-01
Laurene	2023-06-19
Laurene	2023-12-31
Malory	2023-01-01
Malory	2023-06-19
Malory	2023-12-31
Waldon	2023-01-01
Waldon	2023-06-19
Waldon	2023-12-31
Jewel	2023-01-01
Jewel	2023-06-19
Jewel	2023-12-31
Jade	2023-01-01
Jade	2023-06-19
Jade	2023-12-31
Valencia	2023-01-01
Valencia	2023-06-19
Valencia	2023-12-31
Bondy	2023-01-01
Bondy	2023-06-19
Bondy	2023-12-31
Madelaine	2023-01-01
Madelaine	2023-06-19
Madelaine	2023-12-31
Lissa	2023-01-01
Lissa	2023-06-19
Lissa	2023-12-31
Kyrstin	2023-01-01
Kyrstin	2023-06-19
Kyrstin	2023-12-31
Bertine	2023-01-01
Bertine	2023-06-19
Bertine	2023-12-31
Kimbra	2023-01-01
Kimbra	2023-06-19
Kimbra	2023-12-31
Keen	2023-01-01
Keen	2023-06-19
Keen	2023-12-31
Paola	2023-01-01
Paola	2023-06-19
Paola	2023-12-31
Maddi	2023-01-01
Maddi	2023-06-19
Maddi	2023-12-31
Armand	2023-01-01
Armand	2023-06-19
Armand	2023-12-31
Clerkclaude	2023-01-01
Clerkclaude	2023-06-19
Clerkclaude	2023-12-31
Siusan	2023-01-01
Siusan	2023-06-19
Siusan	2023-12-31
Danny	2023-01-01
Danny	2023-06-19
Danny	2023-12-31
Jenna	2023-01-01
Jenna	2023-06-19
Jenna	2023-12-31
Raynor	2023-01-01
Raynor	2023-06-19
Raynor	2023-12-31
Redford	2023-01-01
Redford	2023-06-19
Redford	2023-12-31
Ricardo	2023-01-01
Ricardo	2023-06-19
Ricardo	2023-12-31
Beaufort	2023-01-01
Beaufort	2023-06-19
Beaufort	2023-12-31
Ynes	2023-01-01
Ynes	2023-06-19
Ynes	2023-12-31
Carmita	2023-01-01
Carmita	2023-06-19
Carmita	2023-12-31
Morgen	2023-01-01
Morgen	2023-06-19
Morgen	2023-12-31
Ilaire	2023-01-01
Ilaire	2023-06-19
Ilaire	2023-12-31
Arturo	2023-01-01
Arturo	2023-06-19
Arturo	2023-12-31
Daune	2023-01-01
Daune	2023-06-19
Daune	2023-12-31
Terrijo	2023-01-01
Terrijo	2023-06-19
Terrijo	2023-12-31
Sharla	2023-01-01
Sharla	2023-06-19
Sharla	2023-12-31
Fleur	2023-01-01
Fleur	2023-06-19
Fleur	2023-12-31
Milena	2023-01-01
Milena	2023-06-19
Milena	2023-12-31
Willard	2023-01-01
Willard	2023-06-19
Willard	2023-12-31
Christie	2023-01-01
Christie	2023-06-19
Christie	2023-12-31
Jelene	2023-01-01
Jelene	2023-06-19
Jelene	2023-12-31
Kriste	2023-01-01
Kriste	2023-06-19
Kriste	2023-12-31
Cornela	2023-01-01
Cornela	2023-06-19
Cornela	2023-12-31
Alexia	2023-01-01
Alexia	2023-06-19
Alexia	2023-12-31
Kary	2023-01-01
Kary	2023-06-19
Kary	2023-12-31
Isabeau	2023-01-01
Isabeau	2023-06-19
Isabeau	2023-12-31
Rhody	2023-01-01
Rhody	2023-06-19
Rhody	2023-12-31
Merrick	2023-01-01
Merrick	2023-06-19
Merrick	2023-12-31
Guendolen	2023-01-01
Guendolen	2023-06-19
Guendolen	2023-12-31
Jocelyn	2023-01-01
Jocelyn	2023-06-19
Jocelyn	2023-12-31
Lizzie	2023-01-01
Lizzie	2023-06-19
Lizzie	2023-12-31
Lawrence	2023-01-01
Lawrence	2023-06-19
Lawrence	2023-12-31
Birch	2023-01-01
Birch	2023-06-19
Birch	2023-12-31
Benedikta	2023-01-01
Benedikta	2023-06-19
Benedikta	2023-12-31
Stillman	2023-01-01
Stillman	2023-06-19
Stillman	2023-12-31
Davina	2023-01-01
Davina	2023-06-19
Davina	2023-12-31
Inness	2023-01-01
Inness	2023-06-19
Inness	2023-12-31
Leta	2023-01-01
Leta	2023-06-19
Leta	2023-12-31
Bev	2023-01-01
Bev	2023-06-19
Bev	2023-12-31
Andriana	2023-01-01
Andriana	2023-06-19
Andriana	2023-12-31
Alia	2023-01-01
Alia	2023-06-19
Alia	2023-12-31
Hinze	2023-01-01
Hinze	2023-06-19
Hinze	2023-12-31
Darill	2023-01-01
Darill	2023-06-19
Darill	2023-12-31
Almire	2023-01-01
Almire	2023-06-19
Almire	2023-12-31
Bart	2023-01-01
Bart	2023-06-19
Bart	2023-12-31
Rolph	2023-01-01
Rolph	2023-06-19
Rolph	2023-12-31
Rois	2023-01-01
Rois	2023-06-19
Rois	2023-12-31
Kellia	2023-01-01
Kellia	2023-06-19
Kellia	2023-12-31
Kleon	2023-01-01
Kleon	2023-06-19
Kleon	2023-12-31
Alfy	2023-01-01
Alfy	2023-06-19
Alfy	2023-12-31
Perle	2023-01-01
Perle	2023-06-19
Perle	2023-12-31
Shayne	2023-01-01
Shayne	2023-06-19
Shayne	2023-12-31
Bess	2023-01-01
Bess	2023-06-19
Bess	2023-12-31
Jodi	2023-01-01
Jodi	2023-06-19
Jodi	2023-12-31
Jorey	2023-01-01
Jorey	2023-06-19
Jorey	2023-12-31
Lettie	2023-01-01
Lettie	2023-06-19
Lettie	2023-12-31
Egor	2023-01-01
Egor	2023-06-19
Egor	2023-12-31
Rafa	2023-01-01
Rafa	2023-06-19
Rafa	2023-12-31
Aprilette	2023-01-01
Aprilette	2023-06-19
Aprilette	2023-12-31
Elora	2023-01-01
Elora	2023-06-19
Elora	2023-12-31
Odelia	2023-01-01
Odelia	2023-06-19
Odelia	2023-12-31
Celle	2023-01-01
Celle	2023-06-19
Celle	2023-12-31
Belle	2023-01-01
Belle	2023-06-19
Belle	2023-12-31
Josefina	2023-01-01
Josefina	2023-06-19
Josefina	2023-12-31
Huberto	2023-01-01
Huberto	2023-06-19
Huberto	2023-12-31
Bonnie	2023-01-01
Bonnie	2023-06-19
Bonnie	2023-12-31
Stella	2023-01-01
Stella	2023-06-19
Stella	2023-12-31
Nikolai	2023-01-01
Nikolai	2023-06-19
Nikolai	2023-12-31
\.


--
-- Data for Name: bids; Type: TABLE DATA; Schema: public; Owner: -
--

COPY public.bids (pname, pet_name, cname, start_date, end_date, rating, is_selected, payment_amt, transaction_type, review) FROM stdin;
\.


--
-- Data for Name: care_takers; Type: TABLE DATA; Schema: public; Owner: -
--

COPY public.care_takers (cname, rating) FROM stdin;
Alika	\N
Natalya	\N
Trista	\N
Ham	\N
Myrilla	\N
Karlan	\N
Morgan	\N
Kristine	\N
Francene	\N
Rosalinda	\N
Hendrick	\N
Ricoriki	\N
Harlen	\N
Finn	\N
Werner	\N
Christin	\N
Aggi	\N
Griselda	\N
Lyell	\N
Trudy	\N
Courtenay	\N
Florella	\N
Antin	\N
Alisun	\N
Terri-jo	\N
Pedro	\N
Faustine	\N
Ernie	\N
Cobb	\N
Granny	\N
Odilia	\N
Vania	\N
Curtice	\N
Erv	\N
Lillian	\N
Kalvin	\N
Lil	\N
Darlene	\N
Dela	\N
Gwenny	\N
Fraze	\N
Nikaniki	\N
Cleo	\N
Gordon	\N
Rochella	\N
Archibaldo	\N
Tandy	\N
Rogerio	\N
Tamiko	\N
Vivyan	\N
Theodore	\N
Ardis	\N
Kara	\N
Garry	\N
Kerri	\N
Kellen	\N
Idette	\N
Jacky	\N
Reggi	\N
Lonee	\N
Kathye	\N
Lauri	\N
Stearne	\N
Herold	\N
Malanie	\N
Glenna	\N
Netty	\N
Sergio	\N
Klarrisa	\N
Phyllys	\N
Ginni	\N
Obed	\N
Adolph	\N
Ulrike	\N
Derick	\N
Addy	\N
Ingaborg	\N
Thaxter	\N
Decca	\N
Thayne	\N
Shelby	\N
Lindsay	\N
Emilia	\N
Keri	\N
Lauretta	\N
Nickolaus	\N
Ade	\N
Allys	\N
Kaia	\N
Daron	\N
Dell	\N
Karleen	\N
Dmitri	\N
Lucille	\N
Ferne	\N
Eustace	\N
Yvonne	\N
Kory	\N
Melody	\N
Jules	\N
Othilia	\N
Jillane	\N
Linc	\N
Dougy	\N
Tana	\N
Gregorio	\N
Pepe	\N
Natale	\N
Ingmar	\N
Dulce	\N
Alphonse	\N
Gardener	\N
Harley	\N
Kev	\N
Sharon	\N
Wit	\N
Smitty	\N
Debee	\N
Rowan	\N
Devin	\N
Joela	\N
Lauren	\N
Roby	\N
Glenine	\N
Emmy	\N
Bessy	\N
Jameson	\N
Shauna	\N
Pasquale	\N
Sarah	\N
De	\N
Jayme	\N
Guy	\N
Arther	\N
Demetra	\N
Sandra	\N
Huntlee	\N
Ivonne	\N
Brose	\N
Jodie	\N
Tony	\N
Abbie	\N
Cirstoforo	\N
Ellis	\N
Laureen	\N
Paolo	\N
Milzie	\N
Flinn	\N
Jacques	\N
Flory	\N
Brandy	\N
Clareta	\N
Carrol	\N
Tynan	\N
Derby	\N
Saraann	\N
Xerxes	\N
Jessa	\N
Janella	\N
Freddie	\N
Gun	\N
Kaja	\N
Fawn	\N
Prinz	\N
Cesar	\N
Thoma	\N
Donall	\N
Frants	\N
Kendell	\N
Harcourt	\N
Queenie	\N
Bartholomew	\N
Stephan	\N
Sammy	\N
Casandra	\N
Lucian	\N
Iorgo	\N
Alec	\N
Clywd	\N
Otes	\N
Chad	\N
Dulsea	\N
Nicko	\N
Andriana	\N
Marion	\N
Gerhardine	\N
Miltie	\N
Wenonah	\N
Zachary	\N
Dahlia	\N
Floyd	\N
Grenville	\N
Foster	\N
Kirsti	\N
Jermaine	\N
Lauritz	\N
Merrili	\N
Saunders	\N
Belva	\N
Sallee	\N
Bennett	\N
Guthrie	\N
Chaddy	\N
Trumann	\N
Blanca	\N
Susannah	\N
Buffy	\N
Maryann	\N
Raff	\N
Elisa	\N
Merill	\N
David	\N
Aron	\N
Ellynn	\N
Cosmo	\N
Prudi	\N
Melanie	\N
Scot	\N
Abdul	\N
Isaac	\N
Holly-anne	\N
Floria	\N
Findley	\N
Odessa	\N
Edgardo	\N
Atlanta	\N
Humfrey	\N
Daryl	\N
Cissy	\N
Kristopher	\N
Alyce	\N
Ashil	\N
Kelly	\N
Michal	\N
Ransell	\N
Briano	\N
Alma	\N
Birgit	\N
Nan	\N
Marabel	\N
Winnie	\N
Stacia	\N
Liza	\N
Amii	\N
Paloma	\N
Maurits	\N
Barth	\N
Dita	\N
Stanfield	\N
Celle	\N
Tailor	\N
Panchito	\N
Harlene	\N
Tracy	\N
Christian	\N
Chelsea	\N
Lorrie	\N
Linn	\N
Zena	\N
Mohammed	\N
Aileen	\N
Wolfy	\N
Ginnie	\N
Shandeigh	\N
Crissy	\N
Sayres	\N
Lorelei	\N
Olly	\N
Julia	\N
Hiram	\N
Andrej	\N
Lem	\N
Charisse	\N
Anallise	\N
Vaughn	\N
Arvy	\N
Marietta	\N
Freedman	\N
Karel	\N
Modestia	\N
Cicily	\N
Allyn	\N
Sharleen	\N
Garrot	\N
Rosaline	\N
Chas	\N
Maxie	\N
Janina	\N
Piggy	\N
Nina	\N
Candida	\N
Bailey	\N
Tansy	\N
Ced	\N
Emalia	\N
Timmie	\N
Lutero	\N
Dulcine	\N
Nannette	\N
Shay	\N
Tann	\N
Kaine	\N
Barrie	\N
Gerhardt	\N
Tanner	\N
Linus	\N
Maxy	\N
Cedric	\N
Freddy	\N
Clarine	\N
Pauletta	\N
Trstram	\N
Gerta	\N
Leonora	\N
Karena	\N
Lammond	\N
Crista	\N
Dniren	\N
Kelsey	\N
Constantine	\N
Elsa	\N
Onfroi	\N
Garrard	\N
Leslie	\N
Pamelina	\N
Palmer	\N
Federico	\N
Ben	\N
Immanuel	\N
Benoite	\N
Willa	\N
Hanna	\N
Sawyere	\N
Dyana	\N
Kain	\N
Claudetta	\N
Tamas	\N
Sande	\N
Marlee	\N
Josey	\N
Madalyn	\N
Payton	\N
Olenolin	\N
Phaidra	\N
Raynell	\N
Hedda	\N
Lemmie	\N
Reinwald	\N
Neill	\N
Fitz	\N
Mallory	\N
Elwin	\N
Kordula	\N
Nissie	\N
Lora	\N
Krishna	\N
Libbey	\N
Lyndsie	\N
Matthias	\N
Carissa	\N
Nonah	\N
Corrianne	\N
Stormi	\N
Xenos	\N
Hayes	\N
Algernon	\N
Jedidiah	\N
Fons	\N
Bird	\N
Elianore	\N
Hervey	\N
Theodora	\N
Oswald	\N
Alys	\N
Margaret	\N
Katti	\N
Joni	\N
Lucienne	\N
Fiorenze	\N
Mavra	\N
Candide	\N
Hallie	\N
Carney	\N
Lock	\N
Ringo	\N
Timothy	\N
Jacquette	\N
Gusella	\N
Gwenette	\N
Eddy	\N
Allayne	\N
Korrie	\N
Halli	\N
Grazia	\N
Marchelle	\N
Janna	\N
Dalt	\N
Tommie	\N
Ave	\N
Hillard	\N
Cortie	\N
Friedrick	\N
Ofelia	\N
Darbie	\N
Herve	\N
Cynde	\N
Adrien	\N
Anet	\N
Filippa	\N
Jaimie	\N
Moritz	\N
Marcelline	\N
Sibeal	\N
Vick	\N
Val	\N
Mallissa	\N
Virgil	\N
Datha	\N
Ofella	\N
Sandro	\N
Lita	\N
Sophia	\N
Lotty	\N
Zeke	\N
Betteanne	\N
Lucky	\N
Laurene	\N
Malory	\N
Waldon	\N
Jewel	\N
Jade	\N
Valencia	\N
Bondy	\N
Madelaine	\N
Lissa	\N
Kyrstin	\N
Bertine	\N
Kimbra	\N
Keen	\N
Paola	\N
Maddi	\N
Armand	\N
Clerkclaude	\N
Siusan	\N
Danny	\N
Jenna	\N
Raynor	\N
Redford	\N
Ricardo	\N
Beaufort	\N
Ynes	\N
Carmita	\N
Morgen	\N
Ilaire	\N
Arturo	\N
Daune	\N
Terrijo	\N
Sharla	\N
Fleur	\N
Milena	\N
Willard	\N
Christie	\N
Jelene	\N
Kriste	\N
Cornela	\N
Alexia	\N
Kary	\N
Kale	\N
Isabeau	\N
Rhody	\N
Merrick	\N
Guendolen	\N
Jocelyn	\N
Lizzie	\N
Lawrence	\N
Birch	\N
Benedikta	\N
Stillman	\N
Davina	\N
Inness	\N
Leta	\N
Bev	\N
Keven	\N
Alia	\N
Hinze	\N
Darill	\N
Almire	\N
Bart	\N
Rolph	\N
Rois	\N
Kellia	\N
Kleon	\N
Alfy	\N
Perle	\N
Shayne	\N
Bess	\N
Jodi	\N
Jorey	\N
Lettie	\N
Egor	\N
Rafa	\N
Aprilette	\N
Mayer	\N
Elora	\N
Odelia	\N
Bab	\N
Olwen	\N
Belle	\N
Josefina	\N
Huberto	\N
Bonnie	\N
Stella	\N
Nikolai	\N
Clevey	\N
Carroll	\N
Alli	\N
Del	\N
Bernie	\N
Babita	\N
Dorelle	\N
Budd	\N
Juliann	\N
Laural	\N
Liana	\N
Averil	\N
Odo	\N
Clari	\N
Rozelle	\N
Alley	\N
Lavena	\N
Jemmie	\N
Coralie	\N
Gale	\N
Latrena	\N
Saunder	\N
Delly	\N
Kayla	\N
Hanan	\N
Nickey	\N
Cristine	\N
Celene	\N
Ruthi	\N
Janek	\N
Remington	\N
Layney	\N
Shayla	\N
Reagen	\N
Johann	\N
Somerset	\N
Jabez	\N
Maire	\N
Elsworth	\N
Milicent	\N
Fonsie	\N
Berk	\N
Serge	\N
Myrna	\N
Vivyanne	\N
Emilee	\N
Quill	\N
Kath	\N
Stafford	\N
Cati	\N
Derrick	\N
Malina	\N
Lelia	\N
Kinnie	\N
Ward	\N
Evelina	\N
Gussi	\N
Elvyn	\N
Emmerich	\N
Layla	\N
Kitti	\N
Hinda	\N
Baily	\N
Karia	\N
Gennifer	\N
Lana	\N
Moyna	\N
Farrah	\N
Kellyann	\N
Marnia	\N
Cordey	\N
Daphna	\N
Ivan	\N
Teodor	\N
Aila	\N
Demetris	\N
Joice	\N
Heidie	\N
Amye	\N
Stanislaw	\N
Hakim	\N
Darsey	\N
Emmie	\N
Josephina	\N
Joline	\N
Arlin	\N
Fern	\N
Melinde	\N
Tibold	\N
Bryce	\N
Bridie	\N
Abigale	\N
Ettie	\N
Cully	\N
Micah	\N
Lisle	\N
Candice	\N
Thekla	\N
Dinnie	\N
Alessandra	\N
Boy	\N
Noni	\N
Wilmar	\N
Binnie	\N
Gertrudis	\N
Mitzi	\N
Nels	\N
Elene	\N
Ximenez	\N
Timi	\N
Ivy	\N
Shaw	\N
Avril	\N
Craggy	\N
Kaela	\N
Killy	\N
Lynn	\N
Konstantin	\N
Izabel	\N
Lynett	\N
Corena	\N
Nike	\N
Jamie	\N
Angelia	\N
Ignacius	\N
Sebastien	\N
Lidia	\N
Myrah	\N
Bradney	\N
Pearce	\N
Pall	\N
Anette	\N
Garald	\N
Patti	\N
Giacopo	\N
Cristiano	\N
Mahmud	\N
Rora	\N
Kevyn	\N
Oran	\N
Adelheid	\N
Kenn	\N
Sonnie	\N
Ezra	\N
Tannie	\N
Libbie	\N
Harlin	\N
Georgia	\N
Sybyl	\N
Henka	\N
Danie	\N
Barbara	\N
Sela	\N
Carmine	\N
Sherie	\N
Tarah	\N
Pier	\N
Robbyn	\N
Jose	\N
Thelma	\N
Abrahan	\N
Eolande	\N
Hobey	\N
Gradey	\N
Gabbey	\N
Avie	\N
Joelly	\N
Elonore	\N
Gerda	\N
Ashien	\N
Arleta	\N
Jessamyn	\N
Cletus	\N
Michael	\N
Caspar	\N
Opalina	\N
Gene	\N
Kayne	\N
Fania	\N
Osbourne	\N
Venita	\N
Frederich	\N
Charley	\N
Ester	\N
Johna	\N
Arlee	\N
Dag	\N
Maddy	\N
Jon	\N
Salem	\N
Leah	\N
Leicester	\N
Janey	\N
Rosetta	\N
Row	\N
Cordy	\N
Heather	\N
Ilyssa	\N
Lin	\N
Jemmy	\N
Ermentrude	\N
Leda	\N
Arabella	\N
Leann	\N
Claybourne	\N
Rose	\N
Goldi	\N
Merna	\N
Myranda	\N
Archaimbaud	\N
Emilie	\N
Lee	\N
Diego	\N
Manuel	\N
Olia	\N
Minette	\N
Mindy	\N
Stacy	\N
Elliott	\N
Clarice	\N
Romain	\N
Mel	\N
Justin	\N
Wynnie	\N
Desi	\N
Obadiah	\N
Marley	\N
Anneliese	\N
Alejoa	\N
Murray	\N
Christalle	\N
Pren	\N
Bordie	\N
Siegfried	\N
Griffy	\N
Michelle	\N
Ryan	\N
Flss	\N
Trudie	\N
Marla	\N
Jaymie	\N
Lorne	\N
Dian	\N
Orelie	\N
Gillie	\N
Rosana	\N
Lynde	\N
Edee	\N
Luise	\N
Umberto	\N
Olympe	\N
Alano	\N
Olive	\N
Catherine	\N
Miranda	\N
Mathilde	\N
Alexandro	\N
Cleve	\N
Raul	\N
Wilhelmina	\N
Guglielma	\N
Lacy	\N
Rafi	\N
Kizzie	\N
Arline	\N
Daniella	\N
Butch	\N
Nichols	\N
Parsifal	\N
Silvio	\N
Berrie	\N
Marshal	\N
Caralie	\N
Robina	\N
Tedmund	\N
Reube	\N
Billie	\N
Annabelle	\N
Archie	\N
Maura	\N
Bria	\N
Misha	\N
Madison	\N
Dacy	\N
Artus	\N
Cheryl	\N
Wynne	\N
Edith	\N
Putnam	\N
Filmore	\N
Catherina	\N
Nerita	\N
Virgilio	\N
Flossie	\N
Bunni	\N
Tammi	\N
Shaun	\N
Annaliese	\N
Judas	\N
Richy	\N
Valentina	\N
Michel	\N
Octavius	\N
Rolf	\N
Tobias	\N
Elyn	\N
Neddie	\N
Maud	\N
Townie	\N
Ariel	\N
Fergus	\N
Wiatt	\N
Tara	\N
Yoshi	\N
Ancell	\N
Gearard	\N
Vally	\N
Jacintha	\N
Tyler	\N
Faun	\N
Denny	\N
Ephrayim	\N
Martha	\N
Anne	\N
Mort	\N
Beverley	\N
Tamarah	\N
Kania	\N
Annamarie	\N
Germaine	\N
Jasmine	\N
Emelyne	\N
Maureen	\N
Loella	\N
Hollyanne	\N
Dacia	\N
Bettina	\N
Neron	\N
Cherice	\N
Davidde	\N
Ciro	\N
Evanne	\N
Sonia	\N
Pietrek	\N
Jess	\N
Vidovic	\N
Rich	\N
Hazel	\N
Irvine	\N
Danit	\N
Brant	\N
Kelcie	\N
Tatiana	\N
Leia	\N
Salomi	\N
Quinton	\N
Roderich	\N
Giselle	\N
Agosto	\N
Kira	\N
Emery	\N
Angelico	\N
Meaghan	\N
Caroline	\N
Corinne	\N
Mile	\N
Caria	\N
Alison	\N
Sherwood	\N
Rowland	\N
Ulrikaumeko	\N
Brittany	\N
Meredith	\N
Wainwright	\N
Nanci	\N
Maighdiln	\N
Shantee	\N
Rosabelle	\N
Erny	\N
Maressa	\N
Bourke	\N
Dennet	\N
Joli	\N
Kaylyn	\N
Llywellyn	\N
Gothart	\N
Brennan	\N
Jarred	\N
Farrand	\N
Myrtice	\N
Ermina	\N
Shel	\N
Emelita	\N
Antonetta	\N
Terrance	\N
Revkah	\N
Nollie	\N
Moira	\N
Lissy	\N
Dionne	\N
Trish	\N
Buddy	\N
Gwen	\N
Fernandina	\N
Maxwell	\N
Munroe	\N
Doe	\N
Vladimir	\N
Curcio	\N
Moore	\N
Monique	\N
Kelsy	\N
Veriee	\N
Kahlil	\N
Elysha	\N
Sher	\N
Denice	\N
Darelle	\N
Krystalle	\N
Gaylord	\N
Otha	\N
Wright	\N
Ezekiel	\N
Hercules	\N
Maxine	\N
Farrel	\N
Brade	\N
Zelda	\N
Franciskus	\N
Noe	\N
Patrice	\N
Marius	\N
Oberon	\N
Hilarius	\N
Webster	\N
Neil	\N
Hubert	\N
Clotilda	\N
Shawn	\N
Estrellita	\N
Dagmar	\N
Evelin	\N
Joe	\N
Case	\N
Chloris	\N
Horatius	\N
Lind	\N
Daloris	\N
Elroy	\N
Dennie	\N
Helge	\N
Dari	\N
Merwin	\N
Frederic	\N
Cherianne	\N
Tildi	\N
Sheilah	\N
Sofie	\N
Jorge	\N
Ransom	\N
Bianca	\N
Lolita	\N
Mahmoud	\N
Molly	\N
Shelley	\N
Courtney	\N
Montgomery	\N
Roch	\N
Janka	\N
Marian	\N
Randolph	\N
Daniele	\N
Sigvard	\N
Lanny	\N
Rheta	\N
Jeth	\N
Carena	\N
Justina	\N
Willetta	\N
Sonni	\N
Anna-maria	\N
Keelia	\N
Guido	\N
Trevar	\N
Leupold	\N
Fletch	\N
Evvie	\N
Fredia	\N
Malena	\N
Jonis	\N
Patsy	\N
Derry	\N
Quinn	\N
Farleigh	\N
Cal	\N
Judith	\N
Janeen	\N
Monti	\N
Agustin	\N
Alfi	\N
Alaine	\N
Tammy	\N
Magdalen	\N
Edan	\N
Elias	\N
Noll	\N
Rockie	\N
Warden	\N
Der	\N
Shamus	\N
Eddie	\N
Padraig	\N
Frederick	\N
Giacinta	\N
Annabell	\N
Lanna	\N
Sukey	\N
Jorgan	\N
Chelsey	\N
Jada	\N
Margalo	\N
Ariadne	\N
Bobinette	\N
Mary	\N
Kevan	\N
Shannon	\N
Hube	\N
Berti	\N
Avivah	\N
Nonna	\N
Garner	\N
Connie	\N
Alameda	\N
John	\N
Batholomew	\N
Hermie	\N
Gusta	\N
Obie	\N
Carmel	\N
Averell	\N
Hertha	\N
Sinclair	\N
Stephanie	\N
Cassi	\N
Simona	\N
Llewellyn	\N
Dore	\N
Colin	\N
Amity	\N
Bianka	\N
Clayson	\N
Bjorn	\N
Irma	\N
Joey	\N
Gina	\N
Gerek	\N
Wallie	\N
Hector	\N
Claire	\N
Felicio	\N
Gail	\N
Levin	\N
Valeda	\N
Dino	\N
Cecil	\N
Koren	\N
Lilith	\N
Hilda	\N
Nerissa	\N
Park	\N
Patrica	\N
Cate	\N
Tandi	\N
Olivie	\N
Minor	\N
Jodee	\N
Angelique	\N
Burch	\N
Fin	\N
Claudianus	\N
Toinette	\N
Nikolaos	\N
Marga	\N
Ardra	\N
Mylo	\N
Joyan	\N
Dorris	\N
Beverly	\N
Jarrett	\N
Harald	\N
Leoline	\N
Dex	\N
Arny	\N
Janene	\N
Kermie	\N
Mela	\N
Olivier	\N
Charyl	\N
Harmon	\N
Elsie	\N
Kaycee	\N
Bax	\N
Dona	\N
Godfrey	\N
Aline	\N
Nellie	\N
Bethanne	\N
Nicolle	\N
Rani	\N
Bowie	\N
Caz	\N
Hogan	\N
Tierney	\N
Lavina	\N
Lindsey	\N
Ruth	\N
Krysta	\N
Gasper	\N
Karin	\N
Ulric	\N
Claudelle	\N
Nealson	\N
Vonnie	\N
Katharyn	\N
Clerissa	\N
Gretna	\N
Danyelle	\N
Nertie	\N
Roseline	\N
Sidonia	\N
Brenna	\N
Rhiamon	\N
Charlean	\N
Newton	\N
Mic	\N
Fulvia	\N
Valentine	\N
Kathrine	\N
Iggy	\N
Brunhilda	\N
Naoma	\N
Missy	\N
Cob	\N
Lydon	\N
Dyann	\N
Kasey	\N
Gorden	\N
Ertha	\N
Armando	\N
Krystle	\N
Solomon	\N
Juliana	\N
Fedora	\N
Marie-ann	\N
Annabela	\N
Charlotta	\N
Anna-diana	\N
Kurtis	\N
Kristan	\N
Henri	\N
Hilliard	\N
Angelo	\N
Christabella	\N
Zolly	\N
Steward	\N
Adelbert	\N
Silvester	\N
Rubin	\N
Madonna	\N
Clarance	\N
Dar	\N
Elsi	\N
Rhona	\N
Adey	\N
Reggie	\N
Alastair	\N
Samara	\N
Clea	\N
Valentino	\N
Rutledge	\N
Sallyann	\N
Brok	\N
Deeyn	\N
Ruperta	\N
Orrin	\N
Marve	\N
Fairlie	\N
Callean	\N
Nadeen	\N
Ingram	\N
Gabey	\N
Zea	\N
\.


--
-- Data for Name: full_timer; Type: TABLE DATA; Schema: public; Owner: -
--

COPY public.full_timer (cname) FROM stdin;
Joline
Arlin
Fern
Melinde
Tibold
Bryce
Bridie
Abigale
Ettie
Cully
Micah
Lisle
Candice
Thekla
Dinnie
Alessandra
Boy
Noni
Wilmar
Binnie
Gertrudis
Mitzi
Nels
Elene
Ximenez
Timi
Ivy
Shaw
Craggy
Kaela
Killy
Lynn
Konstantin
Izabel
Lynett
Corena
Nike
Jamie
Angelia
Ignacius
Sebastien
Lidia
Myrah
Pearce
Anette
Garald
Patti
Giacopo
Cristiano
Mahmud
Kevyn
Oran
Adelheid
Kenn
Sonnie
Ezra
Tannie
Libbie
Harlin
Georgia
Sybyl
Henka
Danie
Barbara
Carmine
Sherie
Tarah
Pier
Robbyn
Jose
Thelma
Abrahan
Hobey
Gradey
Gabbey
Avie
Joelly
Elonore
Gerda
Arleta
Jessamyn
Cletus
Michael
Caspar
Opalina
Gene
Kayne
Osbourne
Venita
Frederich
Charley
Ester
Johna
Arlee
Dag
Maddy
Jon
Salem
Leah
Leicester
Janey
Row
Heather
Lin
Jemmy
Ermentrude
Leda
Arabella
Leann
Claybourne
Rose
Goldi
Merna
Myranda
Archaimbaud
Emilie
Lee
Diego
Manuel
Olia
Minette
Mindy
Stacy
Elliott
Clarice
Romain
Mel
Justin
Wynnie
Desi
Obadiah
Marley
Anneliese
Alejoa
Murray
Christalle
Pren
Bordie
Siegfried
Griffy
Michelle
Ryan
Flss
Trudie
Jaymie
Lorne
Dian
Orelie
Gillie
Lynde
Edee
Luise
Umberto
Olympe
Alano
Olive
Catherine
Miranda
Mathilde
Alexandro
Cleve
Raul
Wilhelmina
Guglielma
Lacy
Rafi
Kizzie
Arline
Daniella
Butch
Nichols
Parsifal
Silvio
Berrie
Marshal
Caralie
Robina
Tedmund
Reube
Billie
Annabelle
Archie
Maura
Bria
Misha
Madison
Dacy
Artus
Cheryl
Wynne
Edith
Putnam
Filmore
Catherina
Nerita
Virgilio
Flossie
Bunni
Tammi
Shaun
Annaliese
Judas
Richy
Valentina
Michel
Octavius
Rolf
Tobias
Elyn
Neddie
Maud
Townie
Ariel
Fergus
Wiatt
Tara
Yoshi
Ancell
Jacintha
Tyler
Faun
Denny
Ephrayim
Martha
Anne
Mort
Beverley
Tamarah
Kania
Annamarie
Germaine
Emelyne
Maureen
Loella
Hollyanne
Dacia
Bettina
Neron
Davidde
Ciro
Evanne
Sonia
Pietrek
Jess
Vidovic
Rich
Irvine
Danit
Brant
Kelcie
Tatiana
Leia
Salomi
Quinton
Roderich
Giselle
Agosto
Kira
Emery
Angelico
Meaghan
Caroline
Corinne
Mile
Caria
Alison
Sherwood
Rowland
Ulrikaumeko
Brittany
Meredith
Wainwright
Nanci
Maighdiln
Rosabelle
Erny
Maressa
Bourke
Dennet
Joli
Kaylyn
Llywellyn
Brennan
Jarred
Farrand
Myrtice
Ermina
Shel
Emelita
Antonetta
Revkah
Nollie
Moira
Lissy
Dionne
Trish
Buddy
Gwen
Fernandina
Maxwell
Munroe
Vladimir
Curcio
Moore
Monique
Veriee
Kahlil
Elysha
Denice
Darelle
Krystalle
Gaylord
Otha
Wright
Ezekiel
Hercules
Farrel
Brade
Zelda
Franciskus
Noe
Patrice
Marius
Oberon
Neil
Hubert
Clotilda
Shawn
Estrellita
Evelin
Joe
Case
Chloris
Horatius
Lind
Daloris
Elroy
Dennie
Helge
Dari
Merwin
Frederic
Cherianne
Tildi
Sheilah
Sofie
Jorge
Ransom
Bianca
Lolita
Mahmoud
Molly
Shelley
Courtney
Montgomery
Roch
Janka
Marian
Randolph
Daniele
Sigvard
Lanny
Jeth
Carena
Willetta
Sonni
Anna-maria
Keelia
Guido
Trevar
Leupold
Fletch
Evvie
Fredia
Malena
Jonis
Patsy
Derry
Quinn
Farleigh
Cal
Judith
Janeen
Monti
Agustin
Alfi
Alaine
Tammy
Magdalen
Edan
Elias
Noll
Rockie
Warden
Der
Shamus
Eddie
Padraig
Frederick
Giacinta
Annabell
Lanna
Sukey
Jorgan
Chelsey
Jada
Margalo
Ariadne
Bobinette
Kevan
Shannon
Hube
Berti
Avivah
Nonna
Garner
Connie
Alameda
John
Batholomew
Gusta
Obie
Carmel
Averell
Hertha
Sinclair
Stephanie
Simona
Llewellyn
Dore
Colin
Amity
Bianka
Bjorn
Irma
Joey
Gina
Gerek
Wallie
Claire
Felicio
Gail
Levin
Valeda
Dino
Cecil
Koren
Lilith
Hilda
Park
Patrica
Cate
Tandi
Olivie
Minor
Jodee
Angelique
Burch
Fin
Claudianus
Toinette
Nikolaos
Marga
Ardra
Mylo
Joyan
Dorris
Beverly
Jarrett
Harald
Leoline
Dex
Arny
Kermie
Mela
Olivier
Charyl
Harmon
Elsie
Kaycee
Bax
Dona
Godfrey
Aline
Nellie
Bethanne
Nicolle
Rani
Bowie
Caz
Tierney
Lindsey
Ruth
Krysta
Gasper
Karin
Ulric
Claudelle
Nealson
Vonnie
Katharyn
Clerissa
Gretna
Danyelle
Nertie
Roseline
Sidonia
Brenna
Rhiamon
Charlean
Gerhardt
Kale
Keven
Mayer
Bab
Olwen
Clevey
Carroll
Alli
Del
Bernie
Babita
Dorelle
Budd
Juliann
Laural
Liana
Averil
Odo
Clari
Rozelle
Alley
Lavena
Jemmie
Coralie
Gale
Latrena
Saunder
Delly
Kayla
Hanan
Nickey
Cristine
Celene
Ruthi
Janek
Remington
Layney
Shayla
Reagen
Johann
Somerset
Jabez
Maire
Elsworth
Milicent
Fonsie
Berk
Serge
Myrna
Vivyanne
Emilee
Quill
Kath
Stafford
Cati
Derrick
Malina
Lelia
Kinnie
Ward
Evelina
Gussi
Elvyn
Emmerich
Layla
Kitti
Hinda
Baily
Karia
Gennifer
Lana
Moyna
Farrah
Kellyann
Marnia
Cordey
Daphna
Ivan
Teodor
Aila
Demetris
Joice
Heidie
Amye
Stanislaw
Hakim
Darsey
Emmie
Josephina
Avril
Bradney
Pall
Rora
Sela
Eolande
Ashien
Fania
Rosetta
Cordy
Ilyssa
Marla
Rosana
Gearard
Vally
Jasmine
Cherice
Hazel
Shantee
Gothart
Terrance
Doe
Kelsy
Sher
Maxine
Hilarius
Webster
Dagmar
Rheta
Justina
Mary
Hermie
Cassi
Clayson
Hector
Nerissa
Janene
Hogan
Lavina
Newton
Mic
Fulvia
Valentine
Kathrine
Iggy
Brunhilda
Naoma
Missy
Cob
Lydon
Dyann
Kasey
Gorden
Ertha
Armando
Krystle
Solomon
Juliana
Fedora
Marie-ann
Annabela
Charlotta
Anna-diana
Kurtis
Kristan
Henri
Hilliard
Angelo
Christabella
Zolly
Steward
Adelbert
Silvester
Rubin
Madonna
Clarance
Dar
Elsi
Rhona
Adey
Reggie
Alastair
Samara
Clea
Valentino
Rutledge
Sallyann
Brok
Deeyn
Ruperta
Orrin
Marve
Fairlie
Callean
Nadeen
Ingram
Gabey
Zea
\.


--
-- Data for Name: leaves; Type: TABLE DATA; Schema: public; Owner: -
--

COPY public.leaves (cname, date) FROM stdin;
Bridie	2023-01-01
Bridie	2023-06-19
Bridie	2023-12-31
Abigale	2023-01-01
Abigale	2023-06-19
Abigale	2023-12-31
Ettie	2023-01-01
Ettie	2023-06-19
Ettie	2023-12-31
Cully	2023-01-01
Cully	2023-06-19
Cully	2023-12-31
Micah	2023-01-01
Micah	2023-06-19
Micah	2023-12-31
Lisle	2023-01-01
Lisle	2023-06-19
Lisle	2023-12-31
Candice	2023-01-01
Candice	2023-06-19
Candice	2023-12-31
Thekla	2023-01-01
Thekla	2023-06-19
Thekla	2023-12-31
Dinnie	2023-01-01
Dinnie	2023-06-19
Dinnie	2023-12-31
Alessandra	2023-01-01
Alessandra	2023-06-19
Alessandra	2023-12-31
Boy	2023-01-01
Boy	2023-06-19
Boy	2023-12-31
Noni	2023-01-01
Noni	2023-06-19
Noni	2023-12-31
Wilmar	2023-01-01
Wilmar	2023-06-19
Wilmar	2023-12-31
Binnie	2023-01-01
Binnie	2023-06-19
Binnie	2023-12-31
Gertrudis	2023-01-01
Gertrudis	2023-06-19
Gertrudis	2023-12-31
Mitzi	2023-01-01
Mitzi	2023-06-19
Mitzi	2023-12-31
Nels	2023-01-01
Nels	2023-06-19
Nels	2023-12-31
Elene	2023-01-01
Elene	2023-06-19
Elene	2023-12-31
Ximenez	2023-01-01
Ximenez	2023-06-19
Ximenez	2023-12-31
Timi	2023-01-01
Joline	2023-01-01
Joline	2023-06-19
Joline	2023-12-31
Arlin	2023-01-01
Arlin	2023-06-19
Arlin	2023-12-31
Fern	2023-01-01
Fern	2023-06-19
Fern	2023-12-31
Melinde	2023-01-01
Melinde	2023-06-19
Melinde	2023-12-31
Tibold	2023-01-01
Tibold	2023-06-19
Tibold	2023-12-31
Timi	2023-06-19
Bryce	2023-01-01
Bryce	2023-06-19
Bryce	2023-12-31
Timi	2023-12-31
Ivy	2023-01-01
Ivy	2023-06-19
Ivy	2023-12-31
Shaw	2023-01-01
Shaw	2023-06-19
Shaw	2023-12-31
Craggy	2023-01-01
Craggy	2023-06-19
Craggy	2023-12-31
Kaela	2023-01-01
Kaela	2023-06-19
Kaela	2023-12-31
Killy	2023-01-01
Killy	2023-06-19
Killy	2023-12-31
Lynn	2023-01-01
Lynn	2023-06-19
Lynn	2023-12-31
Konstantin	2023-01-01
Konstantin	2023-06-19
Konstantin	2023-12-31
Izabel	2023-01-01
Izabel	2023-06-19
Izabel	2023-12-31
Lynett	2023-01-01
Lynett	2023-06-19
Lynett	2023-12-31
Corena	2023-01-01
Corena	2023-06-19
Corena	2023-12-31
Nike	2023-01-01
Nike	2023-06-19
Nike	2023-12-31
Jamie	2023-01-01
Jamie	2023-06-19
Jamie	2023-12-31
Angelia	2023-01-01
Angelia	2023-06-19
Angelia	2023-12-31
Ignacius	2023-01-01
Ignacius	2023-06-19
Ignacius	2023-12-31
Sebastien	2023-01-01
Sebastien	2023-06-19
Sebastien	2023-12-31
Lidia	2023-01-01
Lidia	2023-06-19
Lidia	2023-12-31
Myrah	2023-01-01
Myrah	2023-06-19
Myrah	2023-12-31
Pearce	2023-01-01
Pearce	2023-06-19
Pearce	2023-12-31
Anette	2023-01-01
Anette	2023-06-19
Anette	2023-12-31
Garald	2023-01-01
Garald	2023-06-19
Garald	2023-12-31
Patti	2023-01-01
Patti	2023-06-19
Patti	2023-12-31
Giacopo	2023-01-01
Giacopo	2023-06-19
Giacopo	2023-12-31
Cristiano	2023-01-01
Cristiano	2023-06-19
Cristiano	2023-12-31
Mahmud	2023-01-01
Mahmud	2023-06-19
Mahmud	2023-12-31
Kevyn	2023-01-01
Kevyn	2023-06-19
Kevyn	2023-12-31
Oran	2023-01-01
Oran	2023-06-19
Oran	2023-12-31
Adelheid	2023-01-01
Adelheid	2023-06-19
Adelheid	2023-12-31
Kenn	2023-01-01
Kenn	2023-06-19
Kenn	2023-12-31
Sonnie	2023-01-01
Sonnie	2023-06-19
Sonnie	2023-12-31
Ezra	2023-01-01
Ezra	2023-06-19
Ezra	2023-12-31
Tannie	2023-01-01
Tannie	2023-06-19
Tannie	2023-12-31
Libbie	2023-01-01
Libbie	2023-06-19
Libbie	2023-12-31
Harlin	2023-01-01
Harlin	2023-06-19
Harlin	2023-12-31
Georgia	2023-01-01
Georgia	2023-06-19
Georgia	2023-12-31
Sybyl	2023-01-01
Sybyl	2023-06-19
Sybyl	2023-12-31
Henka	2023-01-01
Henka	2023-06-19
Henka	2023-12-31
Danie	2023-01-01
Danie	2023-06-19
Danie	2023-12-31
Barbara	2023-01-01
Barbara	2023-06-19
Barbara	2023-12-31
Carmine	2023-01-01
Carmine	2023-06-19
Carmine	2023-12-31
Sherie	2023-01-01
Sherie	2023-06-19
Sherie	2023-12-31
Tarah	2023-01-01
Tarah	2023-06-19
Tarah	2023-12-31
Pier	2023-01-01
Pier	2023-06-19
Pier	2023-12-31
Robbyn	2023-01-01
Robbyn	2023-06-19
Robbyn	2023-12-31
Jose	2023-01-01
Jose	2023-06-19
Jose	2023-12-31
Thelma	2023-01-01
Thelma	2023-06-19
Thelma	2023-12-31
Abrahan	2023-01-01
Abrahan	2023-06-19
Abrahan	2023-12-31
Hobey	2023-01-01
Hobey	2023-06-19
Hobey	2023-12-31
Gradey	2023-01-01
Gradey	2023-06-19
Gradey	2023-12-31
Gabbey	2023-01-01
Gabbey	2023-06-19
Gabbey	2023-12-31
Avie	2023-01-01
Avie	2023-06-19
Avie	2023-12-31
Joelly	2023-01-01
Joelly	2023-06-19
Joelly	2023-12-31
Elonore	2023-01-01
Elonore	2023-06-19
Elonore	2023-12-31
Gerda	2023-01-01
Gerda	2023-06-19
Gerda	2023-12-31
Arleta	2023-01-01
Arleta	2023-06-19
Arleta	2023-12-31
Jessamyn	2023-01-01
Jessamyn	2023-06-19
Jessamyn	2023-12-31
Cletus	2023-01-01
Cletus	2023-06-19
Cletus	2023-12-31
Michael	2023-01-01
Michael	2023-06-19
Michael	2023-12-31
Caspar	2023-01-01
Caspar	2023-06-19
Caspar	2023-12-31
Opalina	2023-01-01
Opalina	2023-06-19
Opalina	2023-12-31
Gene	2023-01-01
Gene	2023-06-19
Gene	2023-12-31
Kayne	2023-01-01
Kayne	2023-06-19
Kayne	2023-12-31
Osbourne	2023-01-01
Osbourne	2023-06-19
Osbourne	2023-12-31
Venita	2023-01-01
Venita	2023-06-19
Venita	2023-12-31
Frederich	2023-01-01
Frederich	2023-06-19
Frederich	2023-12-31
Charley	2023-01-01
Charley	2023-06-19
Charley	2023-12-31
Ester	2023-01-01
Ester	2023-06-19
Ester	2023-12-31
Johna	2023-01-01
Johna	2023-06-19
Johna	2023-12-31
Arlee	2023-01-01
Arlee	2023-06-19
Arlee	2023-12-31
Dag	2023-01-01
Dag	2023-06-19
Dag	2023-12-31
Maddy	2023-01-01
Maddy	2023-06-19
Maddy	2023-12-31
Jon	2023-01-01
Jon	2023-06-19
Jon	2023-12-31
Salem	2023-01-01
Salem	2023-06-19
Salem	2023-12-31
Leah	2023-01-01
Leah	2023-06-19
Leah	2023-12-31
Leicester	2023-01-01
Leicester	2023-06-19
Leicester	2023-12-31
Janey	2023-01-01
Janey	2023-06-19
Janey	2023-12-31
Row	2023-01-01
Row	2023-06-19
Row	2023-12-31
Heather	2023-01-01
Heather	2023-06-19
Heather	2023-12-31
Lin	2023-01-01
Lin	2023-06-19
Lin	2023-12-31
Jemmy	2023-01-01
Jemmy	2023-06-19
Jemmy	2023-12-31
Ermentrude	2023-01-01
Ermentrude	2023-06-19
Ermentrude	2023-12-31
Leda	2023-01-01
Leda	2023-06-19
Leda	2023-12-31
Arabella	2023-01-01
Arabella	2023-06-19
Arabella	2023-12-31
Leann	2023-01-01
Leann	2023-06-19
Leann	2023-12-31
Claybourne	2023-01-01
Claybourne	2023-06-19
Claybourne	2023-12-31
Rose	2023-01-01
Rose	2023-06-19
Rose	2023-12-31
Goldi	2023-01-01
Goldi	2023-06-19
Goldi	2023-12-31
Merna	2023-01-01
Merna	2023-06-19
Merna	2023-12-31
Myranda	2023-01-01
Myranda	2023-06-19
Myranda	2023-12-31
Archaimbaud	2023-01-01
Archaimbaud	2023-06-19
Archaimbaud	2023-12-31
Emilie	2023-01-01
Emilie	2023-06-19
Emilie	2023-12-31
Lee	2023-01-01
Lee	2023-06-19
Lee	2023-12-31
Diego	2023-01-01
Diego	2023-06-19
Diego	2023-12-31
Manuel	2023-01-01
Manuel	2023-06-19
Manuel	2023-12-31
Olia	2023-01-01
Olia	2023-06-19
Olia	2023-12-31
Minette	2023-01-01
Minette	2023-06-19
Minette	2023-12-31
Mindy	2023-01-01
Mindy	2023-06-19
Mindy	2023-12-31
Stacy	2023-01-01
Stacy	2023-06-19
Stacy	2023-12-31
Elliott	2023-01-01
Elliott	2023-06-19
Elliott	2023-12-31
Clarice	2023-01-01
Clarice	2023-06-19
Clarice	2023-12-31
Romain	2023-01-01
Romain	2023-06-19
Romain	2023-12-31
Mel	2023-01-01
Mel	2023-06-19
Mel	2023-12-31
Justin	2023-01-01
Justin	2023-06-19
Justin	2023-12-31
Wynnie	2023-01-01
Wynnie	2023-06-19
Wynnie	2023-12-31
Desi	2023-01-01
Desi	2023-06-19
Desi	2023-12-31
Obadiah	2023-01-01
Obadiah	2023-06-19
Obadiah	2023-12-31
Marley	2023-01-01
Marley	2023-06-19
Marley	2023-12-31
Anneliese	2023-01-01
Anneliese	2023-06-19
Anneliese	2023-12-31
Alejoa	2023-01-01
Alejoa	2023-06-19
Alejoa	2023-12-31
Murray	2023-01-01
Murray	2023-06-19
Murray	2023-12-31
Christalle	2023-01-01
Christalle	2023-06-19
Christalle	2023-12-31
Pren	2023-01-01
Pren	2023-06-19
Pren	2023-12-31
Bordie	2023-01-01
Bordie	2023-06-19
Bordie	2023-12-31
Siegfried	2023-01-01
Siegfried	2023-06-19
Siegfried	2023-12-31
Griffy	2023-01-01
Griffy	2023-06-19
Griffy	2023-12-31
Michelle	2023-01-01
Michelle	2023-06-19
Michelle	2023-12-31
Ryan	2023-01-01
Ryan	2023-06-19
Ryan	2023-12-31
Flss	2023-01-01
Flss	2023-06-19
Flss	2023-12-31
Trudie	2023-01-01
Trudie	2023-06-19
Trudie	2023-12-31
Jaymie	2023-01-01
Jaymie	2023-06-19
Jaymie	2023-12-31
Lorne	2023-01-01
Lorne	2023-06-19
Lorne	2023-12-31
Dian	2023-01-01
Dian	2023-06-19
Dian	2023-12-31
Orelie	2023-01-01
Orelie	2023-06-19
Orelie	2023-12-31
Gillie	2023-01-01
Gillie	2023-06-19
Gillie	2023-12-31
Lynde	2023-01-01
Lynde	2023-06-19
Lynde	2023-12-31
Edee	2023-01-01
Edee	2023-06-19
Edee	2023-12-31
Luise	2023-01-01
Luise	2023-06-19
Luise	2023-12-31
Umberto	2023-01-01
Umberto	2023-06-19
Umberto	2023-12-31
Olympe	2023-01-01
Olympe	2023-06-19
Olympe	2023-12-31
Alano	2023-01-01
Alano	2023-06-19
Alano	2023-12-31
Olive	2023-01-01
Olive	2023-06-19
Olive	2023-12-31
Catherine	2023-01-01
Catherine	2023-06-19
Catherine	2023-12-31
Miranda	2023-01-01
Miranda	2023-06-19
Miranda	2023-12-31
Mathilde	2023-01-01
Mathilde	2023-06-19
Mathilde	2023-12-31
Alexandro	2023-01-01
Alexandro	2023-06-19
Alexandro	2023-12-31
Cleve	2023-01-01
Cleve	2023-06-19
Cleve	2023-12-31
Raul	2023-01-01
Raul	2023-06-19
Raul	2023-12-31
Wilhelmina	2023-01-01
Wilhelmina	2023-06-19
Wilhelmina	2023-12-31
Guglielma	2023-01-01
Guglielma	2023-06-19
Guglielma	2023-12-31
Lacy	2023-01-01
Lacy	2023-06-19
Lacy	2023-12-31
Rafi	2023-01-01
Rafi	2023-06-19
Rafi	2023-12-31
Kizzie	2023-01-01
Kizzie	2023-06-19
Kizzie	2023-12-31
Arline	2023-01-01
Arline	2023-06-19
Arline	2023-12-31
Daniella	2023-01-01
Daniella	2023-06-19
Daniella	2023-12-31
Butch	2023-01-01
Butch	2023-06-19
Butch	2023-12-31
Nichols	2023-01-01
Nichols	2023-06-19
Nichols	2023-12-31
Parsifal	2023-01-01
Parsifal	2023-06-19
Parsifal	2023-12-31
Silvio	2023-01-01
Silvio	2023-06-19
Silvio	2023-12-31
Berrie	2023-01-01
Berrie	2023-06-19
Berrie	2023-12-31
Marshal	2023-01-01
Marshal	2023-06-19
Marshal	2023-12-31
Caralie	2023-01-01
Caralie	2023-06-19
Caralie	2023-12-31
Robina	2023-01-01
Robina	2023-06-19
Robina	2023-12-31
Tedmund	2023-01-01
Tedmund	2023-06-19
Tedmund	2023-12-31
Reube	2023-01-01
Reube	2023-06-19
Reube	2023-12-31
Billie	2023-01-01
Billie	2023-06-19
Billie	2023-12-31
Annabelle	2023-01-01
Annabelle	2023-06-19
Annabelle	2023-12-31
Archie	2023-01-01
Archie	2023-06-19
Archie	2023-12-31
Maura	2023-01-01
Maura	2023-06-19
Maura	2023-12-31
Bria	2023-01-01
Bria	2023-06-19
Bria	2023-12-31
Misha	2023-01-01
Misha	2023-06-19
Misha	2023-12-31
Madison	2023-01-01
Madison	2023-06-19
Madison	2023-12-31
Dacy	2023-01-01
Dacy	2023-06-19
Dacy	2023-12-31
Artus	2023-01-01
Artus	2023-06-19
Artus	2023-12-31
Cheryl	2023-01-01
Cheryl	2023-06-19
Cheryl	2023-12-31
Wynne	2023-01-01
Wynne	2023-06-19
Wynne	2023-12-31
Edith	2023-01-01
Edith	2023-06-19
Edith	2023-12-31
Putnam	2023-01-01
Putnam	2023-06-19
Putnam	2023-12-31
Filmore	2023-01-01
Filmore	2023-06-19
Filmore	2023-12-31
Catherina	2023-01-01
Catherina	2023-06-19
Catherina	2023-12-31
Nerita	2023-01-01
Nerita	2023-06-19
Nerita	2023-12-31
Virgilio	2023-01-01
Virgilio	2023-06-19
Virgilio	2023-12-31
Flossie	2023-01-01
Flossie	2023-06-19
Flossie	2023-12-31
Bunni	2023-01-01
Bunni	2023-06-19
Bunni	2023-12-31
Tammi	2023-01-01
Tammi	2023-06-19
Tammi	2023-12-31
Shaun	2023-01-01
Shaun	2023-06-19
Shaun	2023-12-31
Annaliese	2023-01-01
Annaliese	2023-06-19
Annaliese	2023-12-31
Judas	2023-01-01
Judas	2023-06-19
Judas	2023-12-31
Richy	2023-01-01
Richy	2023-06-19
Richy	2023-12-31
Valentina	2023-01-01
Valentina	2023-06-19
Valentina	2023-12-31
Michel	2023-01-01
Michel	2023-06-19
Michel	2023-12-31
Octavius	2023-01-01
Octavius	2023-06-19
Octavius	2023-12-31
Rolf	2023-01-01
Rolf	2023-06-19
Rolf	2023-12-31
Tobias	2023-01-01
Tobias	2023-06-19
Tobias	2023-12-31
Elyn	2023-01-01
Elyn	2023-06-19
Elyn	2023-12-31
Neddie	2023-01-01
Neddie	2023-06-19
Neddie	2023-12-31
Maud	2023-01-01
Maud	2023-06-19
Maud	2023-12-31
Townie	2023-01-01
Townie	2023-06-19
Townie	2023-12-31
Ariel	2023-01-01
Ariel	2023-06-19
Ariel	2023-12-31
Fergus	2023-01-01
Fergus	2023-06-19
Fergus	2023-12-31
Wiatt	2023-01-01
Wiatt	2023-06-19
Wiatt	2023-12-31
Tara	2023-01-01
Tara	2023-06-19
Tara	2023-12-31
Yoshi	2023-01-01
Yoshi	2023-06-19
Yoshi	2023-12-31
Ancell	2023-01-01
Ancell	2023-06-19
Ancell	2023-12-31
Jacintha	2023-01-01
Jacintha	2023-06-19
Jacintha	2023-12-31
Tyler	2023-01-01
Tyler	2023-06-19
Tyler	2023-12-31
Faun	2023-01-01
Faun	2023-06-19
Faun	2023-12-31
Denny	2023-01-01
Denny	2023-06-19
Denny	2023-12-31
Ephrayim	2023-01-01
Ephrayim	2023-06-19
Ephrayim	2023-12-31
Martha	2023-01-01
Martha	2023-06-19
Martha	2023-12-31
Anne	2023-01-01
Anne	2023-06-19
Anne	2023-12-31
Mort	2023-01-01
Mort	2023-06-19
Mort	2023-12-31
Beverley	2023-01-01
Beverley	2023-06-19
Beverley	2023-12-31
Tamarah	2023-01-01
Tamarah	2023-06-19
Tamarah	2023-12-31
Kania	2023-01-01
Kania	2023-06-19
Kania	2023-12-31
Annamarie	2023-01-01
Annamarie	2023-06-19
Annamarie	2023-12-31
Germaine	2023-01-01
Germaine	2023-06-19
Germaine	2023-12-31
Emelyne	2023-01-01
Emelyne	2023-06-19
Emelyne	2023-12-31
Maureen	2023-01-01
Maureen	2023-06-19
Maureen	2023-12-31
Loella	2023-01-01
Loella	2023-06-19
Loella	2023-12-31
Hollyanne	2023-01-01
Hollyanne	2023-06-19
Hollyanne	2023-12-31
Dacia	2023-01-01
Dacia	2023-06-19
Dacia	2023-12-31
Bettina	2023-01-01
Bettina	2023-06-19
Bettina	2023-12-31
Neron	2023-01-01
Neron	2023-06-19
Neron	2023-12-31
Davidde	2023-01-01
Davidde	2023-06-19
Davidde	2023-12-31
Ciro	2023-01-01
Ciro	2023-06-19
Ciro	2023-12-31
Evanne	2023-01-01
Evanne	2023-06-19
Evanne	2023-12-31
Sonia	2023-01-01
Sonia	2023-06-19
Sonia	2023-12-31
Pietrek	2023-01-01
Pietrek	2023-06-19
Pietrek	2023-12-31
Jess	2023-01-01
Jess	2023-06-19
Jess	2023-12-31
Vidovic	2023-01-01
Vidovic	2023-06-19
Vidovic	2023-12-31
Rich	2023-01-01
Rich	2023-06-19
Rich	2023-12-31
Irvine	2023-01-01
Irvine	2023-06-19
Irvine	2023-12-31
Danit	2023-01-01
Danit	2023-06-19
Danit	2023-12-31
Brant	2023-01-01
Brant	2023-06-19
Brant	2023-12-31
Kelcie	2023-01-01
Kelcie	2023-06-19
Kelcie	2023-12-31
Tatiana	2023-01-01
Tatiana	2023-06-19
Tatiana	2023-12-31
Leia	2023-01-01
Leia	2023-06-19
Leia	2023-12-31
Salomi	2023-01-01
Salomi	2023-06-19
Salomi	2023-12-31
Quinton	2023-01-01
Quinton	2023-06-19
Quinton	2023-12-31
Roderich	2023-01-01
Roderich	2023-06-19
Roderich	2023-12-31
Giselle	2023-01-01
Giselle	2023-06-19
Giselle	2023-12-31
Agosto	2023-01-01
Agosto	2023-06-19
Agosto	2023-12-31
Kira	2023-01-01
Kira	2023-06-19
Kira	2023-12-31
Emery	2023-01-01
Emery	2023-06-19
Emery	2023-12-31
Angelico	2023-01-01
Angelico	2023-06-19
Angelico	2023-12-31
Meaghan	2023-01-01
Meaghan	2023-06-19
Meaghan	2023-12-31
Caroline	2023-01-01
Caroline	2023-06-19
Caroline	2023-12-31
Corinne	2023-01-01
Corinne	2023-06-19
Corinne	2023-12-31
Mile	2023-01-01
Mile	2023-06-19
Mile	2023-12-31
Caria	2023-01-01
Caria	2023-06-19
Caria	2023-12-31
Alison	2023-01-01
Alison	2023-06-19
Alison	2023-12-31
Sherwood	2023-01-01
Sherwood	2023-06-19
Sherwood	2023-12-31
Rowland	2023-01-01
Rowland	2023-06-19
Rowland	2023-12-31
Ulrikaumeko	2023-01-01
Ulrikaumeko	2023-06-19
Ulrikaumeko	2023-12-31
Brittany	2023-01-01
Brittany	2023-06-19
Brittany	2023-12-31
Meredith	2023-01-01
Meredith	2023-06-19
Meredith	2023-12-31
Wainwright	2023-01-01
Wainwright	2023-06-19
Wainwright	2023-12-31
Nanci	2023-01-01
Nanci	2023-06-19
Nanci	2023-12-31
Maighdiln	2023-01-01
Maighdiln	2023-06-19
Maighdiln	2023-12-31
Rosabelle	2023-01-01
Rosabelle	2023-06-19
Rosabelle	2023-12-31
Erny	2023-01-01
Erny	2023-06-19
Erny	2023-12-31
Maressa	2023-01-01
Maressa	2023-06-19
Maressa	2023-12-31
Bourke	2023-01-01
Bourke	2023-06-19
Bourke	2023-12-31
Dennet	2023-01-01
Dennet	2023-06-19
Dennet	2023-12-31
Joli	2023-01-01
Joli	2023-06-19
Joli	2023-12-31
Kaylyn	2023-01-01
Kaylyn	2023-06-19
Kaylyn	2023-12-31
Llywellyn	2023-01-01
Llywellyn	2023-06-19
Llywellyn	2023-12-31
Brennan	2023-01-01
Brennan	2023-06-19
Brennan	2023-12-31
Jarred	2023-01-01
Jarred	2023-06-19
Jarred	2023-12-31
Farrand	2023-01-01
Farrand	2023-06-19
Farrand	2023-12-31
Myrtice	2023-01-01
Myrtice	2023-06-19
Myrtice	2023-12-31
Ermina	2023-01-01
Ermina	2023-06-19
Ermina	2023-12-31
Shel	2023-01-01
Shel	2023-06-19
Shel	2023-12-31
Emelita	2023-01-01
Emelita	2023-06-19
Emelita	2023-12-31
Antonetta	2023-01-01
Antonetta	2023-06-19
Antonetta	2023-12-31
Revkah	2023-01-01
Revkah	2023-06-19
Revkah	2023-12-31
Nollie	2023-01-01
Nollie	2023-06-19
Nollie	2023-12-31
Moira	2023-01-01
Moira	2023-06-19
Moira	2023-12-31
Lissy	2023-01-01
Lissy	2023-06-19
Lissy	2023-12-31
Dionne	2023-01-01
Dionne	2023-06-19
Dionne	2023-12-31
Trish	2023-01-01
Trish	2023-06-19
Trish	2023-12-31
Buddy	2023-01-01
Buddy	2023-06-19
Buddy	2023-12-31
Gwen	2023-01-01
Gwen	2023-06-19
Gwen	2023-12-31
Fernandina	2023-01-01
Fernandina	2023-06-19
Fernandina	2023-12-31
Maxwell	2023-01-01
Maxwell	2023-06-19
Maxwell	2023-12-31
Munroe	2023-01-01
Munroe	2023-06-19
Munroe	2023-12-31
Vladimir	2023-01-01
Vladimir	2023-06-19
Vladimir	2023-12-31
Curcio	2023-01-01
Curcio	2023-06-19
Curcio	2023-12-31
Moore	2023-01-01
Moore	2023-06-19
Moore	2023-12-31
Monique	2023-01-01
Monique	2023-06-19
Monique	2023-12-31
Veriee	2023-01-01
Veriee	2023-06-19
Veriee	2023-12-31
Kahlil	2023-01-01
Kahlil	2023-06-19
Kahlil	2023-12-31
Elysha	2023-01-01
Elysha	2023-06-19
Elysha	2023-12-31
Denice	2023-01-01
Denice	2023-06-19
Denice	2023-12-31
Darelle	2023-01-01
Darelle	2023-06-19
Darelle	2023-12-31
Krystalle	2023-01-01
Krystalle	2023-06-19
Krystalle	2023-12-31
Gaylord	2023-01-01
Gaylord	2023-06-19
Gaylord	2023-12-31
Otha	2023-01-01
Otha	2023-06-19
Otha	2023-12-31
Wright	2023-01-01
Wright	2023-06-19
Wright	2023-12-31
Ezekiel	2023-01-01
Ezekiel	2023-06-19
Ezekiel	2023-12-31
Hercules	2023-01-01
Hercules	2023-06-19
Hercules	2023-12-31
Farrel	2023-01-01
Farrel	2023-06-19
Farrel	2023-12-31
Brade	2023-01-01
Brade	2023-06-19
Brade	2023-12-31
Zelda	2023-01-01
Zelda	2023-06-19
Zelda	2023-12-31
Franciskus	2023-01-01
Franciskus	2023-06-19
Franciskus	2023-12-31
Noe	2023-01-01
Noe	2023-06-19
Noe	2023-12-31
Patrice	2023-01-01
Patrice	2023-06-19
Patrice	2023-12-31
Marius	2023-01-01
Marius	2023-06-19
Marius	2023-12-31
Oberon	2023-01-01
Oberon	2023-06-19
Oberon	2023-12-31
Neil	2023-01-01
Neil	2023-06-19
Neil	2023-12-31
Hubert	2023-01-01
Hubert	2023-06-19
Hubert	2023-12-31
Clotilda	2023-01-01
Clotilda	2023-06-19
Clotilda	2023-12-31
Shawn	2023-01-01
Shawn	2023-06-19
Shawn	2023-12-31
Estrellita	2023-01-01
Estrellita	2023-06-19
Estrellita	2023-12-31
Evelin	2023-01-01
Evelin	2023-06-19
Evelin	2023-12-31
Joe	2023-01-01
Joe	2023-06-19
Joe	2023-12-31
Case	2023-01-01
Case	2023-06-19
Case	2023-12-31
Chloris	2023-01-01
Chloris	2023-06-19
Chloris	2023-12-31
Horatius	2023-01-01
Horatius	2023-06-19
Horatius	2023-12-31
Lind	2023-01-01
Lind	2023-06-19
Lind	2023-12-31
Daloris	2023-01-01
Daloris	2023-06-19
Daloris	2023-12-31
Elroy	2023-01-01
Elroy	2023-06-19
Elroy	2023-12-31
Dennie	2023-01-01
Dennie	2023-06-19
Dennie	2023-12-31
Helge	2023-01-01
Helge	2023-06-19
Helge	2023-12-31
Dari	2023-01-01
Dari	2023-06-19
Dari	2023-12-31
Merwin	2023-01-01
Merwin	2023-06-19
Merwin	2023-12-31
Frederic	2023-01-01
Frederic	2023-06-19
Frederic	2023-12-31
Cherianne	2023-01-01
Cherianne	2023-06-19
Cherianne	2023-12-31
Tildi	2023-01-01
Tildi	2023-06-19
Tildi	2023-12-31
Sheilah	2023-01-01
Sheilah	2023-06-19
Sheilah	2023-12-31
Sofie	2023-01-01
Sofie	2023-06-19
Sofie	2023-12-31
Jorge	2023-01-01
Jorge	2023-06-19
Jorge	2023-12-31
Ransom	2023-01-01
Ransom	2023-06-19
Ransom	2023-12-31
Bianca	2023-01-01
Bianca	2023-06-19
Bianca	2023-12-31
Lolita	2023-01-01
Lolita	2023-06-19
Lolita	2023-12-31
Mahmoud	2023-01-01
Mahmoud	2023-06-19
Mahmoud	2023-12-31
Molly	2023-01-01
Molly	2023-06-19
Molly	2023-12-31
Shelley	2023-01-01
Shelley	2023-06-19
Shelley	2023-12-31
Courtney	2023-01-01
Courtney	2023-06-19
Courtney	2023-12-31
Montgomery	2023-01-01
Montgomery	2023-06-19
Montgomery	2023-12-31
Roch	2023-01-01
Roch	2023-06-19
Roch	2023-12-31
Janka	2023-01-01
Janka	2023-06-19
Janka	2023-12-31
Marian	2023-01-01
Marian	2023-06-19
Marian	2023-12-31
Randolph	2023-01-01
Randolph	2023-06-19
Randolph	2023-12-31
Daniele	2023-01-01
Daniele	2023-06-19
Daniele	2023-12-31
Sigvard	2023-01-01
Sigvard	2023-06-19
Sigvard	2023-12-31
Lanny	2023-01-01
Lanny	2023-06-19
Lanny	2023-12-31
Jeth	2023-01-01
Jeth	2023-06-19
Jeth	2023-12-31
Carena	2023-01-01
Carena	2023-06-19
Carena	2023-12-31
Willetta	2023-01-01
Willetta	2023-06-19
Willetta	2023-12-31
Sonni	2023-01-01
Sonni	2023-06-19
Sonni	2023-12-31
Anna-maria	2023-01-01
Anna-maria	2023-06-19
Anna-maria	2023-12-31
Keelia	2023-01-01
Keelia	2023-06-19
Keelia	2023-12-31
Guido	2023-01-01
Guido	2023-06-19
Guido	2023-12-31
Trevar	2023-01-01
Trevar	2023-06-19
Trevar	2023-12-31
Leupold	2023-01-01
Leupold	2023-06-19
Leupold	2023-12-31
Fletch	2023-01-01
Fletch	2023-06-19
Fletch	2023-12-31
Evvie	2023-01-01
Evvie	2023-06-19
Evvie	2023-12-31
Fredia	2023-01-01
Fredia	2023-06-19
Fredia	2023-12-31
Malena	2023-01-01
Malena	2023-06-19
Malena	2023-12-31
Jonis	2023-01-01
Jonis	2023-06-19
Jonis	2023-12-31
Patsy	2023-01-01
Patsy	2023-06-19
Patsy	2023-12-31
Derry	2023-01-01
Derry	2023-06-19
Derry	2023-12-31
Quinn	2023-01-01
Quinn	2023-06-19
Quinn	2023-12-31
Farleigh	2023-01-01
Farleigh	2023-06-19
Farleigh	2023-12-31
Cal	2023-01-01
Cal	2023-06-19
Cal	2023-12-31
Judith	2023-01-01
Judith	2023-06-19
Judith	2023-12-31
Janeen	2023-01-01
Janeen	2023-06-19
Janeen	2023-12-31
Monti	2023-01-01
Monti	2023-06-19
Monti	2023-12-31
Agustin	2023-01-01
Agustin	2023-06-19
Agustin	2023-12-31
Alfi	2023-01-01
Alfi	2023-06-19
Alfi	2023-12-31
Alaine	2023-01-01
Alaine	2023-06-19
Alaine	2023-12-31
Tammy	2023-01-01
Tammy	2023-06-19
Tammy	2023-12-31
Magdalen	2023-01-01
Magdalen	2023-06-19
Magdalen	2023-12-31
Edan	2023-01-01
Edan	2023-06-19
Edan	2023-12-31
Elias	2023-01-01
Elias	2023-06-19
Elias	2023-12-31
Noll	2023-01-01
Noll	2023-06-19
Noll	2023-12-31
Rockie	2023-01-01
Rockie	2023-06-19
Rockie	2023-12-31
Warden	2023-01-01
Warden	2023-06-19
Warden	2023-12-31
Der	2023-01-01
Der	2023-06-19
Der	2023-12-31
Shamus	2023-01-01
Shamus	2023-06-19
Shamus	2023-12-31
Eddie	2023-01-01
Eddie	2023-06-19
Eddie	2023-12-31
Padraig	2023-01-01
Padraig	2023-06-19
Padraig	2023-12-31
Frederick	2023-01-01
Frederick	2023-06-19
Frederick	2023-12-31
Giacinta	2023-01-01
Giacinta	2023-06-19
Giacinta	2023-12-31
Annabell	2023-01-01
Annabell	2023-06-19
Annabell	2023-12-31
Lanna	2023-01-01
Lanna	2023-06-19
Lanna	2023-12-31
Sukey	2023-01-01
Sukey	2023-06-19
Sukey	2023-12-31
Jorgan	2023-01-01
Jorgan	2023-06-19
Jorgan	2023-12-31
Chelsey	2023-01-01
Chelsey	2023-06-19
Chelsey	2023-12-31
Jada	2023-01-01
Jada	2023-06-19
Jada	2023-12-31
Margalo	2023-01-01
Margalo	2023-06-19
Margalo	2023-12-31
Ariadne	2023-01-01
Ariadne	2023-06-19
Ariadne	2023-12-31
Bobinette	2023-01-01
Bobinette	2023-06-19
Bobinette	2023-12-31
Kevan	2023-01-01
Kevan	2023-06-19
Kevan	2023-12-31
Shannon	2023-01-01
Shannon	2023-06-19
Shannon	2023-12-31
Hube	2023-01-01
Hube	2023-06-19
Hube	2023-12-31
Berti	2023-01-01
Berti	2023-06-19
Berti	2023-12-31
Avivah	2023-01-01
Avivah	2023-06-19
Avivah	2023-12-31
Nonna	2023-01-01
Nonna	2023-06-19
Nonna	2023-12-31
Garner	2023-01-01
Garner	2023-06-19
Garner	2023-12-31
Connie	2023-01-01
Connie	2023-06-19
Connie	2023-12-31
Alameda	2023-01-01
Alameda	2023-06-19
Alameda	2023-12-31
John	2023-01-01
John	2023-06-19
John	2023-12-31
Batholomew	2023-01-01
Batholomew	2023-06-19
Batholomew	2023-12-31
Gusta	2023-01-01
Gusta	2023-06-19
Gusta	2023-12-31
Obie	2023-01-01
Obie	2023-06-19
Obie	2023-12-31
Carmel	2023-01-01
Carmel	2023-06-19
Carmel	2023-12-31
Averell	2023-01-01
Averell	2023-06-19
Averell	2023-12-31
Hertha	2023-01-01
Hertha	2023-06-19
Hertha	2023-12-31
Sinclair	2023-01-01
Sinclair	2023-06-19
Sinclair	2023-12-31
Stephanie	2023-01-01
Stephanie	2023-06-19
Stephanie	2023-12-31
Simona	2023-01-01
Simona	2023-06-19
Simona	2023-12-31
Llewellyn	2023-01-01
Llewellyn	2023-06-19
Llewellyn	2023-12-31
Dore	2023-01-01
Dore	2023-06-19
Dore	2023-12-31
Colin	2023-01-01
Colin	2023-06-19
Colin	2023-12-31
Amity	2023-01-01
Amity	2023-06-19
Amity	2023-12-31
Bianka	2023-01-01
Bianka	2023-06-19
Bianka	2023-12-31
Bjorn	2023-01-01
Bjorn	2023-06-19
Bjorn	2023-12-31
Irma	2023-01-01
Irma	2023-06-19
Irma	2023-12-31
Joey	2023-01-01
Joey	2023-06-19
Joey	2023-12-31
Gina	2023-01-01
Gina	2023-06-19
Gina	2023-12-31
Gerek	2023-01-01
Gerek	2023-06-19
Gerek	2023-12-31
Wallie	2023-01-01
Wallie	2023-06-19
Wallie	2023-12-31
Claire	2023-01-01
Claire	2023-06-19
Claire	2023-12-31
Felicio	2023-01-01
Felicio	2023-06-19
Felicio	2023-12-31
Gail	2023-01-01
Gail	2023-06-19
Gail	2023-12-31
Levin	2023-01-01
Levin	2023-06-19
Levin	2023-12-31
Valeda	2023-01-01
Valeda	2023-06-19
Valeda	2023-12-31
Dino	2023-01-01
Dino	2023-06-19
Dino	2023-12-31
Cecil	2023-01-01
Cecil	2023-06-19
Cecil	2023-12-31
Koren	2023-01-01
Koren	2023-06-19
Koren	2023-12-31
Lilith	2023-01-01
Lilith	2023-06-19
Lilith	2023-12-31
Hilda	2023-01-01
Hilda	2023-06-19
Hilda	2023-12-31
Park	2023-01-01
Park	2023-06-19
Park	2023-12-31
Patrica	2023-01-01
Patrica	2023-06-19
Patrica	2023-12-31
Cate	2023-01-01
Cate	2023-06-19
Cate	2023-12-31
Tandi	2023-01-01
Tandi	2023-06-19
Tandi	2023-12-31
Olivie	2023-01-01
Olivie	2023-06-19
Olivie	2023-12-31
Minor	2023-01-01
Minor	2023-06-19
Minor	2023-12-31
Jodee	2023-01-01
Jodee	2023-06-19
Jodee	2023-12-31
Angelique	2023-01-01
Angelique	2023-06-19
Angelique	2023-12-31
Burch	2023-01-01
Burch	2023-06-19
Burch	2023-12-31
Fin	2023-01-01
Fin	2023-06-19
Fin	2023-12-31
Claudianus	2023-01-01
Claudianus	2023-06-19
Claudianus	2023-12-31
Toinette	2023-01-01
Toinette	2023-06-19
Toinette	2023-12-31
Nikolaos	2023-01-01
Nikolaos	2023-06-19
Nikolaos	2023-12-31
Marga	2023-01-01
Marga	2023-06-19
Marga	2023-12-31
Ardra	2023-01-01
Ardra	2023-06-19
Ardra	2023-12-31
Mylo	2023-01-01
Mylo	2023-06-19
Mylo	2023-12-31
Joyan	2023-01-01
Joyan	2023-06-19
Joyan	2023-12-31
Dorris	2023-01-01
Dorris	2023-06-19
Dorris	2023-12-31
Beverly	2023-01-01
Beverly	2023-06-19
Beverly	2023-12-31
Jarrett	2023-01-01
Jarrett	2023-06-19
Jarrett	2023-12-31
Harald	2023-01-01
Harald	2023-06-19
Harald	2023-12-31
Leoline	2023-01-01
Leoline	2023-06-19
Leoline	2023-12-31
Dex	2023-01-01
Dex	2023-06-19
Dex	2023-12-31
Arny	2023-01-01
Arny	2023-06-19
Arny	2023-12-31
Kermie	2023-01-01
Kermie	2023-06-19
Kermie	2023-12-31
Mela	2023-01-01
Mela	2023-06-19
Mela	2023-12-31
Olivier	2023-01-01
Olivier	2023-06-19
Olivier	2023-12-31
Charyl	2023-01-01
Charyl	2023-06-19
Charyl	2023-12-31
Harmon	2023-01-01
Harmon	2023-06-19
Harmon	2023-12-31
Elsie	2023-01-01
Elsie	2023-06-19
Elsie	2023-12-31
Kaycee	2023-01-01
Kaycee	2023-06-19
Kaycee	2023-12-31
Bax	2023-01-01
Bax	2023-06-19
Bax	2023-12-31
Dona	2023-01-01
Dona	2023-06-19
Dona	2023-12-31
Godfrey	2023-01-01
Godfrey	2023-06-19
Godfrey	2023-12-31
Aline	2023-01-01
Aline	2023-06-19
Aline	2023-12-31
Nellie	2023-01-01
Nellie	2023-06-19
Nellie	2023-12-31
Bethanne	2023-01-01
Bethanne	2023-06-19
Bethanne	2023-12-31
Nicolle	2023-01-01
Nicolle	2023-06-19
Nicolle	2023-12-31
Rani	2023-01-01
Rani	2023-06-19
Rani	2023-12-31
Bowie	2023-01-01
Bowie	2023-06-19
Bowie	2023-12-31
Caz	2023-01-01
Caz	2023-06-19
Caz	2023-12-31
Tierney	2023-01-01
Tierney	2023-06-19
Tierney	2023-12-31
Lindsey	2023-01-01
Lindsey	2023-06-19
Lindsey	2023-12-31
Ruth	2023-01-01
Ruth	2023-06-19
Ruth	2023-12-31
Krysta	2023-01-01
Krysta	2023-06-19
Krysta	2023-12-31
Gasper	2023-01-01
Gasper	2023-06-19
Gasper	2023-12-31
Karin	2023-01-01
Karin	2023-06-19
Karin	2023-12-31
Ulric	2023-01-01
Ulric	2023-06-19
Ulric	2023-12-31
Claudelle	2023-01-01
Claudelle	2023-06-19
Claudelle	2023-12-31
Nealson	2023-01-01
Nealson	2023-06-19
Nealson	2023-12-31
Vonnie	2023-01-01
Vonnie	2023-06-19
Vonnie	2023-12-31
Katharyn	2023-01-01
Katharyn	2023-06-19
Katharyn	2023-12-31
Clerissa	2023-01-01
Clerissa	2023-06-19
Clerissa	2023-12-31
Gretna	2023-01-01
Gretna	2023-06-19
Gretna	2023-12-31
Danyelle	2023-01-01
Danyelle	2023-06-19
Danyelle	2023-12-31
Nertie	2023-01-01
Nertie	2023-06-19
Nertie	2023-12-31
Roseline	2023-01-01
Roseline	2023-06-19
Roseline	2023-12-31
Sidonia	2023-01-01
Sidonia	2023-06-19
Sidonia	2023-12-31
Brenna	2023-01-01
Brenna	2023-06-19
Brenna	2023-12-31
Rhiamon	2023-01-01
Rhiamon	2023-06-19
Rhiamon	2023-12-31
Charlean	2023-01-01
Charlean	2023-06-19
Charlean	2023-12-31
Gerhardt	2023-01-01
Gerhardt	2023-06-19
Gerhardt	2023-12-31
Kale	2023-01-01
Kale	2023-06-19
Kale	2023-12-31
Keven	2023-01-01
Keven	2023-06-19
Keven	2023-12-31
Mayer	2023-01-01
Mayer	2023-06-19
Mayer	2023-12-31
Bab	2023-01-01
Bab	2023-06-19
Bab	2023-12-31
Olwen	2023-01-01
Olwen	2023-06-19
Olwen	2023-12-31
Clevey	2023-01-01
Clevey	2023-06-19
Clevey	2023-12-31
Carroll	2023-01-01
Carroll	2023-06-19
Carroll	2023-12-31
Alli	2023-01-01
Alli	2023-06-19
Alli	2023-12-31
Del	2023-01-01
Del	2023-06-19
Del	2023-12-31
Bernie	2023-01-01
Bernie	2023-06-19
Bernie	2023-12-31
Babita	2023-01-01
Babita	2023-06-19
Babita	2023-12-31
Dorelle	2023-01-01
Dorelle	2023-06-19
Dorelle	2023-12-31
Budd	2023-01-01
Budd	2023-06-19
Budd	2023-12-31
Juliann	2023-01-01
Juliann	2023-06-19
Juliann	2023-12-31
Laural	2023-01-01
Laural	2023-06-19
Laural	2023-12-31
Liana	2023-01-01
Liana	2023-06-19
Liana	2023-12-31
Averil	2023-01-01
Averil	2023-06-19
Averil	2023-12-31
Odo	2023-01-01
Odo	2023-06-19
Odo	2023-12-31
Clari	2023-01-01
Clari	2023-06-19
Clari	2023-12-31
Rozelle	2023-01-01
Rozelle	2023-06-19
Rozelle	2023-12-31
Alley	2023-01-01
Alley	2023-06-19
Alley	2023-12-31
Lavena	2022-12-30
Lavena	2022-12-31
Jemmie	2022-12-30
Jemmie	2022-12-31
Coralie	2022-12-30
Coralie	2022-12-31
Fergus	2022-12-30
Fergus	2022-12-31
Gale	2022-12-30
Gale	2022-12-31
Latrena	2022-12-30
Latrena	2022-12-31
Saunder	2022-12-30
Saunder	2022-12-31
Delly	2022-12-30
Delly	2022-12-31
Kayla	2022-12-30
Kayla	2022-12-31
Rhiamon	2022-12-30
Rhiamon	2022-12-31
Hanan	2022-12-30
Hanan	2022-12-31
Nickey	2022-12-30
Nickey	2022-12-31
Cristine	2022-12-30
Cristine	2022-12-31
Valentina	2022-12-30
Valentina	2022-12-31
Celene	2022-12-30
Celene	2022-12-31
Ruthi	2022-12-30
Ruthi	2022-12-31
Janek	2022-12-30
Janek	2022-12-31
Remington	2022-12-30
Remington	2022-12-31
Layney	2022-12-30
Layney	2022-12-31
Evvie	2022-12-30
Evvie	2022-12-31
Shayla	2022-12-30
Shayla	2022-12-31
Reagen	2022-12-30
Reagen	2022-12-31
Johann	2022-12-30
Johann	2022-12-31
Somerset	2022-12-30
Somerset	2022-12-31
Jabez	2022-12-30
Jabez	2022-12-31
Maire	2022-12-30
Maire	2022-12-31
Elsworth	2022-12-30
Elsworth	2022-12-31
Milicent	2022-12-30
Milicent	2022-12-31
Fonsie	2022-12-30
Fonsie	2022-12-31
Berk	2022-12-30
Berk	2022-12-31
Serge	2022-12-30
Serge	2022-12-31
Myrna	2022-12-30
Myrna	2022-12-31
Vivyanne	2022-12-30
Vivyanne	2022-12-31
Emilee	2022-12-30
Emilee	2022-12-31
Sonnie	2022-12-30
Sonnie	2022-12-31
Quill	2022-12-30
Quill	2022-12-31
Kath	2022-12-30
Kath	2022-12-31
Stafford	2022-12-30
Stafford	2022-12-31
Cati	2022-12-30
Cati	2022-12-31
Derrick	2022-12-30
Derrick	2022-12-31
Malina	2022-12-30
Malina	2022-12-31
Lelia	2022-12-30
Lelia	2022-12-31
Kinnie	2022-12-30
Kinnie	2022-12-31
Ward	2022-12-30
Ward	2022-12-31
Evelina	2022-12-30
Evelina	2022-12-31
Gussi	2022-12-30
Gussi	2022-12-31
Elvyn	2022-12-30
Elvyn	2022-12-31
Emmerich	2022-12-30
Emmerich	2022-12-31
Layla	2022-12-30
Layla	2022-12-31
Kitti	2022-12-30
Kitti	2022-12-31
Hinda	2022-12-30
Hinda	2022-12-31
Baily	2022-12-30
Baily	2022-12-31
Karia	2022-12-30
Karia	2022-12-31
Gennifer	2022-12-30
Gennifer	2022-12-31
Lana	2022-12-30
Lana	2022-12-31
Moyna	2022-12-30
Moyna	2022-12-31
Farrah	2022-12-30
Farrah	2022-12-31
Kellyann	2022-12-30
Kellyann	2022-12-31
Marnia	2022-12-30
Marnia	2022-12-31
Cordey	2022-12-30
Cordey	2022-12-31
Daphna	2022-12-30
Daphna	2022-12-31
Ivan	2022-12-30
Ivan	2022-12-31
Teodor	2022-12-30
Teodor	2022-12-31
Aila	2022-12-30
Aila	2022-12-31
Demetris	2022-12-30
Demetris	2022-12-31
Joice	2022-12-30
Joice	2022-12-31
Heidie	2022-12-30
Heidie	2022-12-31
Amye	2022-12-30
Amye	2022-12-31
Stanislaw	2022-12-30
Stanislaw	2022-12-31
Hakim	2022-12-30
Hakim	2022-12-31
Darsey	2022-12-30
Darsey	2022-12-31
Emmie	2022-12-30
Emmie	2022-12-31
Josephina	2022-12-30
Josephina	2022-12-31
Avril	2022-12-30
Avril	2022-12-31
Bradney	2022-12-30
Bradney	2022-12-31
Pall	2022-12-30
Pall	2022-12-31
Rora	2022-12-30
Rora	2022-12-31
Patrice	2022-12-30
Patrice	2022-12-31
Sela	2022-12-30
Sela	2022-12-31
Eolande	2022-12-30
Eolande	2022-12-31
Ashien	2022-12-30
Ashien	2022-12-31
Fania	2022-12-30
Fania	2022-12-31
Rosetta	2022-12-30
Rosetta	2022-12-31
Cordy	2022-12-30
Cordy	2022-12-31
Ilyssa	2022-12-30
Ilyssa	2022-12-31
Marla	2022-12-30
Marla	2022-12-31
Rosana	2022-12-30
Rosana	2022-12-31
Abigale	2022-12-30
Abigale	2022-12-31
Gearard	2022-12-30
Gearard	2022-12-31
Vally	2022-12-30
Vally	2022-12-31
Jasmine	2022-12-30
Jasmine	2022-12-31
Cherice	2022-12-30
Cherice	2022-12-31
Myrtice	2022-12-30
Myrtice	2022-12-31
Hazel	2022-12-30
Hazel	2022-12-31
Shantee	2022-12-30
Shantee	2022-12-31
Gothart	2022-12-30
Gothart	2022-12-31
Terrance	2022-12-30
Terrance	2022-12-31
Doe	2022-12-30
Doe	2022-12-31
Kelsy	2022-12-30
Kelsy	2022-12-31
Leah	2022-12-30
Leah	2022-12-31
Sher	2022-12-30
Sher	2022-12-31
Maxine	2022-12-30
Maxine	2022-12-31
Hilarius	2022-12-30
Hilarius	2022-12-31
Webster	2022-12-30
Webster	2022-12-31
Dagmar	2022-12-30
Dagmar	2022-12-31
Rheta	2022-12-30
Rheta	2022-12-31
Justina	2022-12-30
Justina	2022-12-31
Lisle	2022-12-30
Lisle	2022-12-31
Mary	2022-12-30
Mary	2022-12-31
Hermie	2022-12-30
Hermie	2022-12-31
Cassi	2022-12-30
Cassi	2022-12-31
Clayson	2022-12-30
Clayson	2022-12-31
Hector	2022-12-30
Hector	2022-12-31
Nerissa	2022-12-30
Nerissa	2022-12-31
Janene	2022-12-30
Janene	2022-12-31
Hogan	2022-12-30
Hogan	2022-12-31
Lavina	2022-12-30
Lavina	2022-12-31
Tyler	2022-12-30
Tyler	2022-12-31
Newton	2022-12-30
Newton	2022-12-31
Mic	2022-12-30
Mic	2022-12-31
Fulvia	2022-12-30
Fulvia	2022-12-31
Valentine	2022-12-30
Valentine	2022-12-31
Kathrine	2022-12-30
Kathrine	2022-12-31
Iggy	2022-12-30
Iggy	2022-12-31
Brunhilda	2022-12-30
Brunhilda	2022-12-31
Hubert	2022-12-30
Hubert	2022-12-31
Naoma	2022-12-30
Naoma	2022-12-31
Missy	2022-12-30
Missy	2022-12-31
Cob	2022-12-30
Cob	2022-12-31
Lydon	2022-12-30
Lydon	2022-12-31
Dyann	2022-12-30
Dyann	2022-12-31
Kasey	2022-12-30
Kasey	2022-12-31
Gorden	2022-12-30
Gorden	2022-12-31
Ertha	2022-12-30
Ertha	2022-12-31
Armando	2022-12-30
Armando	2022-12-31
Krystle	2022-12-30
Krystle	2022-12-31
Solomon	2022-12-30
Solomon	2022-12-31
Ulric	2022-12-30
Ulric	2022-12-31
Juliana	2022-12-30
Juliana	2022-12-31
Griffy	2022-12-30
Griffy	2022-12-31
Fedora	2022-12-30
Fedora	2022-12-31
Marie-ann	2022-12-30
Marie-ann	2022-12-31
Annabela	2022-12-30
Annabela	2022-12-31
Charlotta	2022-12-30
Charlotta	2022-12-31
Anna-diana	2022-12-30
Anna-diana	2022-12-31
Kurtis	2022-12-30
Kurtis	2022-12-31
Kristan	2022-12-30
Kristan	2022-12-31
Henri	2022-12-30
Henri	2022-12-31
Hilliard	2022-12-30
Hilliard	2022-12-31
Angelo	2022-12-30
Angelo	2022-12-31
Christabella	2022-12-30
Christabella	2022-12-31
Zolly	2022-12-30
Zolly	2022-12-31
Steward	2022-12-30
Steward	2022-12-31
Adelbert	2022-12-30
Adelbert	2022-12-31
Silvester	2022-12-30
Silvester	2022-12-31
Rubin	2022-12-30
Rubin	2022-12-31
Madonna	2022-12-30
Madonna	2022-12-31
Clarance	2022-12-30
Clarance	2022-12-31
Dar	2022-12-30
Dar	2022-12-31
Elsi	2022-12-30
Elsi	2022-12-31
Rhona	2022-12-30
Rhona	2022-12-31
Adey	2022-12-30
Adey	2022-12-31
Reggie	2022-12-30
Reggie	2022-12-31
Alastair	2022-12-30
Alastair	2022-12-31
Leann	2022-12-30
Leann	2022-12-31
Estrellita	2022-12-30
Estrellita	2022-12-31
Samara	2022-12-30
Samara	2022-12-31
Clea	2022-12-30
Clea	2022-12-31
Valentino	2022-12-30
Valentino	2022-12-31
Rutledge	2022-12-30
Rutledge	2022-12-31
Sallyann	2022-12-30
Sallyann	2022-12-31
Brok	2022-12-30
Brok	2022-12-31
Deeyn	2022-12-30
Deeyn	2022-12-31
Ruperta	2022-12-30
Ruperta	2022-12-31
Orrin	2022-12-30
Orrin	2022-12-31
Marve	2022-12-30
Marve	2022-12-31
Tannie	2022-12-30
Tannie	2022-12-31
Fairlie	2022-12-30
Fairlie	2022-12-31
Callean	2022-12-30
Callean	2022-12-31
Nadeen	2022-12-30
Nadeen	2022-12-31
Ingram	2022-12-30
Ingram	2022-12-31
Gabey	2022-12-30
Gabey	2022-12-31
Zea	2022-12-30
Zea	2022-12-31
\.


--
-- Data for Name: part_timer; Type: TABLE DATA; Schema: public; Owner: -
--

COPY public.part_timer (cname) FROM stdin;
Alika
Natalya
Trista
Ham
Myrilla
Karlan
Morgan
Kristine
Francene
Rosalinda
Hendrick
Ricoriki
Harlen
Finn
Werner
Christin
Aggi
Griselda
Lyell
Trudy
Courtenay
Florella
Antin
Alisun
Terri-jo
Pedro
Faustine
Ernie
Cobb
Granny
Odilia
Vania
Curtice
Erv
Lillian
Kalvin
Lil
Darlene
Dela
Gwenny
Fraze
Nikaniki
Cleo
Gordon
Rochella
Archibaldo
Tandy
Rogerio
Tamiko
Vivyan
Theodore
Ardis
Kara
Garry
Kerri
Kellen
Idette
Jacky
Reggi
Lonee
Kathye
Lauri
Stearne
Herold
Malanie
Glenna
Netty
Sergio
Klarrisa
Phyllys
Ginni
Obed
Adolph
Ulrike
Derick
Addy
Ingaborg
Thaxter
Decca
Thayne
Shelby
Lindsay
Emilia
Keri
Lauretta
Nickolaus
Ade
Allys
Kaia
Daron
Dell
Karleen
Dmitri
Lucille
Ferne
Eustace
Yvonne
Kory
Melody
Jules
Othilia
Jillane
Linc
Dougy
Tana
Gregorio
Pepe
Natale
Ingmar
Dulce
Alphonse
Gardener
Harley
Kev
Sharon
Wit
Smitty
Debee
Rowan
Devin
Joela
Lauren
Roby
Glenine
Emmy
Bessy
Jameson
Shauna
Pasquale
Sarah
De
Jayme
Guy
Arther
Demetra
Sandra
Huntlee
Ivonne
Brose
Jodie
Tony
Abbie
Cirstoforo
Ellis
Laureen
Paolo
Milzie
Flinn
Jacques
Flory
Brandy
Clareta
Carrol
Tynan
Derby
Saraann
Xerxes
Jessa
Janella
Freddie
Gun
Kaja
Fawn
Prinz
Cesar
Thoma
Donall
Frants
Kendell
Harcourt
Queenie
Bartholomew
Stephan
Sammy
Casandra
Lucian
Iorgo
Alec
Clywd
Otes
Chad
Dulsea
Nicko
Andriana
Marion
Gerhardine
Miltie
Wenonah
Zachary
Dahlia
Floyd
Grenville
Foster
Kirsti
Jermaine
Lauritz
Merrili
Saunders
Belva
Sallee
Bennett
Guthrie
Chaddy
Trumann
Blanca
Susannah
Buffy
Maryann
Raff
Elisa
Merill
David
Aron
Ellynn
Cosmo
Prudi
Melanie
Scot
Abdul
Isaac
Holly-anne
Floria
Findley
Odessa
Edgardo
Atlanta
Humfrey
Daryl
Cissy
Kristopher
Alyce
Ashil
Kelly
Michal
Ransell
Briano
Alma
Birgit
Nan
Marabel
Winnie
Stacia
Liza
Amii
Paloma
Maurits
Barth
Dita
Stanfield
Celle
Tailor
Panchito
Harlene
Tracy
Christian
Chelsea
Lorrie
Linn
Zena
Mohammed
Aileen
Wolfy
Ginnie
Shandeigh
Crissy
Sayres
Lorelei
Olly
Julia
Hiram
Andrej
Lem
Charisse
Anallise
Vaughn
Arvy
Marietta
Freedman
Karel
Modestia
Cicily
Allyn
Sharleen
Garrot
Rosaline
Chas
Maxie
Janina
Piggy
Nina
Candida
Bailey
Tansy
Ced
Emalia
Timmie
Lutero
Dulcine
Nannette
Shay
Tann
Kaine
Barrie
Tanner
Linus
Maxy
Cedric
Freddy
Clarine
Pauletta
Trstram
Gerta
Leonora
Karena
Lammond
Crista
Dniren
Kelsey
Constantine
Elsa
Onfroi
Garrard
Leslie
Pamelina
Palmer
Federico
Ben
Immanuel
Benoite
Willa
Hanna
Sawyere
Dyana
Kain
Claudetta
Tamas
Sande
Marlee
Josey
Madalyn
Payton
Olenolin
Phaidra
Raynell
Hedda
Lemmie
Reinwald
Neill
Fitz
Mallory
Elwin
Kordula
Nissie
Lora
Krishna
Libbey
Lyndsie
Matthias
Carissa
Nonah
Corrianne
Stormi
Xenos
Hayes
Algernon
Jedidiah
Fons
Bird
Elianore
Hervey
Theodora
Oswald
Alys
Margaret
Katti
Joni
Lucienne
Fiorenze
Mavra
Candide
Hallie
Carney
Lock
Ringo
Timothy
Jacquette
Gusella
Gwenette
Eddy
Allayne
Korrie
Halli
Grazia
Marchelle
Janna
Dalt
Tommie
Ave
Hillard
Cortie
Friedrick
Ofelia
Darbie
Herve
Cynde
Adrien
Anet
Filippa
Jaimie
Moritz
Marcelline
Sibeal
Vick
Val
Mallissa
Virgil
Datha
Ofella
Sandro
Lita
Sophia
Lotty
Zeke
Betteanne
Lucky
Laurene
Malory
Waldon
Jewel
Jade
Valencia
Bondy
Madelaine
Lissa
Kyrstin
Bertine
Kimbra
Keen
Paola
Maddi
Armand
Clerkclaude
Siusan
Danny
Jenna
Raynor
Redford
Ricardo
Beaufort
Ynes
Carmita
Morgen
Ilaire
Arturo
Daune
Terrijo
Sharla
Fleur
Milena
Willard
Christie
Jelene
Kriste
Cornela
Alexia
Kary
Isabeau
Rhody
Merrick
Guendolen
Jocelyn
Lizzie
Lawrence
Birch
Benedikta
Stillman
Davina
Inness
Leta
Bev
Alia
Hinze
Darill
Almire
Bart
Rolph
Rois
Kellia
Kleon
Alfy
Perle
Shayne
Bess
Jodi
Jorey
Lettie
Egor
Rafa
Aprilette
Elora
Odelia
Belle
Josefina
Huberto
Bonnie
Stella
Nikolai
\.


--
-- Data for Name: pcs_administrator; Type: TABLE DATA; Schema: public; Owner: -
--

COPY public.pcs_administrator (username, salary) FROM stdin;
Claire	\N
Gail	\N
Levin	\N
Valeda	\N
Koren	\N
Patrica	\N
Tandi	\N
Olivie	\N
Burch	\N
Fin	\N
Toinette	\N
Nikolaos	\N
Ardra	\N
Dorris	\N
Jarrett	\N
Harald	\N
Dex	\N
Mela	\N
Olivier	\N
Charyl	\N
Bax	\N
Godfrey	\N
Bethanne	\N
Rani	\N
Bowie	\N
Caz	\N
Krysta	\N
Ulric	\N
Nealson	\N
Katharyn	\N
Gerhardt	\N
Carroll	\N
Bernie	\N
Babita	\N
Budd	\N
Laural	\N
Liana	\N
Averil	\N
Jemmie	\N
Delly	\N
Kayla	\N
Hanan	\N
Nickey	\N
Cristine	\N
Celene	\N
Ruthi	\N
Janek	\N
Shayla	\N
Fonsie	\N
Berk	\N
Serge	\N
Myrna	\N
Vivyanne	\N
Emilee	\N
Stafford	\N
Cati	\N
Malina	\N
Lelia	\N
Ward	\N
Evelina	\N
Gussi	\N
Baily	\N
Gennifer	\N
Moyna	\N
Kellyann	\N
Daphna	\N
Teodor	\N
Joice	\N
Hakim	\N
Darsey	\N
Pall	\N
Rora	\N
Sela	\N
Ilyssa	\N
Jasmine	\N
Cherice	\N
Hazel	\N
Shantee	\N
Terrance	\N
Kelsy	\N
Maxine	\N
Webster	\N
Justina	\N
Hermie	\N
Cassi	\N
Clayson	\N
Janene	\N
Lavina	\N
Newton	\N
Mic	\N
Fulvia	\N
Dyann	\N
Ertha	\N
Krystle	\N
Juliana	\N
Fedora	\N
Annabela	\N
Henri	\N
Angelo	\N
Steward	\N
Adelbert	\N
Rubin	\N
Clarance	\N
Elsi	\N
Reggie	\N
Alastair	\N
Samara	\N
Brok	\N
Deeyn	\N
Ruperta	\N
Orrin	\N
Nadeen	\N
Gabey	\N
Zea	\N
\.


--
-- Data for Name: pet_categories; Type: TABLE DATA; Schema: public; Owner: -
--

COPY public.pet_categories (category, base_price) FROM stdin;
Cat	97.02
Gazer	42.74
Cockatoo	53.23
Lesser masked weaver	93.61
Brush-tailed bettong	56.64
Red-headed woodpecker	60.00
Egyptian goose	76.90
American crow	58.03
Vulture, egyptian	88.52
Long-nosed bandicoot	25.44
Sage grouse	50.51
Southern lapwing	80.91
Porcupine	45.88
Squirrel	48.99
Insect	34.22
Fox	87.20
Gray heron	56.71
Zorro's	70.71
Silver gull	64.48
Falcon	45.77
Stork	85.87
Great horned owl	80.78
\.


--
-- Data for Name: pet_owners; Type: TABLE DATA; Schema: public; Owner: -
--

COPY public.pet_owners (username) FROM stdin;
Alika
Natalya
Trista
Ham
Myrilla
Karlan
Morgan
Kristine
Francene
Rosalinda
Hendrick
Ricoriki
Harlen
Finn
Werner
Christin
Aggi
Griselda
Lyell
Trudy
Courtenay
Florella
Antin
Alisun
Terri-jo
Pedro
Faustine
Ernie
Cobb
Granny
Odilia
Vania
Curtice
Erv
Lillian
Kalvin
Lil
Darlene
Dela
Gwenny
Fraze
Nikaniki
Cleo
Gordon
Rochella
Archibaldo
Tandy
Rogerio
Tamiko
Vivyan
Theodore
Ardis
Kara
Garry
Kerri
Kellen
Idette
Jacky
Reggi
Lonee
Kathye
Lauri
Stearne
Herold
Malanie
Glenna
Netty
Sergio
Klarrisa
Phyllys
Ginni
Obed
Adolph
Ulrike
Derick
Addy
Ingaborg
Thaxter
Decca
Thayne
Shelby
Lindsay
Emilia
Keri
Lauretta
Nickolaus
Ade
Allys
Kaia
Daron
Dell
Karleen
Dmitri
Lucille
Ferne
Eustace
Yvonne
Kory
Melody
Jules
Othilia
Jillane
Linc
Dougy
Tana
Gregorio
Pepe
Natale
Ingmar
Dulce
Alphonse
Gardener
Harley
Kev
Sharon
Wit
Smitty
Debee
Rowan
Devin
Joela
Lauren
Roby
Glenine
Emmy
Bessy
Jameson
Shauna
Pasquale
Sarah
De
Jayme
Guy
Arther
Demetra
Sandra
Huntlee
Ivonne
Brose
Jodie
Tony
Abbie
Cirstoforo
Ellis
Laureen
Paolo
Milzie
Flinn
Jacques
Flory
Brandy
Clareta
Carrol
Tynan
Derby
Saraann
Xerxes
Jessa
Janella
Freddie
Gun
Kaja
Fawn
Prinz
Cesar
Thoma
Donall
Frants
Kendell
Harcourt
Queenie
Bartholomew
Stephan
Sammy
Casandra
Lucian
Iorgo
Alec
Clywd
Otes
Chad
Dulsea
Nicko
Andriana
Marion
Gerhardine
Miltie
Wenonah
Zachary
Dahlia
Floyd
Grenville
Foster
Kirsti
Jermaine
Lauritz
Merrili
Saunders
Belva
Sallee
Bennett
Guthrie
Chaddy
Trumann
Blanca
Susannah
Buffy
Maryann
Raff
Elisa
Merill
David
Aron
Ellynn
Cosmo
Prudi
Melanie
Scot
Abdul
Isaac
Holly-anne
Floria
Findley
Odessa
Edgardo
Atlanta
Humfrey
Daryl
Cissy
Kristopher
Alyce
Ashil
Kelly
Michal
Ransell
Briano
Alma
Birgit
Nan
Marabel
Winnie
Stacia
Liza
Amii
Paloma
Maurits
Barth
Dita
Stanfield
Celle
Tailor
Panchito
Harlene
Tracy
Christian
Chelsea
Lorrie
Linn
Zena
Mohammed
Aileen
Wolfy
Ginnie
Shandeigh
Crissy
Sayres
Lorelei
Olly
Julia
Hiram
Andrej
Lem
Charisse
Anallise
Vaughn
Arvy
Marietta
Freedman
Karel
Modestia
Cicily
Allyn
Sharleen
Garrot
Rosaline
Chas
Maxie
Janina
Piggy
Nina
Candida
Bailey
Tansy
Ced
Emalia
Timmie
Lutero
Dulcine
Nannette
Shay
Tann
Kaine
Barrie
Tanner
Linus
Maxy
Cedric
Freddy
Clarine
Pauletta
Trstram
Gerta
Leonora
Karena
Lammond
Crista
Dniren
Kelsey
Constantine
Elsa
Onfroi
Garrard
Leslie
Pamelina
Palmer
Federico
Ben
Immanuel
Benoite
Willa
Hanna
Sawyere
Dyana
Kain
Claudetta
Tamas
Sande
Marlee
Josey
Madalyn
Payton
Olenolin
Phaidra
Raynell
Hedda
Lemmie
Reinwald
Neill
Fitz
Mallory
Elwin
Kordula
Nissie
Lora
Krishna
Libbey
Lyndsie
Matthias
Carissa
Nonah
Corrianne
Stormi
Xenos
Hayes
Algernon
Jedidiah
Fons
Bird
Elianore
Hervey
Theodora
Oswald
Alys
Margaret
Katti
Joni
Lucienne
Fiorenze
Mavra
Candide
Hallie
Carney
Lock
Ringo
Timothy
Jacquette
Gusella
Gwenette
Eddy
Allayne
Korrie
Halli
Grazia
Marchelle
Janna
Dalt
Tommie
Ave
Hillard
Cortie
Friedrick
Ofelia
Darbie
Herve
Cynde
Adrien
Anet
Filippa
Jaimie
Moritz
Marcelline
Sibeal
Vick
Val
Mallissa
Virgil
Datha
Ofella
Sandro
Lita
Sophia
Lotty
Zeke
Betteanne
Lucky
Laurene
Malory
Waldon
Jewel
Jade
Valencia
Bondy
Madelaine
Lissa
Kyrstin
Bertine
Kimbra
Keen
Paola
Maddi
Armand
Clerkclaude
Siusan
Danny
Jenna
Raynor
Redford
Ricardo
Beaufort
Ynes
Carmita
Morgen
Ilaire
Arturo
Daune
Terrijo
Sharla
Fleur
Milena
Willard
Christie
Jelene
Kriste
Cornela
Alexia
Kary
Isabeau
Rhody
Merrick
Guendolen
Jocelyn
Lizzie
Lawrence
Birch
Benedikta
Stillman
Davina
Inness
Leta
Bev
Alia
Hinze
Darill
Almire
Bart
Rolph
Rois
Kellia
Kleon
Alfy
Perle
Shayne
Bess
Jodi
Jorey
Lettie
Egor
Rafa
Aprilette
Elora
Odelia
Belle
Josefina
Huberto
Bonnie
Stella
Nikolai
Joline
Arlin
Fern
Melinde
Tibold
Bryce
Bridie
Abigale
Ettie
Cully
Micah
Lisle
Candice
Thekla
Dinnie
Alessandra
Boy
Noni
Wilmar
Binnie
Gertrudis
Mitzi
Nels
Elene
Ximenez
Timi
Ivy
Shaw
Craggy
Kaela
Killy
Lynn
Konstantin
Izabel
Lynett
Corena
Nike
Jamie
Angelia
Ignacius
Sebastien
Lidia
Myrah
Pearce
Anette
Garald
Patti
Giacopo
Cristiano
Mahmud
Kevyn
Oran
Adelheid
Kenn
Sonnie
Ezra
Tannie
Libbie
Harlin
Georgia
Sybyl
Henka
Danie
Barbara
Carmine
Sherie
Tarah
Pier
Robbyn
Jose
Thelma
Abrahan
Hobey
Gradey
Gabbey
Avie
Joelly
Elonore
Gerda
Arleta
Jessamyn
Cletus
Michael
Caspar
Opalina
Gene
Kayne
Osbourne
Venita
Frederich
Charley
Ester
Johna
Arlee
Dag
Maddy
Jon
Salem
Leah
Leicester
Janey
Row
Heather
Lin
Jemmy
Ermentrude
Leda
Arabella
Leann
Claybourne
Rose
Goldi
Merna
Myranda
Archaimbaud
Emilie
Lee
Diego
Manuel
Olia
Minette
Mindy
Stacy
Elliott
Clarice
Romain
Mel
Justin
Wynnie
Desi
Obadiah
Marley
Anneliese
Alejoa
Murray
Christalle
Pren
Bordie
Siegfried
Griffy
Michelle
Ryan
Flss
Trudie
Jaymie
Lorne
Dian
Orelie
Gillie
Lynde
Edee
Luise
Umberto
Olympe
Alano
Olive
Catherine
Miranda
Mathilde
Alexandro
Cleve
Raul
Wilhelmina
Guglielma
Lacy
Rafi
Kizzie
Arline
Daniella
Butch
Nichols
Parsifal
Silvio
Berrie
Marshal
Caralie
Robina
Tedmund
Reube
Billie
Annabelle
Archie
Maura
Bria
Misha
Madison
Dacy
Artus
Cheryl
Wynne
Edith
Putnam
Filmore
Catherina
Nerita
Virgilio
Flossie
Bunni
Tammi
Shaun
Annaliese
Judas
Richy
Valentina
Michel
Octavius
Rolf
Tobias
Elyn
Neddie
Maud
Townie
Ariel
Fergus
Wiatt
Tara
Yoshi
Ancell
Jacintha
Tyler
Faun
Denny
Ephrayim
Martha
Anne
Mort
Beverley
Tamarah
Kania
Annamarie
Germaine
Emelyne
Maureen
Loella
Hollyanne
Dacia
Bettina
Neron
Davidde
Ciro
Evanne
Sonia
Pietrek
Jess
Vidovic
Rich
Irvine
Danit
Brant
Kelcie
Tatiana
Leia
Salomi
Quinton
Roderich
Giselle
Agosto
Kira
Emery
Angelico
Meaghan
Caroline
Corinne
Mile
Caria
Alison
Sherwood
Rowland
Ulrikaumeko
Brittany
Meredith
Wainwright
Nanci
Maighdiln
Rosabelle
Erny
Maressa
Bourke
Dennet
Joli
Kaylyn
Llywellyn
Brennan
Jarred
Farrand
Myrtice
Ermina
Shel
Emelita
Antonetta
Revkah
Nollie
Moira
Lissy
Dionne
Trish
Buddy
Gwen
Fernandina
Maxwell
Munroe
Vladimir
Curcio
Moore
Monique
Veriee
Kahlil
Elysha
Denice
Darelle
Krystalle
Gaylord
Otha
Wright
Ezekiel
Hercules
Farrel
Brade
Zelda
Franciskus
Noe
Patrice
Marius
Oberon
Neil
Hubert
Clotilda
Shawn
Estrellita
Evelin
Joe
Case
Chloris
Horatius
Lind
Daloris
Elroy
Dennie
Helge
Dari
Merwin
Frederic
Cherianne
Tildi
Sheilah
Sofie
Jorge
Ransom
Bianca
Lolita
Mahmoud
Molly
Shelley
Courtney
Montgomery
Roch
Janka
Marian
Randolph
Daniele
Sigvard
Lanny
Jeth
Carena
Willetta
Sonni
Anna-maria
Keelia
Guido
Trevar
Leupold
Fletch
Evvie
Fredia
Malena
Jonis
Patsy
Derry
Quinn
Farleigh
Cal
Judith
Janeen
Monti
Agustin
Alfi
Alaine
Tammy
Magdalen
Edan
Elias
Noll
Rockie
Warden
Der
Shamus
Eddie
Padraig
Frederick
Giacinta
Annabell
Lanna
Sukey
Jorgan
Chelsey
Jada
Margalo
Ariadne
Bobinette
Kevan
Shannon
Hube
Berti
Avivah
Nonna
Garner
Connie
Alameda
John
Batholomew
Gusta
Obie
Carmel
Averell
Hertha
Sinclair
Stephanie
Simona
Llewellyn
Dore
Colin
Amity
Bianka
Bjorn
Irma
Joey
Gina
Gerek
Wallie
Felicio
Dino
Cecil
Lilith
Hilda
Park
Cate
Minor
Jodee
Angelique
Claudianus
Marga
Mylo
Joyan
Beverly
Leoline
Arny
Kermie
Harmon
Elsie
Kaycee
Dona
Aline
Nellie
Nicolle
Tierney
Lindsey
Ruth
Gasper
Karin
Claudelle
Vonnie
Clerissa
Gretna
Danyelle
Nertie
Roseline
Sidonia
Brenna
Rhiamon
Charlean
Kale
Keven
Mayer
Bab
Olwen
Clevey
Alli
Del
Dorelle
Juliann
Odo
Clari
Rozelle
Alley
Lavena
Coralie
Gale
Latrena
Saunder
Remington
Layney
Reagen
Johann
Somerset
Jabez
Maire
Elsworth
Milicent
Quill
Kath
Derrick
Kinnie
Elvyn
Emmerich
Layla
Kitti
Hinda
Karia
Lana
Farrah
Marnia
Cordey
Ivan
Aila
Demetris
Heidie
Amye
Stanislaw
Emmie
Josephina
Avril
Bradney
Eolande
Ashien
Fania
Rosetta
Cordy
Marla
Rosana
Gearard
Vally
Gothart
Doe
Sher
Hilarius
Dagmar
Rheta
Mary
Hector
Nerissa
Hogan
Valentine
Kathrine
Iggy
Brunhilda
Naoma
Missy
Cob
Lydon
Kasey
Gorden
Armando
Solomon
Marie-ann
Charlotta
Anna-diana
Kurtis
Kristan
Hilliard
Christabella
Zolly
Silvester
Madonna
Dar
Rhona
Adey
Clea
Valentino
Rutledge
Sallyann
Marve
Fairlie
Callean
Ingram
\.


--
-- Data for Name: pets; Type: TABLE DATA; Schema: public; Owner: -
--

COPY public.pets (pet_name, category, pname, care_req, image) FROM stdin;
Purell Alcohol Formulation	Cat	Alika	Business-focused heuristic local area network	\N
No7 Stay Perfect Foundation Sunscreen SPF 15 Cocoa	Gazer	Natalya	Down-sized client-driven circuit	\N
Ka Pec	Cockatoo	Trista	Organic hybrid circuit	\N
Amoxicillin	Lesser masked weaver	Ham	Synchronised demand-driven local area network	\N
Ez-Slim	Brush-tailed bettong	Myrilla	Reverse-engineered cohesive policy	\N
PROCHLORPERAZINE MALEATE	Red-headed woodpecker	Karlan	Phased tertiary matrices	\N
heartburn relief	Egyptian goose	Morgan	Focused neutral info-mediaries	\N
Cool n Heat Patch for Back	American crow	Kristine	Adaptive exuding parallelism	\N
Moisture Restore Day Protective Mattefying Broad Spectrum SPF15 Combination to Oily	Long-nosed bandicoot	Francene	De-engineered next generation access	\N
Prozac	Fox	Rosalinda	Centralized intangible function	\N
EarAche Therapy	Silver gull	Hendrick	Advanced full-range data-warehouse	\N
Creamy Diaper Rash	Falcon	Ricoriki	Fundamental homogeneous benchmark	\N
Leader ClearLax	Cat	Harlen	Team-oriented tertiary hub	\N
Haddock	Gazer	Finn	Profound directional paradigm	\N
Red Eye Reducer	Cockatoo	Werner	Public-key cohesive ability	\N
Extra Strength Headache Relief	Lesser masked weaver	Christin	Diverse needs-based implementation	\N
Simvastatin	Brush-tailed bettong	Aggi	Visionary non-volatile superstructure	\N
Zydelig	Red-headed woodpecker	Griselda	Seamless real-time application	\N
Anew Age-Transforming	Egyptian goose	Lyell	Implemented 3rd generation concept	\N
BACiiM	American crow	Trudy	Expanded global adapter	\N
Tri-Norinyl	Long-nosed bandicoot	Courtenay	Innovative mobile open architecture	\N
BLATELLA GERMANICA	Fox	Florella	Mandatory static synergy	\N
Cayenne Pepper	Silver gull	Antin	Object-based global moratorium	\N
ORCHID SECRET PACT	Falcon	Alisun	Programmable well-modulated firmware	\N
COCHLIOBOLUS SATIVUS	Cat	Terri-jo	Decentralized bandwidth-monitored support	\N
Dermablend Professional Leg and Body Cover	Gazer	Pedro	Devolved 4th generation function	\N
Mucinex DM	Cockatoo	Faustine	Function-based non-volatile encryption	\N
Dextrose	Lesser masked weaver	Ernie	Front-line bottom-line local area network	\N
Lisinopril	Brush-tailed bettong	Cobb	Face to face incremental solution	\N
VALTREX	Red-headed woodpecker	Granny	Realigned background framework	\N
Acetaminophen	Egyptian goose	Odilia	Innovative dedicated contingency	\N
Lamotrigine	American crow	Vania	Synergized foreground concept	\N
Glytone acne treatment facial cleanser	Long-nosed bandicoot	Curtice	Optional didactic pricing structure	\N
Aspirin	Fox	Erv	Self-enabling impactful intranet	\N
LoKara	Silver gull	Lillian	Monitored tertiary success	\N
Labetalol hydrochloride	Falcon	Kalvin	Virtual asynchronous array	\N
ibuprofen pm	Cat	Lil	Team-oriented fault-tolerant website	\N
Helium	Gazer	Darlene	Diverse optimizing challenge	\N
CD DiorSkin Forever Compact Flawless Perfection Fusion Wear Makeup SPF 25 - 011	Cockatoo	Dela	Intuitive modular challenge	\N
Food - Plant Source	Lesser masked weaver	Gwenny	Robust optimal application	\N
Sucralfate	Brush-tailed bettong	Fraze	Synchronised incremental open architecture	\N
Capecitabine	Red-headed woodpecker	Nikaniki	Customizable value-added neural-net	\N
Leflunomide	Egyptian goose	Cleo	Advanced intangible contingency	\N
Lessina	American crow	Gordon	Assimilated 6th generation function	\N
Alprazolam	Long-nosed bandicoot	Rochella	Phased optimal Graphic Interface	\N
Lymphdrainex	Fox	Archibaldo	Multi-layered stable Graphic Interface	\N
Levofloxacin	Silver gull	Tandy	Monitored regional internet solution	\N
Cottonseed	Falcon	Rogerio	Right-sized grid-enabled orchestration	\N
Indole	Cat	Tamiko	Compatible static knowledge user	\N
Dexamethasone	Gazer	Vivyan	Multi-tiered hybrid extranet	\N
Zeel	Cockatoo	Theodore	Configurable tangible encoding	\N
Childrens Allergy Relief	Lesser masked weaver	Ardis	Vision-oriented exuding encryption	\N
Zep Provisions Pot and Pan Premium	Brush-tailed bettong	Kara	Centralized methodical projection	\N
Tussin CF Max	Red-headed woodpecker	Garry	Compatible logistical support	\N
Triple Complex Diabetonic	Egyptian goose	Kerri	User-centric bi-directional Graphic Interface	\N
Betamethasone Dipropionate	American crow	Kellen	Versatile 5th generation firmware	\N
banophen	Long-nosed bandicoot	Idette	Function-based eco-centric support	\N
Simply Numb Endure	Fox	Jacky	Synchronised upward-trending encoding	\N
LEADER Azo Tabs Urinary Tract Analgesic	Silver gull	Reggi	Fully-configurable intangible protocol	\N
LACHESIS MUTUS	Falcon	Lonee	Switchable system-worthy toolset	\N
LORTUSS	Cat	Kathye	Multi-tiered optimizing utilisation	\N
Tikosyn	Gazer	Lauri	Ameliorated system-worthy array	\N
hemorrhoidal relief	Cockatoo	Stearne	Polarised zero administration website	\N
Azithromycin Dihydrate	Lesser masked weaver	Herold	Enhanced multi-tasking pricing structure	\N
Betula Argentum	Brush-tailed bettong	Malanie	Synergistic homogeneous artificial intelligence	\N
HERBAL STEMCELL AHA PEEL	Red-headed woodpecker	Glenna	Assimilated empowering workforce	\N
Xeomin	Egyptian goose	Netty	Organized incremental parallelism	\N
Anticavity	American crow	Sergio	Upgradable radical internet solution	\N
Revatio	Long-nosed bandicoot	Klarrisa	Reverse-engineered 6th generation parallelism	\N
Gillette Odor Shield Invisible	Fox	Phyllys	Total multi-tasking projection	\N
Levothyroxine Sodium	Silver gull	Ginni	Multi-channelled bottom-line installation	\N
Gentamicin Sulfate in Sodium Chloride	Falcon	Obed	Realigned client-server approach	\N
Imipenem and Cilastatin	Cat	Adolph	Pre-emptive global initiative	\N
DIPYRIDAMOLE	Gazer	Ulrike	Reduced motivating process improvement	\N
Aquavit Etheric Energizer	Cockatoo	Derick	Self-enabling tertiary project	\N
Walgreens	Lesser masked weaver	Natalya	Function-based coherent algorithm	\N
Salicylic Acid	Brush-tailed bettong	Addy	Intuitive global database	\N
Terbinafine Hydrochloride	Red-headed woodpecker	Ingaborg	Centralized well-modulated policy	\N
Oral Dent	Egyptian goose	Thaxter	Streamlined foreground software	\N
Lidocaine Hydrochloride and Dextrose	American crow	Decca	User-friendly logistical open system	\N
Pleo Not	Long-nosed bandicoot	Thayne	Persevering user-facing project	\N
DRY COUGH SKIN ERUPTIONS	Fox	Shelby	Virtual user-facing orchestration	\N
DG BODY	Silver gull	Lindsay	Devolved mobile secured line	\N
NATRUM SULPHURICUM	Falcon	Emilia	Business-focused impactful infrastructure	\N
Cephalexin	Cat	Keri	Compatible systemic contingency	\N
JALYN	Gazer	Lauretta	Phased content-based solution	\N
Testosterone	Cockatoo	Nickolaus	Front-line transitional hardware	\N
Care One Cold Multi Symptom	Lesser masked weaver	Ade	Advanced clear-thinking core	\N
VP CH Plus	Brush-tailed bettong	Allys	Optimized disintermediate time-frame	\N
Xarelto	Red-headed woodpecker	Kaia	Total composite pricing structure	\N
citalopram hydrobromide	Egyptian goose	Daron	Advanced eco-centric archive	\N
Chlorzoxazone	American crow	Dell	Focused hybrid project	\N
Muscle Ice	Long-nosed bandicoot	Karleen	Proactive methodical conglomeration	\N
Proactiv Solution	Fox	Dmitri	Fundamental 24/7 open system	\N
BEEVENOM EMULSION	Silver gull	Lucille	Stand-alone dedicated support	\N
Oxygen	Falcon	Ferne	Phased real-time analyzer	\N
Liquid Makeup SPF 16	Cat	Eustace	Integrated coherent implementation	\N
SHISEIDO RADIANT LIFTING FOUNDATION	Gazer	Yvonne	Organized optimizing analyzer	\N
ESIKA	Cockatoo	Kory	Sharable client-server strategy	\N
Duloxetine Hydrochloride	Lesser masked weaver	Melody	Cross-group impactful strategy	\N
Citalopram Hydrobromide	Brush-tailed bettong	Jules	Cross-group executive process improvement	\N
Verapamil Hydrochloride	Red-headed woodpecker	Othilia	Organic client-driven database	\N
being well cold flu relief	Egyptian goose	Jillane	Networked hybrid database	\N
METOPROLOL SUCCINATE	American crow	Linc	Enterprise-wide 24/7 workforce	\N
PLANTAGO LANCEOLATA POLLEN	Long-nosed bandicoot	Dougy	Object-based foreground productivity	\N
Oxacillin	Fox	Tana	Exclusive 3rd generation functionalities	\N
Womens Mitchum Clinical Antiperspirant Deodorant	Silver gull	Gregorio	Re-contextualized 3rd generation focus group	\N
ESIKA Extreme Moisturizing SPF 16	Falcon	Pepe	Programmable optimizing website	\N
Dextroamphetamine Saccharate	Cat	Natale	Optimized uniform help-desk	\N
Lorazepam	Gazer	Ingmar	Intuitive real-time open architecture	\N
Fluoxetine	Cockatoo	Dulce	Monitored optimizing middleware	\N
GM Collin	Lesser masked weaver	Alphonse	Compatible interactive middleware	\N
Ampicillin	Brush-tailed bettong	Gardener	Customer-focused human-resource software	\N
Fenofibric Acid	Red-headed woodpecker	Harley	Reactive directional migration	\N
Kidney Bladder Support	Egyptian goose	Kev	Focused systemic solution	\N
EZ-Detox Super Drainage Formula	American crow	Sharon	Centralized context-sensitive workforce	\N
Salicylic Acid	Long-nosed bandicoot	Wit	Pre-emptive intangible alliance	\N
Idarubicin Hydrochloride	Fox	Smitty	Front-line asynchronous info-mediaries	\N
Zonisamide	Silver gull	Debee	Customer-focused bifurcated service-desk	\N
Isometheptene-Dichloral-APAP	Falcon	Rowan	Self-enabling motivating alliance	\N
Corn Smut	Cat	Devin	Automated even-keeled frame	\N
Prostin	Gazer	Joela	Persistent incremental protocol	\N
GOODSENSE LUBRICATING EYE DROPS	Cockatoo	Lauren	Stand-alone multimedia algorithm	\N
Phenytoin Sodium	Lesser masked weaver	Roby	Quality-focused context-sensitive policy	\N
Softone Luxury Foam Antibacterial Skin Cleanser	Brush-tailed bettong	Glenine	Streamlined value-added hardware	\N
HYDROCODONE BITARTRATE AND ACETAMINOPHEN	Red-headed woodpecker	Emmy	Upgradable 4th generation alliance	\N
Cargo Tinted Moisturizer SPF 20	Egyptian goose	Bessy	Extended multimedia conglomeration	\N
Premphase	American crow	Jameson	Ergonomic directional definition	\N
Loxapine	Long-nosed bandicoot	Shauna	Cloned exuding archive	\N
Colgate	Fox	Pasquale	Enterprise-wide radical success	\N
DayTime Cold and Flu	Silver gull	Sarah	Face to face radical architecture	\N
Carbamazepine	Falcon	De	Quality-focused directional hub	\N
Topcare Cold Head Congestion	Cat	Jayme	Implemented mission-critical toolset	\N
Sunmark Pain Reliever	Gazer	Guy	Multi-lateral cohesive service-desk	\N
Green Pea	Cockatoo	Arther	Triple-buffered human-resource analyzer	\N
Assured Instant Hand Sanitizer	Lesser masked weaver	Demetra	Digitized needs-based info-mediaries	\N
Lithium Carbonate	Brush-tailed bettong	Sandra	Future-proofed exuding interface	\N
IGNATIA AMARA	Red-headed woodpecker	Huntlee	Inverse 4th generation array	\N
Clonazepam	Egyptian goose	Ivonne	Customer-focused full-range application	\N
Allergena	American crow	Brose	Programmable non-volatile implementation	\N
Benazepril Hydrochloride	Long-nosed bandicoot	Jodie	Enhanced actuating flexibility	\N
Good Sense Complete	Fox	Tony	Customer-focused fault-tolerant alliance	\N
Cytotec	Silver gull	Abbie	Switchable zero tolerance benchmark	\N
TONG LUO QU TONG GAO	Falcon	Cirstoforo	Networked user-facing solution	\N
Laxative	Cat	Ellis	Innovative discrete standardization	\N
Easydew EX Fresh Mild SunScreen	Gazer	Laureen	User-friendly eco-centric model	\N
Tinnitus	Cockatoo	Paolo	Focused needs-based knowledge user	\N
Fluphenazine Hydrochloride	Lesser masked weaver	Milzie	Face to face methodical architecture	\N
GUINOT Ultra UV Sunscreen High Protection Sun Cream for the face and body SPF 30	Brush-tailed bettong	Flinn	Upgradable systematic array	\N
Doxorubicin Hydrochloride	Red-headed woodpecker	Jacques	Fully-configurable actuating capacity	\N
Vaseline	Egyptian goose	Flory	Assimilated intangible hierarchy	\N
WINRHO	American crow	Brandy	Implemented 5th generation standardization	\N
Aureobasidium pullulans	Long-nosed bandicoot	Clareta	Balanced homogeneous system engine	\N
TC Instant Hand Sanitizer	Fox	Carrol	Implemented zero administration parallelism	\N
Clorpactin WCS-90	Silver gull	Tynan	Decentralized systemic migration	\N
DERMAGUNGAL	Falcon	Derby	Multi-layered well-modulated encryption	\N
Warfarin Sodium	Cat	Saraann	Organized high-level hierarchy	\N
Levothyroxine Sodium	Gazer	Xerxes	Customizable heuristic model	\N
Apiol	Cockatoo	Jessa	Grass-roots multi-state database	\N
Extra Strength Backache Relief	Lesser masked weaver	Janella	Ergonomic bifurcated neural-net	\N
Isradipine	Brush-tailed bettong	Freddie	Balanced holistic groupware	\N
Doxycycline Hyclate	Red-headed woodpecker	Gun	Upgradable value-added adapter	\N
Carbamazepine	Egyptian goose	Kaja	Object-based foreground time-frame	\N
EZ PAIN RELIEVING	American crow	Fawn	Reduced full-range data-warehouse	\N
BareMinerals	Long-nosed bandicoot	Prinz	Automated maximized solution	\N
Mata Balm	Fox	Cesar	Horizontal multimedia customer loyalty	\N
Ketorolac Tromethamine	Silver gull	Thoma	Phased exuding task-force	\N
Renes Cuprum Special Order	Falcon	Donall	Mandatory upward-trending model	\N
SULINDAC	Cat	Frants	Persistent logistical emulation	\N
Dibasic Sodium Phosphate	Gazer	Kendell	Open-source hybrid algorithm	\N
Fentanyl	Cockatoo	Harcourt	Advanced upward-trending leverage	\N
Livalo	Lesser masked weaver	Queenie	Adaptive didactic Graphical User Interface	\N
Bipolaris sorokiniana	Brush-tailed bettong	Bartholomew	Realigned grid-enabled function	\N
Black Pepper	Red-headed woodpecker	Stephan	Cross-group regional complexity	\N
Keralyt	Egyptian goose	Sammy	Fully-configurable motivating adapter	\N
Simvastatin	American crow	Casandra	Networked stable productivity	\N
Secret Antiperspirant	Long-nosed bandicoot	Lucian	Devolved real-time website	\N
NAT SULPH	Fox	Iorgo	Centralized didactic secured line	\N
Clorox Care Concepts Antimicrobial	Silver gull	Alec	Stand-alone explicit projection	\N
Lung-Resp	Falcon	Clywd	Down-sized scalable time-frame	\N
ABILIFY	Cat	Otes	Integrated directional framework	\N
ATORVASTATIN CALCIUM	Gazer	Chad	Up-sized 5th generation model	\N
Hydralazine Hydrochloride	Cockatoo	Dulsea	Open-source methodical instruction set	\N
Equate Nasal Decongestant PE	Lesser masked weaver	Nicko	Enterprise-wide fault-tolerant leverage	\N
triamcinolone acetonide	Brush-tailed bettong	Andriana	Organized stable adapter	\N
Conazol	Red-headed woodpecker	Marion	Function-based logistical installation	\N
Pyridostigmine Bromide	Egyptian goose	Gerhardine	Multi-layered mobile info-mediaries	\N
SHISEIDO PERFECT HYDRATING BB	American crow	Miltie	Re-contextualized zero defect migration	\N
Extended Phenytoin Sodium	Long-nosed bandicoot	Wenonah	Centralized upward-trending success	\N
Thyrostat	Fox	Zachary	Open-source mission-critical Graphical User Interface	\N
Food - Plant Source	Silver gull	Dahlia	Triple-buffered solution-oriented collaboration	\N
Enalapril Maleate	Falcon	Floyd	Expanded tertiary leverage	\N
LIPITOR	Cat	Grenville	Open-architected didactic migration	\N
CHLORPROMAZINE HYDROCHLORIDE	Gazer	Foster	Secured systemic analyzer	\N
Soybean	Cockatoo	Kirsti	Object-based value-added product	\N
White Pine	Lesser masked weaver	Jermaine	Extended stable solution	\N
Laura Mercier Tinted Moisturizer SPF 20 PORCELAIN	Brush-tailed bettong	Lauritz	Optimized stable alliance	\N
Preference Hand Sanitizer	Red-headed woodpecker	Merrili	Extended directional neural-net	\N
Glyburide	Egyptian goose	Saunders	Ergonomic encompassing customer loyalty	\N
Natural Honey Lemon with Echinacea Cough Suppressant Throat Drops	American crow	Belva	User-friendly radical open architecture	\N
Scrofularoforce	Long-nosed bandicoot	Sallee	Multi-lateral human-resource model	\N
Scab-Ease Itch Relief	Fox	Bennett	Business-focused intermediate projection	\N
DISCOUNT DRUG MART	Silver gull	Guthrie	Cloned 5th generation help-desk	\N
COMPLEXION CLEAR ACNE TREATMENT	Falcon	Chaddy	Assimilated 6th generation groupware	\N
Female Fibroids	Cat	Trumann	Diverse global moderator	\N
Health Mart Junior Rapid Melts	Gazer	Blanca	Future-proofed bandwidth-monitored productivity	\N
Buspirone Hydrochloride	Cockatoo	Susannah	Self-enabling full-range architecture	\N
Duloxetine	Lesser masked weaver	Buffy	Customizable coherent archive	\N
Rite Aid Instant Hand Sanitizer	Brush-tailed bettong	Maryann	Assimilated real-time interface	\N
Soft Care Neutra Germ Fragrance Free Antibacterial	Red-headed woodpecker	Raff	Down-sized modular system engine	\N
Magnesium Sulfate	Egyptian goose	Elisa	Optimized intermediate complexity	\N
Hydrocortisone Plus	American crow	Merill	Universal scalable protocol	\N
Ciprofloxacin	Long-nosed bandicoot	David	Profit-focused full-range knowledge user	\N
Thyroid HP	Fox	Aron	Multi-tiered empowering core	\N
Gabapentin	Silver gull	Ellynn	Proactive mobile implementation	\N
Plum	Falcon	Cosmo	Adaptive impactful productivity	\N
DAILY ESSENTIAL MOISTURISER	Cat	Prudi	Fundamental static service-desk	\N
clonidine hydrochloride	Gazer	Melanie	Public-key system-worthy standardization	\N
Kineret	Cockatoo	Scot	Multi-lateral exuding success	\N
Carvedilol	Lesser masked weaver	Abdul	Innovative well-modulated forecast	\N
Keystone Antibacterial	Brush-tailed bettong	Isaac	Expanded holistic benchmark	\N
Nortriptyline Hydrochloride	Red-headed woodpecker	Holly-anne	Enhanced intangible software	\N
Azithromycin	Egyptian goose	Floria	Mandatory solution-oriented conglomeration	\N
ANTIBIOTIC PLUS PAIN RELIEF	American crow	Findley	Future-proofed client-driven protocol	\N
Vaccination Illness Assist	Long-nosed bandicoot	Odessa	Ameliorated multi-state open architecture	\N
SUNZONE FAMILY SPF 60	Fox	Edgardo	Persevering mission-critical interface	\N
ULTRACET	Silver gull	Atlanta	Open-architected attitude-oriented benchmark	\N
Sulfamethoxazole and Trimethoprim	Falcon	Humfrey	Horizontal explicit pricing structure	\N
Sword Fish	Cat	Daryl	Virtual scalable productivity	\N
Cyclafem 1/35	Gazer	Cissy	Switchable composite intranet	\N
Pollens - Trees	Cockatoo	Kristopher	Ameliorated object-oriented time-frame	\N
Softlips Cube Vanilla Bean	Lesser masked weaver	Alyce	Vision-oriented 6th generation interface	\N
Annual Blue Grass	Brush-tailed bettong	Ashil	Proactive secondary middleware	\N
Felodipine	Red-headed woodpecker	Kelly	Ergonomic multi-tasking artificial intelligence	\N
CLE DE PEAU BEAUTE GENTLE PROTECTIVE I	Egyptian goose	Michal	Profit-focused directional application	\N
Proactiv Solution	American crow	Ransell	De-engineered heuristic protocol	\N
FENTANYL TRANSDERMAL SYSTEM	Long-nosed bandicoot	Briano	Optimized mission-critical throughput	\N
Red Alder Pollen	Fox	Alma	Programmable client-driven access	\N
Secret Roll-On	Silver gull	Birgit	Up-sized fresh-thinking middleware	\N
NAPROXEN SODIUM	Falcon	Nan	Intuitive needs-based circuit	\N
Triple Antibiotic Plus	Cat	Marabel	Virtual multi-tasking application	\N
Docusate Sodium	Gazer	Winnie	Public-key hybrid benchmark	\N
BUTALBITAL	Cockatoo	Stacia	Front-line optimal algorithm	\N
CIPROFLOXACIN	Lesser masked weaver	Liza	Re-contextualized content-based synergy	\N
Diluent for Allergenic Extract - Sterile Normal Saline with Phenol	Brush-tailed bettong	Amii	Front-line secondary initiative	\N
Tasigna	Red-headed woodpecker	Paloma	Synergistic incremental intranet	\N
healthy accents complete lice treatment	Egyptian goose	Maurits	Adaptive interactive firmware	\N
Sore Throat	American crow	Barth	Multi-tiered multimedia Graphical User Interface	\N
Venlafaxine Hydrochloride	Long-nosed bandicoot	Dita	Re-engineered next generation collaboration	\N
Hemorrhoidal	Fox	Stanfield	Multi-lateral upward-trending secured line	\N
Metformin Hydrochloride	Silver gull	Celle	Centralized dynamic info-mediaries	\N
DEXEDRINE	Falcon	Tailor	Switchable reciprocal benchmark	\N
Acetylcysteine	Cat	Panchito	Cloned regional knowledge base	\N
SOLAR SENSE CLEAR ZINC SUNSCREEN VALUE PACK 50 PLUS	Gazer	Harlene	Realigned scalable productivity	\N
Hydrocodone Bitartrate And Acetaminophen	Cockatoo	Tracy	Optional coherent challenge	\N
VP CH Plus	Lesser masked weaver	Christian	Versatile grid-enabled knowledge base	\N
Pollens - Trees	Brush-tailed bettong	Chelsea	Triple-buffered didactic monitoring	\N
Amlodipine Besylate and Benazepril Hydrochloride	Red-headed woodpecker	Lorrie	Focused 5th generation ability	\N
Arnica	Egyptian goose	Linn	Total didactic capacity	\N
Antibacterial Roll Towels	American crow	Zena	Multi-tiered 5th generation neural-net	\N
Lamotrigine	Long-nosed bandicoot	Mohammed	Operative multi-tasking leverage	\N
Acyclovir	Fox	Aileen	Assimilated zero administration budgetary management	\N
SENSODYNE	Silver gull	Wolfy	Multi-lateral object-oriented matrix	\N
Insects (whole body) cockroach mix	Falcon	Ginnie	Upgradable 5th generation algorithm	\N
ZOLINZA	Cat	Shandeigh	Programmable bandwidth-monitored service-desk	\N
Overly Sensitive	Gazer	Crissy	Total homogeneous collaboration	\N
arthritis	Cockatoo	Sayres	Public-key neutral service-desk	\N
NEFAZODONE HYDROCHLORIDE	Lesser masked weaver	Lorelei	Inverse uniform customer loyalty	\N
Divalproex Sodium	Brush-tailed bettong	Olly	Compatible leading edge attitude	\N
Hydrochlorothiazide	Red-headed woodpecker	Julia	Switchable non-volatile software	\N
ELELYSO	Egyptian goose	Hiram	Function-based dedicated matrix	\N
Magnesium Citrate	American crow	Andrej	Organized transitional core	\N
Fruit of the Earth Aloe Vera Cool Blue	Long-nosed bandicoot	Lem	Face to face incremental database	\N
Gelato Topical Anesthetic	Fox	Charisse	Self-enabling upward-trending extranet	\N
Seretin	Silver gull	Anallise	Synergistic optimizing utilisation	\N
Helium	Falcon	Vaughn	Robust user-facing installation	\N
Dextroamphetamine Saccharate	Cat	Arvy	Optional mobile budgetary management	\N
Olanzapine and Fluoxetine	Gazer	Marietta	Re-engineered system-worthy benchmark	\N
PMS Tone	Cockatoo	Freedman	Ameliorated responsive support	\N
ATORVASTATIN CALCIUM	Lesser masked weaver	Karel	Pre-emptive scalable moratorium	\N
Health Mart Stomach relief	Brush-tailed bettong	Modestia	Virtual optimizing success	\N
Wheat Smut	Red-headed woodpecker	Cicily	Open-architected non-volatile artificial intelligence	\N
Endocrine Balancer	Egyptian goose	Allyn	Decentralized intangible array	\N
Hand Kleen Southern OrchardAntibacterial Han	American crow	Sharleen	Proactive fresh-thinking groupware	\N
Goutinex	Long-nosed bandicoot	Garrot	Assimilated interactive circuit	\N
DERMAN ANTIFUNGAL	Fox	Rosaline	User-centric empowering adapter	\N
Antacid	Silver gull	Chas	Inverse content-based time-frame	\N
SEA-CALM	Falcon	Maxie	Self-enabling heuristic paradigm	\N
Faith Family Ducks Antiseptic Hand Cleansing	Cat	Janina	Business-focused bandwidth-monitored implementation	\N
Burr Oak	Gazer	Piggy	Decentralized modular monitoring	\N
Hydroxyzine Hydrochloride	Cockatoo	Nina	Synergized national support	\N
Pleo Not	Lesser masked weaver	Candida	Open-architected scalable hierarchy	\N
Mycobutin	Brush-tailed bettong	Bailey	Stand-alone asymmetric service-desk	\N
EASTERN YELLOWJACKET VENOM PROTEIN	Red-headed woodpecker	Tansy	Triple-buffered interactive function	\N
12 hour decongestant	Egyptian goose	Ced	Function-based attitude-oriented encryption	\N
CVS PHARMACY	American crow	Emalia	Phased bifurcated adapter	\N
Quiet Rose	Long-nosed bandicoot	Timmie	Enhanced real-time implementation	\N
SE-DONNA PB HYOS	Fox	Lutero	Open-source web-enabled instruction set	\N
FENTORA	Silver gull	Dulcine	Function-based value-added functionalities	\N
Intervene Makeup SPF 15 Soft Bronze	Falcon	Nannette	Public-key bandwidth-monitored project	\N
Topcare Day Time Cold and Flu	Cat	Shay	Re-contextualized local protocol	\N
Oxygen	Gazer	Tann	Extended context-sensitive open system	\N
Dandruff Daily Care	Cockatoo	Kaine	Integrated discrete collaboration	\N
NUCYNTA	Lesser masked weaver	Barrie	Multi-channelled neutral encryption	\N
Nicorette	Brush-tailed bettong	Tailor	Re-contextualized homogeneous policy	\N
MISSHA M SIGNATURE RADIANCE TWO WAY PACT	Red-headed woodpecker	Tanner	Re-contextualized mission-critical time-frame	\N
Metoprolol Tartrate	Egyptian goose	Linus	Enhanced high-level open system	\N
Losartan Potassium	American crow	Maxy	Total full-range attitude	\N
Methotrexate	Long-nosed bandicoot	Cedric	Profit-focused content-based task-force	\N
Budesonide Nasal	Fox	Freddy	Enterprise-wide global project	\N
ALPRAZOLAM	Silver gull	Clarine	Seamless attitude-oriented function	\N
Gabapentin	Falcon	Pauletta	Cross-group high-level middleware	\N
Prednisone	Cat	Lutero	Intuitive 5th generation toolset	\N
Sterile Water	Gazer	Trstram	Face to face high-level archive	\N
Dove	Cockatoo	Gerta	Networked dedicated paradigm	\N
Potassium Chloride	Lesser masked weaver	Leonora	Function-based secondary challenge	\N
Nitrostat	Brush-tailed bettong	Karena	Future-proofed uniform Graphic Interface	\N
KIDS CHOICE	Red-headed woodpecker	Lammond	Networked cohesive model	\N
Acetaminophen	Egyptian goose	Crista	Decentralized stable function	\N
Mandragora Arnica	American crow	Dniren	Universal upward-trending capacity	\N
Fragmin	Long-nosed bandicoot	Kelsey	Distributed even-keeled infrastructure	\N
Fluorouracil	Fox	Constantine	Robust non-volatile superstructure	\N
Grape Vineyard Antibacterial Hand Wash	Silver gull	Elsa	Face to face stable middleware	\N
CC Daily Correct Broad Spectrum SPF 35 Sunscreen	Falcon	Onfroi	Operative zero defect toolset	\N
SmartRx Natural Pain Relief Sleeve KNEE	Cat	Constantine	Devolved human-resource software	\N
Leader Antacid	Gazer	Garrard	Centralized optimal orchestration	\N
Diclofenac Potassium	Cockatoo	Leslie	Customizable 3rd generation projection	\N
Cleocin	Lesser masked weaver	Pamelina	Visionary background open system	\N
Valsartan HCTZ	Brush-tailed bettong	Palmer	Organized mobile hardware	\N
3M Avagard Foam	Red-headed woodpecker	Federico	Grass-roots actuating infrastructure	\N
Excedrin	Egyptian goose	Ben	Visionary regional installation	\N
Dial Complete Antibacterial Foaming Hand Washholiday line holiday line	American crow	Immanuel	Fundamental tertiary analyzer	\N
Esterified Estrogens and Methyltestosterone	Long-nosed bandicoot	Benoite	Public-key eco-centric infrastructure	\N
VIRTUAL SKIN	Fox	Willa	Pre-emptive bottom-line methodology	\N
Mens Hair Regrowth Treatment	Silver gull	Hanna	Fully-configurable bandwidth-monitored functionalities	\N
Diphenhydramine HCL	Falcon	Sawyere	Fully-configurable even-keeled customer loyalty	\N
Nicorette	Cat	Dyana	Profound well-modulated complexity	\N
Paroxetine	Gazer	Lauren	Switchable bottom-line approach	\N
Sominex Max	Cockatoo	Kain	Implemented logistical contingency	\N
Goodys Extra Strength	Lesser masked weaver	Claudetta	Profit-focused asymmetric portal	\N
Lamotrigine	Brush-tailed bettong	Tamas	Self-enabling dynamic process improvement	\N
Ciclopirox Olamine	Red-headed woodpecker	Sande	Organic discrete budgetary management	\N
UltrasolSunscreen	Egyptian goose	Marlee	Multi-lateral web-enabled methodology	\N
Disney Minnie Antiseptic Hand Cleansing Cotton Candy Scented	American crow	Josey	Proactive explicit hardware	\N
Trandolapril and Verapamil Hydrochloride	Long-nosed bandicoot	Madalyn	Front-line dedicated capacity	\N
BOTRYTIS CINEREA	Fox	Payton	Phased bi-directional strategy	\N
Blue Ice	Silver gull	Olenolin	Reactive incremental system engine	\N
Horseradish	Falcon	Phaidra	Enhanced interactive capacity	\N
Detrol	Cat	Raynell	Polarised 6th generation collaboration	\N
ABELMOSCHUS	Gazer	Hedda	Universal 3rd generation superstructure	\N
Extended Phenytoin Sodium	Cockatoo	Lemmie	Progressive clear-thinking interface	\N
Desmopressin Acetate	Lesser masked weaver	Reinwald	Face to face reciprocal leverage	\N
Mucor plumbeus	Brush-tailed bettong	Neill	Future-proofed multi-state concept	\N
castor oil	Red-headed woodpecker	Fitz	Advanced content-based collaboration	\N
Neuro Support Plus Foot Balm	Egyptian goose	Mallory	Reactive real-time policy	\N
Doxycycline hyclate	American crow	Elwin	Reverse-engineered radical installation	\N
Cherry Bing	Long-nosed bandicoot	Kordula	Grass-roots coherent structure	\N
Night Time Cough Cherry	Fox	Ingmar	Upgradable upward-trending solution	\N
Male Energy	Silver gull	Nissie	Optimized multi-state matrix	\N
Medulla Arnica	Falcon	Lora	Monitored cohesive time-frame	\N
SUPRAX	Cat	Krishna	Persistent cohesive service-desk	\N
Liquid Polibar Plus	Gazer	Libbey	Visionary client-server emulation	\N
Clear Eyes Maximum Redness Relief	Cockatoo	Lyndsie	Public-key logistical architecture	\N
Burkhart	Lesser masked weaver	Matthias	Virtual object-oriented access	\N
Arrid XX Extra Extra Dry	Brush-tailed bettong	Carissa	Programmable mission-critical paradigm	\N
CitraNatal B-Calm	Red-headed woodpecker	Nonah	Ameliorated responsive moratorium	\N
Ciprofloxacin	Egyptian goose	Corrianne	Organic logistical hardware	\N
MEIJER CLEAR ZINC SPF 50	American crow	Stormi	Up-sized eco-centric frame	\N
Petroleum	Long-nosed bandicoot	Xenos	Face to face bandwidth-monitored process improvement	\N
Amoxicillin and Clavulanate Potassium	Fox	Hayes	Re-engineered holistic contingency	\N
Theophylline	Silver gull	Algernon	Future-proofed leading edge core	\N
DOUBLE PERFECTION LUMIERE	Falcon	Jedidiah	Operative global data-warehouse	\N
Perfecting Liquid Foundation Espresso	Cat	Fons	Programmable bifurcated neural-net	\N
NHS Muscle Cramps 1	Gazer	Bird	Progressive reciprocal toolset	\N
Fluoxetine	Cockatoo	Elianore	Streamlined scalable forecast	\N
care one aspirin	Lesser masked weaver	Hervey	Persistent solution-oriented architecture	\N
soCALM Pain Relieving	Brush-tailed bettong	Theodora	Team-oriented scalable process improvement	\N
Iodine Bush Pollen	Red-headed woodpecker	Oswald	Pre-emptive maximized moratorium	\N
equate daytime nitetime	Egyptian goose	Alys	Customizable dynamic contingency	\N
Fluconazole	American crow	Margaret	Centralized fault-tolerant adapter	\N
WERA	Long-nosed bandicoot	Katti	Networked national alliance	\N
Aplicare Povidone-iodine Scrub	Fox	Joni	Persistent zero administration capability	\N
MULTI PERFECTION ULTRA	Silver gull	Lucienne	Re-contextualized tangible installation	\N
Zarah	Falcon	Fiorenze	Reverse-engineered bandwidth-monitored complexity	\N
Hydrate	Cat	Mavra	Managed foreground groupware	\N
Topcare Ibuprofen	Gazer	Candide	Fundamental coherent encoding	\N
Golden Sunshine Far Infrared HOT Herbal	Cockatoo	Hallie	Diverse value-added ability	\N
Governing Vessel Conception Vessel	Lesser masked weaver	Carney	Seamless optimal analyzer	\N
Aspirin-Free Tension Headache	Brush-tailed bettong	Lock	Organized contextually-based application	\N
APIS MELLIFICA	Red-headed woodpecker	Ringo	Cloned intangible array	\N
Careone	Egyptian goose	Timothy	Ergonomic bifurcated solution	\N
Filbert Nut Meat	American crow	Jacquette	Reduced exuding encryption	\N
Midazolam hydrochloride	Long-nosed bandicoot	Gusella	Configurable executive access	\N
IOPE Air Cushion	Fox	Gwenette	Configurable local leverage	\N
HELLO FLAWLESS OXYGEN WOW Broad Spectrum SPF 25 BRIGHTENING MAKEUP - BELIEVE IN ME	Silver gull	Eddy	Secured homogeneous Graphic Interface	\N
Butalbital	Falcon	Allayne	Reverse-engineered content-based protocol	\N
Xyzal	Cat	Korrie	Inverse systemic contingency	\N
FORTAMET	Gazer	Halli	Integrated static workforce	\N
Levetiracetam	Cockatoo	Grazia	Organized zero defect attitude	\N
AMOREPACIFIC	Lesser masked weaver	Marchelle	Expanded bandwidth-monitored data-warehouse	\N
CD HydraLife BB Eye Creme Enhancing Sunscreen Eye Illuminator Luminous Beige Broad Spectrum SPF 20	Brush-tailed bettong	Janna	Multi-layered solution-oriented approach	\N
Fluconazole	Red-headed woodpecker	Dalt	Multi-lateral scalable service-desk	\N
V HP	Egyptian goose	Tommie	User-centric 24/7 methodology	\N
Warfarin Sodium	American crow	Ave	Front-line system-worthy challenge	\N
age renewal firming and hydrating moisturizer	Long-nosed bandicoot	Hillard	Decentralized multi-tasking forecast	\N
Penicillin V Potassium	Fox	Cortie	Grass-roots zero tolerance artificial intelligence	\N
Sodium Chloride	Silver gull	Friedrick	Synergized secondary flexibility	\N
DIFFERIN	Falcon	Ofelia	Enterprise-wide 6th generation service-desk	\N
Nitrofurantoin Monohydrate/Macrocrystals	Cat	Darbie	Quality-focused regional framework	\N
Exchange Select Sunscreen	Gazer	Herve	Customer-focused disintermediate budgetary management	\N
CLE DE PEAU BEAUTE CR COMPACT FOUNDATION	Cockatoo	Cynde	Multi-channelled maximized service-desk	\N
Fresh Sugar Ruby Tinted Lip Treatment Sunscreen SPF 15	Lesser masked weaver	Adrien	Vision-oriented zero defect encoding	\N
Mandarin Orange Antibacterial Hand	Brush-tailed bettong	Anet	Robust radical synergy	\N
Bisoprolol Fumarate	Red-headed woodpecker	Filippa	Up-sized maximized function	\N
Levetiracetam	Egyptian goose	Jaimie	Balanced incremental task-force	\N
VENLAFAXINE HYDROCHLORIDE	American crow	Moritz	Distributed web-enabled internet solution	\N
Levetiracetam	Long-nosed bandicoot	Marcelline	Face to face foreground orchestration	\N
ROSACEA FREE	Fox	Prudi	Customer-focused full-range secured line	\N
Valacyclovir Hydrochloride	Silver gull	Sibeal	Object-based fresh-thinking projection	\N
Amoxicillin and Clavulanate Potassium	Falcon	Vick	Object-based even-keeled knowledge user	\N
LOreal Paris Revitalift	Cat	Val	User-centric homogeneous framework	\N
Oxcarbazepine	Gazer	Mallissa	Focused bandwidth-monitored productivity	\N
Sport Sunblock	Cockatoo	Virgil	Diverse logistical adapter	\N
Antiperspirant Deodorant Roll-on	Lesser masked weaver	Datha	Operative motivating alliance	\N
Disney FAIRIES Antibacterial Hand Wipes	Brush-tailed bettong	Ofella	Optional incremental success	\N
PASPALUM NOTATUM POLLEN	Red-headed woodpecker	Sandro	Sharable encompassing Graphic Interface	\N
Quetiapine Fumarate	Egyptian goose	Lita	Synchronised cohesive encryption	\N
Acetaminophen And Codeine	American crow	Elianore	Object-based high-level process improvement	\N
Instant Hand Sanitizer	Long-nosed bandicoot	Sophia	Progressive even-keeled moderator	\N
ZOLADEX	Fox	Lotty	Decentralized zero defect ability	\N
Diltiazem Hydrochloride Extended Release	Silver gull	Zeke	Focused attitude-oriented open system	\N
CitraNatal Harmony	Falcon	Betteanne	Assimilated reciprocal task-force	\N
Irbesartan	Cat	Lucky	Vision-oriented directional migration	\N
Rescue Calm	Gazer	Kalvin	Total demand-driven analyzer	\N
Valsartan and Hydrochlorothiazide	Cockatoo	Laurene	Object-based disintermediate definition	\N
Degree	Lesser masked weaver	Malory	Visionary disintermediate intranet	\N
SERTRALINE HYDROCHLORIDE	Brush-tailed bettong	Waldon	Multi-channelled exuding task-force	\N
Promethazine Hydrochloride	Red-headed woodpecker	Jewel	Ameliorated logistical leverage	\N
terbinafine hydrochloride	Egyptian goose	Jade	Reverse-engineered empowering encoding	\N
LBEL divine lip gloss SPF 15	American crow	Valencia	Inverse executive application	\N
Virx	Long-nosed bandicoot	Bondy	Horizontal background emulation	\N
FML	Fox	Madelaine	Innovative stable projection	\N
INATAL ADVANCE	Silver gull	Lissa	Seamless zero administration software	\N
Divalproex Sodium	Falcon	Kyrstin	Self-enabling 3rd generation approach	\N
Aspirin	Cat	Bertine	Pre-emptive client-server system engine	\N
healthy accents nasal decongestant	Gazer	Kimbra	Decentralized client-driven productivity	\N
Kroger	Cockatoo	Keen	Fully-configurable secondary task-force	\N
SAMSCA	Lesser masked weaver	Paola	Face to face composite database	\N
Acetylcysteine	Brush-tailed bettong	Maddi	Customizable didactic artificial intelligence	\N
Clotrimazole	Red-headed woodpecker	Armand	Re-contextualized even-keeled hardware	\N
L-Cysteine Hydrochloride	Egyptian goose	Clerkclaude	Team-oriented system-worthy concept	\N
Miconazole 3	American crow	Siusan	Profound context-sensitive matrix	\N
Metformin hydrochloride	Long-nosed bandicoot	Danny	Streamlined 4th generation analyzer	\N
Isopropyl Alcohol	Fox	Jenna	Centralized stable process improvement	\N
OXYGEN	Silver gull	Raynor	Managed client-server implementation	\N
Antibacterial Hand Towelettes	Falcon	Redford	Fundamental client-driven firmware	\N
Lansoprazole	Cat	Ricardo	Right-sized responsive emulation	\N
Stay Awake	Gazer	Beaufort	Synchronised attitude-oriented circuit	\N
Good Sense Childrens Pain and Fever	Cockatoo	Ynes	Stand-alone object-oriented extranet	\N
Fast Mucus Relief	Lesser masked weaver	Carmita	Progressive full-range migration	\N
Oxycodone Hydrochloride	Brush-tailed bettong	Morgen	Face to face asymmetric database	\N
Painful Urination	Red-headed woodpecker	Ilaire	Ergonomic disintermediate implementation	\N
Clonazepam	Egyptian goose	Arturo	Fundamental secondary model	\N
Curly Dock	American crow	Daune	Centralized web-enabled benchmark	\N
Aveed	Long-nosed bandicoot	Terrijo	Reverse-engineered well-modulated instruction set	\N
Old Spice High Endurance	Fox	Sharla	Cross-group methodical matrices	\N
Benazepril Hydrochloride	Silver gull	Fleur	Automated bifurcated matrix	\N
Anastrozole	Falcon	Milena	Streamlined responsive intranet	\N
Amlodipine Besylate and Benazepril Hydrochloride	Cat	Willard	Distributed neutral initiative	\N
LBEL Couleur Luxe Rouge Amplifier XP amplifying SPF 15	Gazer	Christie	De-engineered secondary collaboration	\N
Hackberry	Cockatoo	Jelene	Secured user-facing collaboration	\N
Clarithromycin	Lesser masked weaver	Kriste	Visionary leading edge utilisation	\N
AcneFree	Brush-tailed bettong	Cornela	Devolved 3rd generation structure	\N
topiramate	Red-headed woodpecker	Alexia	Centralized 24/7 flexibility	\N
SHISEIDO SHEER MATIFYING COMPACT (REFILL)	Egyptian goose	Kary	Reverse-engineered executive open architecture	\N
PEANUT FOOD	American crow	Kimbra	Ergonomic global capacity	\N
equaline omeprazole	Long-nosed bandicoot	Isabeau	Operative dynamic database	\N
Eszopiclone	Fox	Rhody	Centralized executive data-warehouse	\N
Piperacillin and Tazobactam	Silver gull	Merrick	Centralized system-worthy database	\N
Strattera	Falcon	Guendolen	Diverse 6th generation database	\N
Ramipril	Cat	Jocelyn	Business-focused uniform challenge	\N
Fluoxetine Hydrochloride	Gazer	Lizzie	Business-focused needs-based groupware	\N
Refenesen Chest Congestion Relief	Cockatoo	Lawrence	Cloned background standardization	\N
Amlodipine besylate/atorvastatin calcium	Lesser masked weaver	Birch	Synergized holistic installation	\N
Didanosine	Brush-tailed bettong	Benedikta	Automated multimedia productivity	\N
Mirena	Red-headed woodpecker	Stillman	Advanced 24/7 software	\N
REVITALIZING FACIAL FOAM	Egyptian goose	Davina	Multi-tiered impactful attitude	\N
Metoprolol Succinate	American crow	Inness	Re-contextualized context-sensitive infrastructure	\N
Olay Fresh Effects	Long-nosed bandicoot	Leta	Organized zero tolerance toolset	\N
Risperidone	Fox	Bev	Expanded client-server open system	\N
Azithromycin Dihydrate	Silver gull	Andriana	Programmable optimal process improvement	\N
Modafinil	Falcon	Alia	Integrated real-time frame	\N
QUERCUS ALBA POLLEN	Cat	Hinze	Proactive web-enabled infrastructure	\N
Potassium Chloride in Dextrose and Sodium Chloride	Gazer	Darill	Customer-focused logistical service-desk	\N
Calendula	Cockatoo	Almire	Synchronised real-time hub	\N
Carvedilol	Lesser masked weaver	Bart	Polarised reciprocal artificial intelligence	\N
Suprenza	Brush-tailed bettong	Rolph	Stand-alone grid-enabled hierarchy	\N
Xylon 10	Red-headed woodpecker	Rois	Digitized web-enabled definition	\N
Medi-Scrub	Egyptian goose	Kellia	Integrated systematic conglomeration	\N
Onopordon Aurum	American crow	Kleon	Pre-emptive homogeneous pricing structure	\N
flormar CC Magical Color Effect Color Correcting Cream Sunscreen Broad Spectrum SPF 15 CC03	Long-nosed bandicoot	Alfy	Seamless user-facing installation	\N
RENUTRIV	Fox	Perle	Integrated scalable firmware	\N
equaline complete	Silver gull	Shayne	Operative client-server array	\N
OXYGEN	Falcon	Bess	Triple-buffered next generation definition	\N
Coricidin HBP Chest Congestion And Cough	Cat	Jodi	Seamless secondary knowledge user	\N
Sinus Relief	Gazer	Jorey	Vision-oriented explicit application	\N
Hydro and Pore BB	Cockatoo	Lettie	Multi-layered content-based frame	\N
Bulk-forming Laxative	Lesser masked weaver	Egor	Exclusive uniform structure	\N
Xeloda	Brush-tailed bettong	Rafa	Integrated 24/7 knowledge user	\N
BZK Towelette	Red-headed woodpecker	Aprilette	Networked background data-warehouse	\N
QUALITY CHOICE BACITRACIN	Egyptian goose	Jocelyn	Quality-focused cohesive internet solution	\N
Optivar	American crow	Elora	Switchable bandwidth-monitored utilisation	\N
pediapred	Long-nosed bandicoot	Odelia	Digitized directional data-warehouse	\N
Doxycycline	Fox	Krishna	Function-based uniform matrices	\N
Terazosin Hydrochloride	Silver gull	Celle	Optional leading edge middleware	\N
Atenolol	Falcon	Belle	Reverse-engineered solution-oriented Graphic Interface	\N
Accupril	Cat	Josefina	Right-sized optimizing hardware	\N
ANTIBACTERIAL BANDAGE	Gazer	Huberto	Right-sized systemic firmware	\N
Sinus Relief	Cockatoo	Bonnie	Business-focused modular moratorium	\N
Sweet Gum	Lesser masked weaver	Stella	Open-source hybrid throughput	\N
Terocin	Brush-tailed bettong	Nikolai	Expanded dynamic matrices	\N
SULFASALAZINE	Red-headed woodpecker	Joline	Focused system-worthy capability	\N
BIVIGAM	Egyptian goose	Arlin	Pre-emptive reciprocal knowledge user	\N
Salex	American crow	Fern	Enhanced fresh-thinking time-frame	\N
Prednisolone Sodium Phosphate	Long-nosed bandicoot	Melinde	Switchable dedicated toolset	\N
Atropine Sulfate	Fox	Tibold	Centralized intermediate open architecture	\N
Muscle Cramp Complex	Silver gull	Ginnie	Switchable asynchronous algorithm	\N
CD DIORSKIN NUDE SKIN-GLOWING MAKEUP SUNSCREEN BROAD SPECTRUM SPF 15 011 Cream	Falcon	Bryce	Open-architected bi-directional function	\N
Stretch Mark Control	Cat	Bridie	Devolved tertiary core	\N
Arroyo Willow	Gazer	Abigale	Assimilated neutral concept	\N
Hydrocortisone	Cockatoo	Ettie	Re-engineered analyzing utilisation	\N
ConRx AR	Lesser masked weaver	Cully	Secured content-based emulation	\N
Oxycodone Hydrochloride	Brush-tailed bettong	Micah	Programmable motivating moderator	\N
Arabic Gum	Red-headed woodpecker	Lisle	Reverse-engineered zero administration hierarchy	\N
NARS PURE RADIANT TINTED MOISTURIZER	Egyptian goose	Candice	De-engineered optimal archive	\N
WALGREENS CLOTRIMAZOLE	Falcon	Cletus	Advanced asynchronous archive	\N
Mineral Wear Talc-Free Mineral Liquid Foundation	American crow	Thekla	Enterprise-wide stable leverage	\N
OMNIPAQUE	Long-nosed bandicoot	Dinnie	Switchable exuding interface	\N
Satogesic	Fox	Alessandra	Exclusive web-enabled intranet	\N
Clean and Gentle	Silver gull	Boy	Face to face systematic matrix	\N
Levetiracetam	Falcon	Noni	Profit-focused stable success	\N
Justice	Cat	Wilmar	Reactive foreground extranet	\N
Cetirizine Hydrochloride	Gazer	Binnie	Optional secondary interface	\N
Clindamycin Hydrochloride	Cockatoo	Gertrudis	Decentralized intangible toolset	\N
Dr. Scholls	Lesser masked weaver	Mitzi	Diverse asynchronous hierarchy	\N
Butalbital	Brush-tailed bettong	Nels	Fully-configurable human-resource model	\N
Levetiracetam	Red-headed woodpecker	Elene	Pre-emptive tangible matrices	\N
Prejudiced	Egyptian goose	Ximenez	Multi-layered dynamic algorithm	\N
DOUBLE PERFECTION LUMIERE	American crow	Timi	Face to face user-facing system engine	\N
Gripp-Heel	Long-nosed bandicoot	Ivy	User-centric systematic groupware	\N
Olanzapine	Fox	Shaw	Advanced exuding middleware	\N
LoKara	Silver gull	Xenos	Customer-focused zero defect adapter	\N
Blue Lizard Face	Falcon	Craggy	Versatile incremental utilisation	\N
TOPIRAMATE	Cat	Kaela	Vision-oriented regional benchmark	\N
METFORMIN HYDROCHLORIDE	Gazer	Killy	Team-oriented 3rd generation definition	\N
Ciprofloxacin	Cockatoo	Lynn	Triple-buffered discrete core	\N
Nostalgia	Lesser masked weaver	Konstantin	Business-focused bottom-line pricing structure	\N
Budesonide	Brush-tailed bettong	Izabel	Public-key demand-driven service-desk	\N
Treatment Set TS351125	Red-headed woodpecker	Lynett	Switchable multi-state utilisation	\N
Bayberry	Egyptian goose	Corena	Implemented even-keeled productivity	\N
Rimmel London	American crow	Nike	Stand-alone modular challenge	\N
Medi First Plus Antacid	Long-nosed bandicoot	Jamie	Cross-group user-facing implementation	\N
Multi-Symptom Cold Relief	Fox	Angelia	Function-based scalable secured line	\N
Blood and Kidney Detox	Silver gull	Ignacius	Centralized global protocol	\N
risperidone	Falcon	Sebastien	Enterprise-wide executive array	\N
Clopidogrel Bisulfate	Cat	Lidia	Triple-buffered explicit core	\N
Atovaquone	Gazer	Myrah	Automated zero tolerance service-desk	\N
Multi-Symptom Cold Relief	Cockatoo	Candida	Exclusive foreground capacity	\N
MINOXIDIL	Lesser masked weaver	Pearce	User-friendly bottom-line internet solution	\N
Soft N Sure Antiseptic	Brush-tailed bettong	Jodi	Exclusive background open system	\N
Carbamazepine	Red-headed woodpecker	Anette	Switchable client-driven contingency	\N
SHISEIDO ADVANCED HYDRO-LIQUID COMPACT (REFILL)	Egyptian goose	Garald	Triple-buffered next generation function	\N
Metoclopramide	American crow	Patti	Ameliorated mobile function	\N
Hygienic Cleansing Pads	Long-nosed bandicoot	Giacopo	Right-sized executive budgetary management	\N
ZALEPLON	Fox	Cristiano	Progressive methodical product	\N
Effervescent Pain Relief Fast Relief	Silver gull	Mahmud	Assimilated actuating approach	\N
Prazosin Hydrochloride	Falcon	Brandy	Integrated regional flexibility	\N
Kit for the preparation of Lymphoseek (technetium Tc 99m tilmanocept)	Cat	Kevyn	Object-based explicit time-frame	\N
Equaline pain relief	Gazer	Oran	Total 24/7 archive	\N
KROGER NICOTINE TRANSDERMAL SYSTEM	Cockatoo	Adelheid	Re-engineered attitude-oriented info-mediaries	\N
Diclofenac Sodium and Misoprostol	Lesser masked weaver	Kenn	Sharable disintermediate parallelism	\N
nicotine	Brush-tailed bettong	Zachary	Customer-focused zero tolerance help-desk	\N
WARTS	Red-headed woodpecker	Sonnie	Integrated multi-state customer loyalty	\N
Infants Silapap	Egyptian goose	Ezra	Horizontal impactful encryption	\N
Clonidine	American crow	Tannie	Team-oriented asynchronous benchmark	\N
PROVON Antimicrobial Ltn Sp with 0.3% PCMX	Long-nosed bandicoot	Libbie	Total zero administration synergy	\N
Dry Scalp Care	Fox	Harlin	Triple-buffered user-facing hardware	\N
MEDIQUE APAP Extra Strength	Silver gull	Georgia	Multi-channelled tangible hub	\N
Selenium Sulfide	Falcon	Sybyl	Synchronised exuding portal	\N
McKesson Vitamin A and D	Cat	Henka	Focused well-modulated help-desk	\N
flormar REBORN FOUNDATION SUNSCREEN BROAD SPECTRUM SPF 20 SF27 Capuccino	Gazer	Danie	Down-sized actuating framework	\N
Trazodone Hydrochloride	Cockatoo	Barbara	Stand-alone dynamic project	\N
Academy Sports Outdoors SUNSCREEN CONTINUOUS BROAD SPECTRUM SPF 50 Water-Resistant	Lesser masked weaver	Susannah	User-friendly value-added functionalities	\N
Be gone Cuts and Scrapes	Brush-tailed bettong	Carmine	Realigned client-server function	\N
FoamFresh Healthcare Hand Wash	Red-headed woodpecker	Sherie	Programmable high-level system engine	\N
AMOXICILLIN	Egyptian goose	Tarah	Seamless maximized functionalities	\N
ESIKA HD COLOR HIGH DEFINITION COLOR SPF 20	American crow	Pier	Compatible static hub	\N
simvastatin	Long-nosed bandicoot	Robbyn	Decentralized well-modulated orchestration	\N
Propranolol Hydrochloride	Fox	Jose	Streamlined full-range customer loyalty	\N
HAND AND NATURE SANITIZER	Silver gull	Thelma	Profit-focused neutral support	\N
Dog Epithelium	Falcon	Abrahan	Grass-roots foreground moderator	\N
citroma	Cat	Lonee	Profound non-volatile application	\N
HYSAN HUO LU MEDICATED	Gazer	Hobey	Multi-channelled neutral application	\N
Ursodiol	Cockatoo	Gradey	Adaptive multi-tasking hub	\N
Adult Wal Tussin	Lesser masked weaver	Gabbey	Intuitive holistic throughput	\N
careone acid reducer	Brush-tailed bettong	Avie	Realigned radical middleware	\N
Solar Powder	Red-headed woodpecker	Joelly	Expanded radical complexity	\N
BETAXOLOL HYDROCHLORIDE	Egyptian goose	Elonore	Integrated 5th generation instruction set	\N
Promethazine Hydrochloride	American crow	Gerda	Stand-alone stable product	\N
pravastatin sodium	Long-nosed bandicoot	Marion	Decentralized eco-centric Graphic Interface	\N
TAXODIUM DISTICHUM POLLEN	Fox	Arleta	Quality-focused homogeneous circuit	\N
DayTime Nite Time	Silver gull	Jessamyn	Secured well-modulated application	\N
American Elm Pollen	Cat	Michael	Automated transitional attitude	\N
LBEL HYDRATESS	Gazer	Caspar	Expanded homogeneous internet solution	\N
Ropinirole Hydrochloride	Cockatoo	Opalina	Ergonomic zero defect policy	\N
Olanzapine and Fluoxetine	Lesser masked weaver	Gene	Decentralized 4th generation paradigm	\N
Lovenox	Brush-tailed bettong	Kayne	Polarised logistical local area network	\N
Dihydroergotamine Mesylate	Red-headed woodpecker	Lawrence	Enhanced 6th generation challenge	\N
Valacyclovir	Egyptian goose	Osbourne	Customer-focused zero administration neural-net	\N
Neutrogena	American crow	Venita	Cloned needs-based success	\N
Prunus spinosa e summ 10%	Long-nosed bandicoot	Frederich	Team-oriented intermediate attitude	\N
Endocrine Balancer	Fox	Charley	Enterprise-wide grid-enabled alliance	\N
Acetylcysteine	Silver gull	Ester	Quality-focused zero tolerance help-desk	\N
Aquilinum Taraxacum	Falcon	Johna	Face to face global parallelism	\N
Serotonin	Cat	Arlee	Universal system-worthy parallelism	\N
cilostazol	Gazer	Dag	Networked scalable task-force	\N
TYKERB	Cockatoo	Maddy	Reverse-engineered fresh-thinking infrastructure	\N
Venlafaxine Hydrochloride	Lesser masked weaver	Jon	Vision-oriented even-keeled middleware	\N
SH18	Brush-tailed bettong	Salem	Automated optimizing data-warehouse	\N
Glyburide	Red-headed woodpecker	Leah	Universal non-volatile complexity	\N
ELOXATIN	Egyptian goose	Leicester	Upgradable mobile methodology	\N
Triple Complex Diabetonic	American crow	Janey	Fully-configurable neutral adapter	\N
Anti-Diarrheal	Long-nosed bandicoot	Buffy	Decentralized object-oriented help-desk	\N
PURELL Advanced Hand Sanitizer Fresh Peppermint Cheer	Fox	Row	Monitored multi-tasking complexity	\N
Listerine Ultraclean Antiseptic	Silver gull	Maxy	Realigned encompassing alliance	\N
Premphase	Falcon	Heather	Re-contextualized full-range Graphic Interface	\N
Azithromycin	Cat	Timothy	Cross-platform user-facing orchestration	\N
PETER ISLAND Continuous Sunscreen Sport 50 BROAD SPECTRUM SPF 50 Water Resistant	Gazer	Lin	Exclusive hybrid extranet	\N
Teniposide	Cockatoo	Jemmy	Multi-lateral actuating algorithm	\N
DermaCen Non-Alcohol Foaming Hand Sanitizer	Lesser masked weaver	Ermentrude	Secured holistic installation	\N
Atorvastatin Calcium	Brush-tailed bettong	Leda	Devolved intangible intranet	\N
Clear	Red-headed woodpecker	Arabella	Public-key coherent definition	\N
Venlafaxine Hydrochloride	Egyptian goose	Leann	De-engineered exuding protocol	\N
Metronidazole	American crow	Claybourne	Public-key even-keeled extranet	\N
CellCept	Long-nosed bandicoot	Rose	Pre-emptive 4th generation installation	\N
Smart Sense	Fox	Goldi	Grass-roots exuding matrix	\N
Fluphenazine Hydrochloride	Silver gull	Merna	Cloned tertiary firmware	\N
OMNIPRED	Falcon	Myranda	Universal local superstructure	\N
Desoximetasone	Cat	Archaimbaud	Universal intangible flexibility	\N
leader aspirin	Gazer	Emilie	Public-key scalable artificial intelligence	\N
CVS Vanishing Scent Muscle Rub	Cockatoo	Lee	Virtual scalable approach	\N
DiorSnow White Reveal Instant Spot Concealer SPF 50 Ivory 010	Lesser masked weaver	Diego	Team-oriented value-added time-frame	\N
Magnesium Sulfate	Brush-tailed bettong	Manuel	Integrated bi-directional task-force	\N
ADVANCED HYDRO-LIQUID COMPACT (REFILL)	Red-headed woodpecker	Olia	Open-architected dedicated core	\N
Leader Lip Treatment	Egyptian goose	Minette	De-engineered intermediate pricing structure	\N
Cranberry	American crow	Mindy	Open-source full-range throughput	\N
Sunmark	Long-nosed bandicoot	Stacy	Cross-platform leading edge monitoring	\N
Topiramate	Fox	Elliott	Organic stable initiative	\N
Lamotrigine	Silver gull	Clarice	Synchronised 24 hour capacity	\N
SORE THROAT WITH PALLOR	Falcon	Romain	Right-sized asynchronous implementation	\N
Speed Stick	Cat	Mel	Team-oriented bi-directional Graphical User Interface	\N
eZFoam Foaming Antibacterial Moisture Wash	Gazer	Justin	Cloned 3rd generation benchmark	\N
Symbyax	Cockatoo	Wynnie	Customer-focused zero tolerance portal	\N
HealthMart Mucus Relief FM	Lesser masked weaver	Desi	Proactive multimedia customer loyalty	\N
WYMZYA FE	Brush-tailed bettong	Derby	Quality-focused responsive initiative	\N
all day relief	Red-headed woodpecker	Obadiah	Distributed non-volatile matrix	\N
Rough Marsh Elder	Egyptian goose	Marley	Universal tangible Graphical User Interface	\N
equate stomach relief	American crow	Anneliese	Synergistic multi-tasking support	\N
Betalido Kit	Long-nosed bandicoot	Alejoa	Balanced solution-oriented software	\N
Nevirapine	Fox	Murray	Exclusive 4th generation project	\N
Atuss DS Tannate Suspension	Silver gull	Christalle	Multi-channelled explicit access	\N
Venlafaxine Hydrochloride	Falcon	Pren	Ergonomic holistic function	\N
Extra Strength Acetaminophen	Cat	Bordie	Centralized tertiary secured line	\N
Salicylic Acid	Gazer	Siegfried	Enhanced multi-tasking knowledge base	\N
dynaFreeze	Cockatoo	Griffy	Reduced well-modulated access	\N
Bupropion hydrochloride	Lesser masked weaver	Michelle	Reverse-engineered logistical portal	\N
Nighttime Cold and Flu Relief	Brush-tailed bettong	Ryan	Multi-channelled logistical strategy	\N
Klor-Con M	Red-headed woodpecker	Flss	Future-proofed client-server superstructure	\N
Fungicure	Egyptian goose	Trudie	Profit-focused web-enabled archive	\N
TAPAZOLE	American crow	Almire	Devolved composite installation	\N
Vibativ	Long-nosed bandicoot	Jaymie	Extended content-based budgetary management	\N
Ferrum rosatum Graphites Special Order	Fox	Lorne	Universal dynamic alliance	\N
Pain Relief Anti inflammatory	Silver gull	Dian	Versatile context-sensitive orchestration	\N
Neomycin and Polymyxin B Sulfates and Dexamethasone	Falcon	Orelie	Universal impactful secured line	\N
Vancomycin HCl	Cat	Gillie	Monitored 3rd generation emulation	\N
Furosemide	Gazer	Phyllys	Seamless didactic structure	\N
FLUZONE	Cockatoo	Lynde	Team-oriented dynamic knowledge user	\N
Terazosin Hydrochloride	Lesser masked weaver	Edee	Proactive even-keeled support	\N
LIFT LUMIERE	Brush-tailed bettong	Luise	Centralized context-sensitive workforce	\N
Aspen	Red-headed woodpecker	Umberto	Horizontal multi-tasking methodology	\N
Amoxicillin	Egyptian goose	Olympe	Organized solution-oriented functionalities	\N
napoleon PERDIS SHEER GENIUS LIQUID FOUNDATION BROAD SPECTRUM SPF 20 Look 4	American crow	Alano	Re-contextualized bottom-line help-desk	\N
Olanzapine	Long-nosed bandicoot	Olive	Intuitive grid-enabled approach	\N
Tretinoin	Fox	Catherine	Business-focused zero tolerance moderator	\N
Meloxicam	Silver gull	Abdul	Synchronised dynamic Graphic Interface	\N
SunMark All Day Allergy	Falcon	Miranda	Centralized leading edge neural-net	\N
Calcium Chloride	Cat	Mathilde	Expanded client-driven migration	\N
Tussin Original	Gazer	Alexandro	Cross-group clear-thinking model	\N
Gabapentin	Cockatoo	Cleve	Integrated national complexity	\N
SUPREME SKINPIA 10 BB	Lesser masked weaver	Raul	Extended multi-state open system	\N
LOSARTAN POTASSIUM AND HYDROCHLOROTHIAZIDE	Brush-tailed bettong	Wilhelmina	Realigned local superstructure	\N
Bio Oak	Red-headed woodpecker	Guglielma	Horizontal tangible analyzer	\N
AZITHROMYCIN	Egyptian goose	Lacy	Reduced exuding capacity	\N
Metoprolol Tartrate	American crow	Rafi	Visionary 24/7 info-mediaries	\N
Equaline Stay Awake	Long-nosed bandicoot	Kizzie	Open-architected maximized neural-net	\N
Fluvoxamine Maleate	Fox	Arline	Front-line full-range algorithm	\N
Glytone Clarifying	Silver gull	Daniella	Seamless bifurcated hub	\N
Moisture Renew	Falcon	Butch	Balanced leading edge knowledge base	\N
Oxycodone Hydrochloride	Cat	Nichols	Open-architected mission-critical solution	\N
SMART SENSE	Gazer	Parsifal	Stand-alone coherent array	\N
Hand Cleanse	Cockatoo	Silvio	Front-line needs-based throughput	\N
HAND SANITIZER	Lesser masked weaver	Berrie	Diverse fresh-thinking knowledge base	\N
CARE ONE Antibacterial Foaming Hand Soap	Brush-tailed bettong	Marshal	Streamlined system-worthy benchmark	\N
Plus White Coffee Drinkers Whitening	Red-headed woodpecker	Caralie	Up-sized intangible toolset	\N
Eve Lom Radiance Lift Foundation SPF 15	Egyptian goose	Robina	Business-focused bandwidth-monitored middleware	\N
Clearskin Professional	American crow	Tedmund	Managed composite contingency	\N
THE FIRST WHITENING SLEEPING MASK	Long-nosed bandicoot	Reube	Realigned directional infrastructure	\N
Poverty Weed	Fox	Billie	Realigned directional analyzer	\N
Keppra	Silver gull	Annabelle	Front-line homogeneous protocol	\N
Clear	Falcon	Archie	Pre-emptive bi-directional collaboration	\N
Rejuvenate 2000 PM Formula For Men	Cat	Maura	Centralized stable instruction set	\N
Clearasil Ultra Rapid Action	Gazer	Bria	Triple-buffered bandwidth-monitored capability	\N
Acetaminophen	Cockatoo	Misha	Seamless 5th generation algorithm	\N
Cleocin Hydrochloride	Lesser masked weaver	Madison	Diverse uniform customer loyalty	\N
Parasites	Brush-tailed bettong	Dacy	Self-enabling multi-tasking middleware	\N
Covera-HS	Red-headed woodpecker	Artus	Quality-focused contextually-based info-mediaries	\N
Nighttime Sleep Aid	Egyptian goose	Cheryl	Implemented 24 hour instruction set	\N
EXTRA STRENGTH HUA TUO MEDICATED PLASTER	American crow	Wynne	Intuitive static customer loyalty	\N
Hemmorrhoids	Long-nosed bandicoot	Edith	Polarised zero tolerance paradigm	\N
sunmark miconazole 3	Fox	Putnam	Networked zero defect data-warehouse	\N
NITROGEN	Silver gull	Filmore	Compatible directional definition	\N
Promethazine Hydrochloride	Falcon	Catherina	Digitized human-resource contingency	\N
Theophylline	Cat	Nerita	Grass-roots clear-thinking instruction set	\N
Acyclovir	Gazer	Virgilio	Decentralized intermediate hub	\N
PANCREAZE	Cockatoo	Flossie	Seamless disintermediate capability	\N
Lovastatin	Lesser masked weaver	Bunni	Multi-lateral motivating benchmark	\N
DAILY CARE FOAMING CLEANSER	Brush-tailed bettong	Tammi	Ameliorated maximized focus group	\N
pain relief	Red-headed woodpecker	Shaun	Triple-buffered tertiary moratorium	\N
TopiCool Pain Relief	Egyptian goose	Annaliese	Sharable didactic access	\N
YSNORE	American crow	Judas	Sharable didactic algorithm	\N
Rough Pigweed	Long-nosed bandicoot	Richy	Ergonomic client-driven strategy	\N
Carvedilol	Fox	Valentina	Grass-roots incremental success	\N
Colgate Winter Watermelon Flavor	Silver gull	Michel	Exclusive asymmetric protocol	\N
Re20 Ultra Sun Defense Special Set	Falcon	Octavius	Polarised web-enabled superstructure	\N
AUREOBASIDIUM PULLULANS VAR PULLULANS	Cat	Rolf	Assimilated incremental customer loyalty	\N
ROBAXIN	Gazer	Tobias	Ameliorated systemic middleware	\N
Pollens - Trees	Cockatoo	Elyn	Balanced solution-oriented initiative	\N
risperidone	Lesser masked weaver	Neddie	Universal human-resource internet solution	\N
Medi-First First Aid Eye Wash	Brush-tailed bettong	Maud	Vision-oriented foreground system engine	\N
Drainage-Tone	Red-headed woodpecker	Townie	Operative value-added Graphical User Interface	\N
ESIKA Extreme Moisturizing SPF 16	Egyptian goose	Ariel	Ergonomic holistic secured line	\N
Perrigo Benzoyl Peroxide	American crow	Fergus	User-friendly client-driven concept	\N
povidine iodine	Long-nosed bandicoot	Wiatt	Progressive hybrid architecture	\N
CLE DE PEAU BEAUTE CREAM COMPACT FOUNDATION	Fox	Tara	Multi-channelled motivating matrix	\N
Potassium Chloride	Silver gull	Yoshi	Phased eco-centric local area network	\N
PODOFILOX	Falcon	Ancell	Polarised interactive local area network	\N
Phenazopyridine Hydrochloride	Cat	Lucienne	Enhanced logistical strategy	\N
Lorazepam	Gazer	Humfrey	Balanced regional complexity	\N
Tussin DM	Cockatoo	Jacintha	Reduced logistical service-desk	\N
ARGATROBAN	Lesser masked weaver	Tyler	Profit-focused fresh-thinking open system	\N
QUALITY CHOICE LUBRICANT EYE	Brush-tailed bettong	Faun	Re-contextualized global groupware	\N
IMAGE ESSENTIALS	Red-headed woodpecker	Denny	Optimized background middleware	\N
Ranitidine	Egyptian goose	Ephrayim	Open-architected contextually-based initiative	\N
Carbamazepine	American crow	Martha	Synergistic upward-trending structure	\N
Povidone Iodine	Long-nosed bandicoot	Anne	Versatile eco-centric project	\N
medroxyprogesterone acetate	Fox	Mort	Inverse content-based workforce	\N
Tretinoin	Silver gull	Beverley	Open-architected optimal collaboration	\N
Maximum Strength Original Diaper Rash	Falcon	Tamarah	Stand-alone fresh-thinking synergy	\N
family wellness lice killing	Cat	Kania	Ameliorated attitude-oriented time-frame	\N
Clinical Works Pink Grapefruit Waterless Hand Sanitizer	Gazer	Annamarie	Progressive user-facing portal	\N
Topotecan	Cockatoo	Germaine	Open-architected discrete internet solution	\N
PLAGENTRA INTENSIVE CARE	Lesser masked weaver	Modestia	Persistent static framework	\N
Low Dose Aspirin	Brush-tailed bettong	Emelyne	Synchronised executive customer loyalty	\N
Cerezyme	Red-headed woodpecker	Maureen	Fundamental coherent artificial intelligence	\N
Dermarest	Egyptian goose	Loella	Integrated neutral flexibility	\N
Seasonal Allergy Formula	American crow	Hollyanne	Team-oriented human-resource strategy	\N
SOLU-CORTEF	Long-nosed bandicoot	Dacia	Profound bandwidth-monitored capacity	\N
Seatex Hand Sanitizer	Fox	Bettina	Persistent contextually-based product	\N
Levofloxacin	Silver gull	Neron	Phased bifurcated Graphical User Interface	\N
Magnesium Sulfate in Dextrose	Falcon	Davidde	Horizontal contextually-based approach	\N
Ruta Graveolens	Cat	Ciro	Programmable well-modulated monitoring	\N
Rite Aid Instant Hand Sanitizer	Gazer	Evanne	Triple-buffered asymmetric migration	\N
Lamotrigine	Cockatoo	Elsa	Enhanced attitude-oriented Graphical User Interface	\N
Lamotrigine	Lesser masked weaver	Sonia	Triple-buffered foreground extranet	\N
Antipyrine and Benzocaine	Brush-tailed bettong	Pietrek	Implemented content-based interface	\N
Nizatidine	Red-headed woodpecker	Jess	Multi-layered zero tolerance emulation	\N
Diltiazem Hydrochloride	Egyptian goose	Vidovic	Multi-tiered grid-enabled implementation	\N
Enalapril Maleate	American crow	Rich	Monitored disintermediate definition	\N
Certus Wash Towelette	Long-nosed bandicoot	Chas	Secured neutral challenge	\N
Permethrin	Fox	Irvine	Customer-focused logistical local area network	\N
good sense cold remedy	Silver gull	Danit	Virtual optimal process improvement	\N
Duloxetine	Falcon	Brant	Intuitive composite strategy	\N
Hydrochlorothiazide	Cat	Kelcie	Switchable object-oriented synergy	\N
Retin-A	Gazer	Tatiana	Inverse solution-oriented leverage	\N
THALITONE	Cockatoo	Leia	Triple-buffered dynamic moderator	\N
Cough DM	Lesser masked weaver	Salomi	Extended leading edge data-warehouse	\N
zaleplon	Brush-tailed bettong	Quinton	Reverse-engineered hybrid parallelism	\N
Preferred Plus Intense Cough Reliever	Red-headed woodpecker	Roderich	Focused human-resource system engine	\N
Umcka FastActives Cherry	Egyptian goose	Giselle	Expanded context-sensitive task-force	\N
BioGtuss	American crow	Agosto	Operative 4th generation database	\N
Codeine Sulfate	Long-nosed bandicoot	Kira	Managed upward-trending process improvement	\N
Bite Beauty SPF 15 Sheer Balm	Fox	Emery	User-friendly actuating neural-net	\N
simple pleasures	Silver gull	Angelico	Switchable scalable parallelism	\N
Phendimetrazine Tartrate	Falcon	Meaghan	Progressive 5th generation methodology	\N
Epi-Clenz Instant Hand Antiseptic	Cat	Caroline	Optional coherent function	\N
G Tron	Gazer	Corinne	Streamlined disintermediate function	\N
Diltiazem Hydrochloride Extended Release	Cockatoo	Mile	Operative bifurcated standardization	\N
Nitroglycerin Transdermal Delivery System	Lesser masked weaver	Caria	Cross-group executive help-desk	\N
PAMO Kill Natural	Brush-tailed bettong	Alison	Horizontal heuristic protocol	\N
VITALUMIERE AQUA	Red-headed woodpecker	Sherwood	Face to face directional capacity	\N
Fluocinonide	Egyptian goose	Rowland	Proactive leading edge analyzer	\N
Gold and Sudsy	American crow	Ulrikaumeko	Organized interactive Graphic Interface	\N
Ethosuximide	Long-nosed bandicoot	Brittany	Front-line clear-thinking framework	\N
DIVALPROEX SODIUM EXTENDED-RELEASE	Fox	Meredith	Automated human-resource flexibility	\N
Nizatidine	Silver gull	Wainwright	Customizable neutral portal	\N
Aralast	Falcon	Nanci	Future-proofed actuating instruction set	\N
ANBESOL REGULAR STRENGTH	Cat	Lammond	Proactive encompassing moratorium	\N
POTASSIUM CHLORIDE IN DEXTROSE	Gazer	Maighdiln	Reverse-engineered zero defect emulation	\N
SyGest Complex	Cockatoo	Vidovic	Switchable intermediate middleware	\N
PRESCRIPTIVES	Lesser masked weaver	Rosabelle	Persistent homogeneous hardware	\N
NICOTINE	Brush-tailed bettong	Erny	Assimilated tertiary process improvement	\N
Vicodin	Red-headed woodpecker	Maressa	De-engineered coherent definition	\N
Chestnut	Egyptian goose	Palmer	Future-proofed 3rd generation standardization	\N
California Black Oak	American crow	Bourke	Centralized logistical capacity	\N
Bentyl	Long-nosed bandicoot	Dennet	Cloned fault-tolerant challenge	\N
Triple Complex Diabetonic	Fox	Joli	Self-enabling modular interface	\N
TERBUTALINE SULFATE	Silver gull	Kaylyn	Cross-platform multi-tasking throughput	\N
Anti-Bacterial Deep Cleansing Hand	Falcon	Llywellyn	Self-enabling systematic knowledge base	\N
Hot Spot	Cat	Gene	Customizable zero tolerance neural-net	\N
Excedrin	Gazer	Brennan	Centralized full-range process improvement	\N
Warm Vanilla Hand Sanitizer	Cockatoo	Jarred	Customizable upward-trending support	\N
Good Sense enema	Lesser masked weaver	Farrand	Versatile background contingency	\N
Hayfever	Brush-tailed bettong	Myrtice	Open-source foreground function	\N
Acetaminophen	Red-headed woodpecker	Ermina	Programmable disintermediate capability	\N
Cefuroxime Axetil	Egyptian goose	Shel	Sharable bi-directional flexibility	\N
Glycerol-Saline Control	American crow	Emelita	Profit-focused optimizing help-desk	\N
Spironolactone	Long-nosed bandicoot	Antonetta	Open-source cohesive matrices	\N
Verapamil Hydrochloride	Fox	Bartholomew	Team-oriented high-level firmware	\N
Warfarin Sodium	Silver gull	Revkah	Fully-configurable eco-centric pricing structure	\N
Metoprolol Tartrate	Falcon	Nollie	Up-sized scalable migration	\N
Isopto Atropine	Cat	Moira	Profound national structure	\N
Allergy	Gazer	Lissy	Ergonomic zero defect solution	\N
Tekamlo	Cockatoo	Dionne	Upgradable executive success	\N
Charlie girl Blueberry Antibacterial Hand Sanitizer	Lesser masked weaver	Trish	Customer-focused motivating middleware	\N
Mountain Cedar Pollen	Brush-tailed bettong	Buddy	Phased directional matrix	\N
ZITHROMAX	Red-headed woodpecker	Gwen	Quality-focused static forecast	\N
Morphine Sulfate	Egyptian goose	Fernandina	Re-contextualized coherent collaboration	\N
Peptic Relief	American crow	Maxwell	Phased background open architecture	\N
Enalapril Maleate	Long-nosed bandicoot	Munroe	Synchronised tangible flexibility	\N
Phentermine Hydrochloride	Fox	Faun	Diverse explicit initiative	\N
CVS Pharmacy	Silver gull	Vladimir	Extended zero defect superstructure	\N
Aspirin	Falcon	Curcio	Face to face intermediate utilisation	\N
Gemfibrozil	Cat	Moore	User-friendly radical encoding	\N
Metronidazole	Gazer	Monique	Reactive zero tolerance project	\N
Constitutional Enhancer	Cockatoo	Fiorenze	Triple-buffered radical productivity	\N
IBU	Lesser masked weaver	Timmie	Assimilated multi-tasking support	\N
Sucralfate	Brush-tailed bettong	Veriee	Customizable responsive artificial intelligence	\N
Childrens Cold and Allergy	Red-headed woodpecker	Sybyl	Profound mobile encoding	\N
Inflammation	Egyptian goose	Kahlil	User-centric empowering frame	\N
COZAAR	American crow	Elysha	Re-engineered analyzing database	\N
YES TO TOMATOES ROLLER BALL SPOT STICK	Long-nosed bandicoot	Valencia	Versatile neutral knowledge user	\N
Xyzal	Fox	Denice	Optimized real-time circuit	\N
Leader Gas Relief	Silver gull	Darelle	Customer-focused empowering open system	\N
Azithromycin	Falcon	Krystalle	Cloned 3rd generation service-desk	\N
Methylphenidate Hydrochloride	Cat	Gaylord	Front-line tertiary open architecture	\N
Paroxetine	Gazer	Otha	Proactive client-driven moderator	\N
Bupropion Hydrochloride	Cockatoo	Wright	Future-proofed interactive firmware	\N
Chewable Adult Low Dose Aspirin	Lesser masked weaver	Ezekiel	Versatile human-resource hardware	\N
hemorrhoidal	Brush-tailed bettong	Hercules	Face to face zero tolerance extranet	\N
Therapeutic	Red-headed woodpecker	Xenos	Customizable bifurcated utilisation	\N
Sertraline	Egyptian goose	Farrel	Down-sized systemic analyzer	\N
Diltiazem Hydrochloride	American crow	Brade	Seamless explicit orchestration	\N
Enalapril Maleate	Long-nosed bandicoot	Zelda	Sharable object-oriented support	\N
Aquaphor	Fox	Franciskus	Vision-oriented attitude-oriented hierarchy	\N
rizatriptan benzoate	Silver gull	Noe	Ameliorated global workforce	\N
Olanzapine	Falcon	Patrice	De-engineered context-sensitive infrastructure	\N
Treatment Set TS332850	Cat	Marius	Innovative composite installation	\N
Butalbital	Gazer	Oberon	Fundamental intangible migration	\N
Haloperidol	Cockatoo	Misha	Synergistic zero defect leverage	\N
Pain Reliever	Lesser masked weaver	Linn	Balanced grid-enabled matrix	\N
THERA RX	Brush-tailed bettong	Neil	Sharable client-server website	\N
ACACIA	Red-headed woodpecker	Hubert	Synergized global ability	\N
Kirkland Signature AllerClear D 12 hr	Egyptian goose	Clotilda	Diverse zero tolerance hub	\N
LBEL HYDRATESS	American crow	Shawn	Extended radical application	\N
GANCICLOVIR	Long-nosed bandicoot	Estrellita	Enhanced optimal success	\N
Geotrichum candidum	Fox	Pier	Persevering human-resource solution	\N
Hamamelis e cortex 3	Silver gull	Evelin	Assimilated bottom-line function	\N
LUCASOL Hand Instant Hand Sanitizer	Falcon	Joe	Organic well-modulated knowledge base	\N
Fusarium compactum	Cat	Case	Secured full-range core	\N
Carbo Vegetabilis 30c	Gazer	Chloris	Decentralized 6th generation implementation	\N
good sense enema	Cockatoo	Horatius	User-friendly next generation secured line	\N
Delsym	Lesser masked weaver	Lind	Team-oriented eco-centric function	\N
Cyanokit	Brush-tailed bettong	Daloris	Upgradable reciprocal middleware	\N
IASO CONTROL MAKE UP BASE 60	Red-headed woodpecker	Elroy	Monitored object-oriented project	\N
Traumatone	Egyptian goose	Dennie	Progressive intangible knowledge user	\N
Betamethasone Dipropionate	American crow	Helge	Exclusive static knowledge base	\N
Phenytoin	Long-nosed bandicoot	Dari	Centralized multi-tasking algorithm	\N
DILTIAZEM HYDROCHLORIDE	Fox	Merwin	Focused reciprocal matrix	\N
LiverActive	Silver gull	Frederic	Synchronised hybrid hierarchy	\N
Whole Care	Falcon	Cherianne	Customer-focused regional project	\N
Cocoa Latte Tinted Moisturizer Broad Spectrum SPF 25 Sunscreen Medium To Dark	Cat	Tildi	Advanced intangible approach	\N
Meperidine Hydrochloride	Gazer	Sheilah	Exclusive bottom-line paradigm	\N
SALIX NIGRA POLLEN	Cockatoo	Sofie	Synergized optimizing standardization	\N
Homeopathic Cold and Canker Sore Formula	Lesser masked weaver	Jorge	Mandatory radical task-force	\N
CUTICURA MEDICATED ANTIBACTERIAL BAR	Brush-tailed bettong	Ransom	Optional client-driven implementation	\N
Stool Softener	Red-headed woodpecker	Bianca	Team-oriented well-modulated moderator	\N
Black Walnut	Egyptian goose	Lolita	Visionary directional time-frame	\N
Epinephrine	American crow	Mahmoud	Right-sized actuating process improvement	\N
Icy Hot Medicated Roll Large	Long-nosed bandicoot	Molly	Pre-emptive multimedia functionalities	\N
Carvedilol	Fox	Shelley	Optimized composite concept	\N
STOOL SOFTENER	Silver gull	Courtney	Open-source 24/7 moderator	\N
mirtazapine	Falcon	Montgomery	Pre-emptive discrete installation	\N
ARTHRITIS PAIN FORMULA	Cat	Roch	Assimilated even-keeled service-desk	\N
SAFEWAY	Gazer	Janka	Proactive exuding software	\N
Neutrogena Sensitive Skin Sunblock	Cockatoo	Marian	Customizable radical open system	\N
Lidocaine Hydrochloride	Lesser masked weaver	Randolph	Streamlined real-time forecast	\N
Lorazepam	Brush-tailed bettong	Daniele	Inverse static frame	\N
Raspberry Vanilla Scented Waterless Hand Sanitizer	Red-headed woodpecker	Sigvard	Intuitive tangible customer loyalty	\N
Tea Tree Antiseptic	Egyptian goose	Lanny	Multi-channelled global infrastructure	\N
Verapamil Hydrochloride	American crow	Micah	Organic modular firmware	\N
Earwax Removal Aid	Long-nosed bandicoot	Jeth	Networked secondary access	\N
Nicotiana Carbo	Fox	Carena	Object-based 4th generation website	\N
Mineral Wear Talc-Free Illuminating Powder Duo	Silver gull	Hervey	Seamless 5th generation synergy	\N
Nighttime Cough	Falcon	Willetta	Operative optimizing attitude	\N
Degree	Cat	Sonni	Versatile secondary portal	\N
Cephalosporium	Gazer	Anna-maria	Triple-buffered dedicated extranet	\N
Carbon Dioxide-Air Mixture	Cockatoo	Keelia	Versatile fault-tolerant parallelism	\N
REPREXAIN	Lesser masked weaver	Guido	Adaptive context-sensitive focus group	\N
Yes To Tomatoes Daily Repair Treatment	Brush-tailed bettong	Trevar	Realigned didactic benchmark	\N
Amlodipine and Valsartan	Red-headed woodpecker	Leupold	Upgradable neutral monitoring	\N
Dior Bronze Collagen Activ SPF 15 003	Egyptian goose	Fletch	Business-focused 3rd generation adapter	\N
Cucumber Melon Scented Hand Sanitizer	American crow	Evvie	Re-contextualized analyzing collaboration	\N
Berinert	Long-nosed bandicoot	Fredia	Open-source encompassing info-mediaries	\N
Oxygen	Fox	Malena	Phased background local area network	\N
Disulfiram	Silver gull	Jonis	Digitized 6th generation strategy	\N
Allergy Eye Drops	Falcon	Patsy	Streamlined stable middleware	\N
Rx Act Heartburn Prevention	Cat	Derry	Fundamental object-oriented synergy	\N
Labetalol Hydrochloride	Gazer	Quinn	Realigned fault-tolerant analyzer	\N
BuPROPion Hydrochloride	Cockatoo	Farleigh	User-friendly next generation hub	\N
COREG	Lesser masked weaver	Cal	Balanced actuating alliance	\N
Soften Sure Foam Soap Antimicrobial	Brush-tailed bettong	Judith	Digitized mobile framework	\N
Naturasil Muscle and Joint Pain	Red-headed woodpecker	Janeen	Compatible interactive Graphic Interface	\N
Equaline Aspirin	Egyptian goose	Monti	Diverse discrete hierarchy	\N
Amlodipine besylate/atorvastatin calcium	American crow	Agustin	Enhanced empowering open system	\N
Promolaxin	Long-nosed bandicoot	Alfi	Down-sized logistical ability	\N
Western Family	Fox	Alaine	Progressive homogeneous function	\N
Guinea Pig Epithelium	Silver gull	Tammy	Vision-oriented impactful local area network	\N
Treatment Set TS349778	Falcon	Magdalen	Reverse-engineered actuating paradigm	\N
Pravastatin Sodium	Cat	Edan	Quality-focused optimal capacity	\N
Happy Heart	Gazer	Elias	Profound disintermediate capacity	\N
Captopril	Cockatoo	Noll	Visionary tertiary customer loyalty	\N
Diltiazem Hydrochloride	Lesser masked weaver	Rockie	Devolved heuristic interface	\N
Anna Lotan Triple Benefit Tinted Moisturizing Day Broad Spectrum SPF 30	Brush-tailed bettong	Warden	Cloned exuding model	\N
Air	Red-headed woodpecker	Der	Face to face global instruction set	\N
Cimetidine	Egyptian goose	Shamus	Synergized fresh-thinking orchestration	\N
GABAPENTIN	American crow	Eddie	Customer-focused optimizing moderator	\N
Ipratropium Bromide	Long-nosed bandicoot	Rafa	Cross-platform systematic utilisation	\N
GAS RELIEF	Fox	Padraig	Customizable stable software	\N
Laxative	Silver gull	Frederick	Quality-focused multimedia migration	\N
Lidocaine Hydrochloride	Falcon	Giacinta	Networked bi-directional array	\N
Doxepin Hydrochloride	Cat	Annabell	Organized bandwidth-monitored website	\N
Benicar	Gazer	Lanna	Multi-layered neutral help-desk	\N
Cilostazol	Cockatoo	Sukey	Organized scalable architecture	\N
Chlordiazepoxide Hydrochloride	Lesser masked weaver	Jorgan	Business-focused coherent process improvement	\N
ONDANSETRON	Brush-tailed bettong	Chelsey	Optional 24 hour portal	\N
Secret Outlast and Olay Smooth	Red-headed woodpecker	Jada	Adaptive 24/7 array	\N
Pollens - Trees	Egyptian goose	Margalo	Devolved human-resource process improvement	\N
DoloEar	American crow	Ariadne	Expanded methodical moratorium	\N
Apis ex animale 30	Long-nosed bandicoot	Bobinette	Sharable motivating monitoring	\N
Tusnel	Fox	Sherwood	Upgradable heuristic approach	\N
Coffea Cruda 30c	Silver gull	Kevan	Advanced neutral contingency	\N
PRENATE Restore	Falcon	Shannon	Balanced holistic matrices	\N
NanoFreeze	Cat	Hube	Object-based clear-thinking parallelism	\N
BencoCaine Topical Anesthetic	Gazer	Berti	Object-based mobile matrices	\N
Texas Knows Allegy Relief	Cockatoo	Avivah	Cross-platform mobile methodology	\N
Nifedipine	Lesser masked weaver	Nonna	Cross-platform context-sensitive moderator	\N
NITROGEN	Brush-tailed bettong	Garner	Expanded interactive adapter	\N
LISINOPRIL AND HYDROCHLOROTHIAZIDE	Red-headed woodpecker	Connie	Public-key scalable approach	\N
Ibuprofen	Egyptian goose	Alameda	Integrated secondary support	\N
Risperidone	American crow	John	Customizable hybrid service-desk	\N
equaline nicotine	Long-nosed bandicoot	Batholomew	Team-oriented user-facing project	\N
mark. get a tint	Fox	Vick	Upgradable discrete complexity	\N
ONDANSETRON	Silver gull	Gusta	Multi-channelled context-sensitive knowledge base	\N
Donepezil Hydrochloride	Falcon	Obie	Persevering methodical internet solution	\N
Allermilk	Cat	Carmel	Sharable optimal open architecture	\N
Jet Lag	Gazer	Averell	Adaptive content-based archive	\N
Granisetron Hydrochloride	Cockatoo	Hertha	Persevering multimedia emulation	\N
Losartan Potassium and Hydrochlorothiazide	Lesser masked weaver	Sinclair	Phased grid-enabled complexity	\N
VITALUMIERE AQUA	Brush-tailed bettong	Stephanie	Re-contextualized modular flexibility	\N
Lamb	Red-headed woodpecker	Darelle	Profit-focused eco-centric definition	\N
Mustard Seed	Egyptian goose	Simona	Down-sized client-server portal	\N
LEVOFLOXACIN	American crow	Llewellyn	Operative 24 hour policy	\N
Red Snapper	Long-nosed bandicoot	Dore	Expanded context-sensitive help-desk	\N
Nitrogen	Fox	Colin	Open-architected mobile artificial intelligence	\N
Donepezil Hydrochloride	Silver gull	Amity	Profit-focused background utilisation	\N
La mer Hand Sanitizer	Falcon	Bianka	Mandatory local focus group	\N
ULTRESA	Cat	Bjorn	Cloned stable matrices	\N
AQUAFRESH	Gazer	Irma	Vision-oriented real-time monitoring	\N
Leader Antacid	Cockatoo	Joey	Operative value-added utilisation	\N
Letrozole	Lesser masked weaver	Gina	Triple-buffered uniform throughput	\N
Purell Alcohol Formulation	Brush-tailed bettong	Gerek	Multi-channelled context-sensitive knowledge base	\N
No7 Stay Perfect Foundation Sunscreen SPF 15 Cocoa	Red-headed woodpecker	Wallie	Persevering methodical internet solution	\N
Ka Pec	Egyptian goose	Elene	Sharable optimal open architecture	\N
Ez-Slim	Long-nosed bandicoot	Felicio	Persevering multimedia emulation	\N
Moisture Restore Day Protective Mattefying Broad Spectrum SPF15 Combination to Oily	Cat	Dino	Down-sized client-server portal	\N
Prozac	Gazer	Cecil	Operative 24 hour policy	\N
Creamy Diaper Rash	Lesser masked weaver	Lilith	Open-architected mobile artificial intelligence	\N
Leader ClearLax	Brush-tailed bettong	Hilda	Profit-focused background utilisation	\N
Haddock	Red-headed woodpecker	Germaine	Mandatory local focus group	\N
Red Eye Reducer	Egyptian goose	Park	Cloned stable matrices	\N
Simvastatin	Long-nosed bandicoot	Cate	Operative value-added utilisation	\N
BACiiM	Falcon	Minor	Persevering methodical internet solution	\N
Tri-Norinyl	Cat	Jodee	Sharable optimal open architecture	\N
BLATELLA GERMANICA	Gazer	Angelique	Adaptive content-based archive	\N
COCHLIOBOLUS SATIVUS	Brush-tailed bettong	Claudianus	Re-contextualized modular flexibility	\N
Dextrose	American crow	Marga	Operative 24 hour policy	\N
VALTREX	Fox	Mylo	Open-architected mobile artificial intelligence	\N
Acetaminophen	Silver gull	Joyan	Profit-focused background utilisation	\N
Glytone acne treatment facial cleanser	Cat	Beverly	Cloned stable matrices	\N
Labetalol hydrochloride	Lesser masked weaver	Leoline	Triple-buffered uniform throughput	\N
Helium	Red-headed woodpecker	Arny	Persevering methodical internet solution	\N
CD DiorSkin Forever Compact Flawless Perfection Fusion Wear Makeup SPF 25 - 011	Egyptian goose	Dmitri	Sharable optimal open architecture	\N
Food - Plant Source	American crow	Kermie	Adaptive content-based archive	\N
Lessina	Falcon	Harmon	Profit-focused eco-centric definition	\N
Alprazolam	Cat	Elsie	Down-sized client-server portal	\N
Lymphdrainex	Gazer	Kaycee	Operative 24 hour policy	\N
Cottonseed	Lesser masked weaver	Dona	Open-architected mobile artificial intelligence	\N
Dexamethasone	Red-headed woodpecker	Aline	Mandatory local focus group	\N
Zeel	Egyptian goose	Nellie	Cloned stable matrices	\N
Zep Provisions Pot and Pan Premium	Long-nosed bandicoot	Nicolle	Operative value-added utilisation	\N
banophen	Cat	Prudi	Sharable optimal open architecture	\N
Simply Numb Endure	Gazer	Tierney	Adaptive content-based archive	\N
LEADER Azo Tabs Urinary Tract Analgesic	Cockatoo	Tommie	Persevering multimedia emulation	\N
LACHESIS MUTUS	Lesser masked weaver	Lindsey	Phased grid-enabled complexity	\N
LORTUSS	Brush-tailed bettong	Ruth	Re-contextualized modular flexibility	\N
hemorrhoidal relief	Egyptian goose	Gasper	Down-sized client-server portal	\N
Azithromycin Dihydrate	American crow	Karin	Operative 24 hour policy	\N
HERBAL STEMCELL AHA PEEL	Fox	Claudelle	Open-architected mobile artificial intelligence	\N
Anticavity	Falcon	Vonnie	Mandatory local focus group	\N
Gillette Odor Shield Invisible	Gazer	Clerissa	Vision-oriented real-time monitoring	\N
Levothyroxine Sodium	Cockatoo	Gretna	Operative value-added utilisation	\N
Gentamicin Sulfate in Sodium Chloride	Lesser masked weaver	Danyelle	Triple-buffered uniform throughput	\N
Imipenem and Cilastatin	Brush-tailed bettong	Nertie	Multi-channelled context-sensitive knowledge base	\N
DIPYRIDAMOLE	Red-headed woodpecker	Sandro	Persevering methodical internet solution	\N
Aquavit Etheric Energizer	Egyptian goose	Roseline	Sharable optimal open architecture	\N
Walgreens	American crow	Sidonia	Adaptive content-based archive	\N
Salicylic Acid	Long-nosed bandicoot	Brenna	Persevering multimedia emulation	\N
Terbinafine Hydrochloride	Fox	Rhiamon	Phased grid-enabled complexity	\N
Oral Dent	Silver gull	Charlean	Re-contextualized modular flexibility	\N
Pleo Not	Cat	Kale	Down-sized client-server portal	\N
DRY COUGH SKIN ERUPTIONS	Gazer	Keven	Operative 24 hour policy	\N
DG BODY	Cockatoo	Mayer	Expanded context-sensitive help-desk	\N
NATRUM SULPHURICUM	Lesser masked weaver	Bab	Open-architected mobile artificial intelligence	\N
Cephalexin	Brush-tailed bettong	Olwen	Profit-focused background utilisation	\N
JALYN	Red-headed woodpecker	Clevey	Mandatory local focus group	\N
Care One Cold Multi Symptom	American crow	Alli	Vision-oriented real-time monitoring	\N
VP CH Plus	Long-nosed bandicoot	Gaylord	Operative value-added utilisation	\N
Xarelto	Fox	Del	Triple-buffered uniform throughput	\N
Muscle Ice	Cat	Dorelle	Sharable optimal open architecture	\N
BEEVENOM EMULSION	Cockatoo	Lin	Persevering multimedia emulation	\N
Oxygen	Lesser masked weaver	Juliann	Phased grid-enabled complexity	\N
Duloxetine Hydrochloride	American crow	Odo	Operative 24 hour policy	\N
Citalopram Hydrobromide	Long-nosed bandicoot	Clari	Expanded context-sensitive help-desk	\N
Verapamil Hydrochloride	Fox	Rozelle	Open-architected mobile artificial intelligence	\N
being well cold flu relief	Silver gull	Alley	Profit-focused background utilisation	\N
METOPROLOL SUCCINATE	Falcon	Pedro	Mandatory local focus group	\N
PLANTAGO LANCEOLATA POLLEN	Cat	Lavena	Cloned stable matrices	\N
Womens Mitchum Clinical Antiperspirant Deodorant	Cockatoo	Coralie	Operative value-added utilisation	\N
ESIKA Extreme Moisturizing SPF 16	Lesser masked weaver	Fergus	Triple-buffered uniform throughput	\N
Dextroamphetamine Saccharate	Brush-tailed bettong	Gale	Multi-channelled context-sensitive knowledge base	\N
Lorazepam	Red-headed woodpecker	Latrena	Persevering methodical internet solution	\N
Fluoxetine	Egyptian goose	Saunder	Sharable optimal open architecture	\N
Fenofibric Acid	Fox	Rhiamon	Phased grid-enabled complexity	\N
EZ-Detox Super Drainage Formula	Falcon	Natale	Profit-focused eco-centric definition	\N
Zonisamide	Cockatoo	Valentina	Expanded context-sensitive help-desk	\N
GOODSENSE LUBRICATING EYE DROPS	Egyptian goose	Remington	Cloned stable matrices	\N
Phenytoin Sodium	American crow	Layney	Vision-oriented real-time monitoring	\N
Softone Luxury Foam Antibacterial Skin Cleanser	Long-nosed bandicoot	Evvie	Operative value-added utilisation	\N
Cargo Tinted Moisturizer SPF 20	Silver gull	Reagen	Multi-channelled context-sensitive knowledge base	\N
Premphase	Falcon	Johann	Persevering methodical internet solution	\N
Loxapine	Cat	Somerset	Sharable optimal open architecture	\N
Colgate	Gazer	Jabez	Adaptive content-based archive	\N
DayTime Cold and Flu	Cockatoo	Maire	Persevering multimedia emulation	\N
Carbamazepine	Lesser masked weaver	Elsworth	Phased grid-enabled complexity	\N
Topcare Cold Head Congestion	Brush-tailed bettong	Milicent	Re-contextualized modular flexibility	\N
Allergena	Falcon	Sonnie	Mandatory local focus group	\N
Benazepril Hydrochloride	Cat	Kalvin	Cloned stable matrices	\N
Good Sense Complete	Gazer	Quill	Vision-oriented real-time monitoring	\N
Cytotec	Cockatoo	Kath	Operative value-added utilisation	\N
Easydew EX Fresh Mild SunScreen	Red-headed woodpecker	Derrick	Persevering methodical internet solution	\N
GUINOT Ultra UV Sunscreen High Protection Sun Cream for the face and body SPF 30	Long-nosed bandicoot	Kinnie	Persevering multimedia emulation	\N
Aureobasidium pullulans	Cat	Elvyn	Down-sized client-server portal	\N
TC Instant Hand Sanitizer	Gazer	Emmerich	Operative 24 hour policy	\N
Clorpactin WCS-90	Cockatoo	Layla	Expanded context-sensitive help-desk	\N
DERMAGUNGAL	Lesser masked weaver	Kitti	Open-architected mobile artificial intelligence	\N
Warfarin Sodium	Brush-tailed bettong	Hinda	Profit-focused background utilisation	\N
Apiol	Egyptian goose	Karia	Cloned stable matrices	\N
Isradipine	Long-nosed bandicoot	Lana	Operative value-added utilisation	\N
Carbamazepine	Silver gull	Farrah	Multi-channelled context-sensitive knowledge base	\N
BareMinerals	Cat	Marnia	Sharable optimal open architecture	\N
Mata Balm	Gazer	Cordey	Adaptive content-based archive	\N
Renes Cuprum Special Order	Lesser masked weaver	Ivan	Phased grid-enabled complexity	\N
Dibasic Sodium Phosphate	Red-headed woodpecker	Rois	Profit-focused eco-centric definition	\N
Fentanyl	Egyptian goose	Aila	Down-sized client-server portal	\N
Livalo	American crow	Demetris	Operative 24 hour policy	\N
Black Pepper	Fox	Heidie	Open-architected mobile artificial intelligence	\N
Keralyt	Silver gull	Amye	Profit-focused background utilisation	\N
Simvastatin	Falcon	Stanislaw	Mandatory local focus group	\N
Clorox Care Concepts Antimicrobial	Cockatoo	Emmie	Operative value-added utilisation	\N
Lung-Resp	Lesser masked weaver	Josephina	Triple-buffered uniform throughput	\N
ABILIFY	Brush-tailed bettong	Glenine	Multi-channelled context-sensitive knowledge base	\N
ATORVASTATIN CALCIUM	Red-headed woodpecker	Avril	Persevering methodical internet solution	\N
Hydralazine Hydrochloride	Egyptian goose	Bradney	Sharable optimal open architecture	\N
Conazol	Fox	Patrice	Phased grid-enabled complexity	\N
SHISEIDO PERFECT HYDRATING BB	Falcon	Eolande	Profit-focused eco-centric definition	\N
Extended Phenytoin Sodium	Cat	Ashien	Down-sized client-server portal	\N
Thyrostat	Gazer	Fania	Operative 24 hour policy	\N
Food - Plant Source	Cockatoo	Rosetta	Expanded context-sensitive help-desk	\N
Enalapril Maleate	Lesser masked weaver	Cordy	Open-architected mobile artificial intelligence	\N
CHLORPROMAZINE HYDROCHLORIDE	Red-headed woodpecker	Tommie	Mandatory local focus group	\N
Soybean	Egyptian goose	Marla	Cloned stable matrices	\N
White Pine	American crow	Rosana	Vision-oriented real-time monitoring	\N
Laura Mercier Tinted Moisturizer SPF 20 PORCELAIN	Long-nosed bandicoot	Abigale	Operative value-added utilisation	\N
Preference Hand Sanitizer	Fox	Gearard	Triple-buffered uniform throughput	\N
Glyburide	Silver gull	Vally	Multi-channelled context-sensitive knowledge base	\N
Scab-Ease Itch Relief	Gazer	Myrtice	Adaptive content-based archive	\N
COMPLEXION CLEAR ACNE TREATMENT	Lesser masked weaver	Kellen	Phased grid-enabled complexity	\N
Health Mart Junior Rapid Melts	Red-headed woodpecker	Flinn	Profit-focused eco-centric definition	\N
Buspirone Hydrochloride	Egyptian goose	Gothart	Down-sized client-server portal	\N
Rite Aid Instant Hand Sanitizer	Long-nosed bandicoot	Doe	Expanded context-sensitive help-desk	\N
Magnesium Sulfate	Silver gull	Leah	Profit-focused background utilisation	\N
Hydrocortisone Plus	Falcon	Faustine	Mandatory local focus group	\N
Ciprofloxacin	Cat	Sher	Cloned stable matrices	\N
Gabapentin	Cockatoo	Hilarius	Operative value-added utilisation	\N
DAILY ESSENTIAL MOISTURISER	Brush-tailed bettong	Dagmar	Multi-channelled context-sensitive knowledge base	\N
clonidine hydrochloride	Red-headed woodpecker	Rheta	Persevering methodical internet solution	\N
Carvedilol	American crow	Lisle	Adaptive content-based archive	\N
Keystone Antibacterial	Long-nosed bandicoot	Mary	Persevering multimedia emulation	\N
Vaccination Illness Assist	Cat	Hector	Down-sized client-server portal	\N
SUNZONE FAMILY SPF 60	Gazer	Nerissa	Operative 24 hour policy	\N
Sulfamethoxazole and Trimethoprim	Lesser masked weaver	Hogan	Open-architected mobile artificial intelligence	\N
Cyclafem 1/35	Red-headed woodpecker	Tyler	Mandatory local focus group	\N
Felodipine	Fox	Valentine	Triple-buffered uniform throughput	\N
CLE DE PEAU BEAUTE GENTLE PROTECTIVE I	Silver gull	Kathrine	Multi-channelled context-sensitive knowledge base	\N
Proactiv Solution	Falcon	Iggy	Persevering methodical internet solution	\N
FENTANYL TRANSDERMAL SYSTEM	Cat	Brunhilda	Sharable optimal open architecture	\N
Red Alder Pollen	Gazer	Hubert	Adaptive content-based archive	\N
Secret Roll-On	Cockatoo	Naoma	Persevering multimedia emulation	\N
NAPROXEN SODIUM	Lesser masked weaver	Missy	Phased grid-enabled complexity	\N
Triple Antibiotic Plus	Brush-tailed bettong	Cob	Re-contextualized modular flexibility	\N
Docusate Sodium	Red-headed woodpecker	Lydon	Profit-focused eco-centric definition	\N
CIPROFLOXACIN	American crow	Kasey	Operative 24 hour policy	\N
Diluent for Allergenic Extract - Sterile Normal Saline with Phenol	Long-nosed bandicoot	Oswald	Expanded context-sensitive help-desk	\N
Tasigna	Fox	Gorden	Open-architected mobile artificial intelligence	\N
Sore Throat	Falcon	Armando	Mandatory local focus group	\N
Venlafaxine Hydrochloride	Cat	Antin	Cloned stable matrices	\N
Metformin Hydrochloride	Cockatoo	Solomon	Operative value-added utilisation	\N
SOLAR SENSE CLEAR ZINC SUNSCREEN VALUE PACK 50 PLUS	Red-headed woodpecker	Griffy	Persevering methodical internet solution	\N
VP CH Plus	American crow	Marie-ann	Adaptive content-based archive	\N
Amlodipine Besylate and Benazepril Hydrochloride	Fox	Charlotta	Phased grid-enabled complexity	\N
Arnica	Silver gull	Anna-diana	Re-contextualized modular flexibility	\N
Antibacterial Roll Towels	Falcon	Kurtis	Profit-focused eco-centric definition	\N
Lamotrigine	Cat	Kristan	Down-sized client-server portal	\N
SENSODYNE	Cockatoo	Hilliard	Expanded context-sensitive help-desk	\N
ZOLINZA	Brush-tailed bettong	Christabella	Profit-focused background utilisation	\N
Overly Sensitive	Red-headed woodpecker	Zolly	Mandatory local focus group	\N
Divalproex Sodium	Long-nosed bandicoot	Silvester	Operative value-added utilisation	\N
ELELYSO	Silver gull	Madonna	Multi-channelled context-sensitive knowledge base	\N
Fruit of the Earth Aloe Vera Cool Blue	Cat	Dar	Sharable optimal open architecture	\N
Seretin	Cockatoo	Rhona	Persevering multimedia emulation	\N
Helium	Lesser masked weaver	Adey	Phased grid-enabled complexity	\N
PMS Tone	Egyptian goose	Leann	Down-sized client-server portal	\N
ATORVASTATIN CALCIUM	American crow	Estrellita	Operative 24 hour policy	\N
Wheat Smut	Fox	Clea	Open-architected mobile artificial intelligence	\N
Endocrine Balancer	Silver gull	Valentino	Profit-focused background utilisation	\N
Hand Kleen Southern OrchardAntibacterial Han	Falcon	Rutledge	Mandatory local focus group	\N
Goutinex	Cat	Sallyann	Cloned stable matrices	\N
Antacid	Cockatoo	Gale	Operative value-added utilisation	\N
Hydroxyzine Hydrochloride	Egyptian goose	Marve	Sharable optimal open architecture	\N
Pleo Not	American crow	Tannie	Adaptive content-based archive	\N
EASTERN YELLOWJACKET VENOM PROTEIN	Fox	Fairlie	Phased grid-enabled complexity	\N
12 hour decongestant	Silver gull	Callean	Re-contextualized modular flexibility	\N
CVS PHARMACY	Falcon	Josefina	Profit-focused eco-centric definition	\N
SE-DONNA PB HYOS	Gazer	Ingram	Operative 24 hour policy	\N
\.


--
-- Data for Name: prefers; Type: TABLE DATA; Schema: public; Owner: -
--

COPY public.prefers (cname, category) FROM stdin;
Daune	Cat
Terrijo	Gazer
Sharla	Cat
Fleur	Cockatoo
Huntlee	Cat
Willard	Brush-tailed bettong
Christie	Red-headed woodpecker
Jelene	Egyptian goose
Kriste	American crow
Cornela	Vulture, egyptian
Alexia	Long-nosed bandicoot
Kary	Sage grouse
Kimbra	Southern lapwing
Isabeau	Porcupine
Rhody	Squirrel
Merrick	Insect
Guendolen	Fox
Jocelyn	Gray heron
Lizzie	Squirrel
Ivonne	Cockatoo
Birch	Silver gull
Benedikta	Falcon
Stillman	Stork
Davina	Great horned owl
Inness	Cat
Leta	Gazer
Bev	Cat
Andriana	Cockatoo
Rois	Red-headed woodpecker
Hinze	Brush-tailed bettong
Darill	Red-headed woodpecker
Almire	Egyptian goose
Bart	American crow
Rolph	Vulture, egyptian
Rois	Long-nosed bandicoot
Kellia	Sage grouse
Kleon	Southern lapwing
Alfy	Porcupine
Perle	Squirrel
Shayne	Insect
Bess	Fox
Jodi	Gray heron
Jorey	Squirrel
Jodie	Brush-tailed bettong
Egor	Cat
Rafa	Gazer
Aprilette	Cat
Jocelyn	Cockatoo
Tony	Red-headed woodpecker
Odelia	Brush-tailed bettong
Krishna	Red-headed woodpecker
Celle	Egyptian goose
Belle	American crow
Josefina	Vulture, egyptian
Huberto	Long-nosed bandicoot
Bonnie	Sage grouse
Stella	Southern lapwing
Nikolai	Porcupine
Joline	Squirrel
Arlin	Insect
Fern	Fox
Melinde	Gray heron
Tibold	Squirrel
Abbie	Egyptian goose
Bryce	Silver gull
Bridie	Falcon
Abigale	Stork
Ettie	Great horned owl
Cully	Cat
Micah	Gazer
Lisle	Cat
Candice	Cockatoo
Cirstoforo	American crow
Dinnie	Brush-tailed bettong
Alessandra	Red-headed woodpecker
Boy	Egyptian goose
Noni	American crow
Wilmar	Vulture, egyptian
Binnie	Long-nosed bandicoot
Gertrudis	Sage grouse
Mitzi	Southern lapwing
Nels	Porcupine
Elene	Squirrel
Ximenez	Insect
Timi	Fox
Ivy	Gray heron
Shaw	Squirrel
Ellis	Vulture, egyptian
Craggy	Cat
Kaela	Gazer
Killy	Cat
Lynn	Cockatoo
Laureen	Long-nosed bandicoot
Izabel	Brush-tailed bettong
Lynett	Red-headed woodpecker
Corena	Egyptian goose
Nike	American crow
Jamie	Vulture, egyptian
Angelia	Long-nosed bandicoot
Ignacius	Sage grouse
Sebastien	Southern lapwing
Lidia	Porcupine
Myrah	Squirrel
Candida	Insect
Pearce	Fox
Paolo	Sage grouse
Anette	Squirrel
Milzie	Southern lapwing
Patti	Silver gull
Giacopo	Falcon
Cristiano	Stork
Mahmud	Great horned owl
Brandy	Cat
Kevyn	Gazer
Oran	Cat
Adelheid	Cockatoo
Flinn	Porcupine
Zachary	Brush-tailed bettong
Sonnie	Red-headed woodpecker
Ezra	Egyptian goose
Tannie	American crow
Libbie	Vulture, egyptian
Harlin	Long-nosed bandicoot
Georgia	Sage grouse
Sybyl	Southern lapwing
Henka	Porcupine
Danie	Squirrel
Barbara	Insect
Susannah	Fox
Carmine	Gray heron
Sherie	Squirrel
Jacques	Squirrel
Pier	Cat
Robbyn	Gazer
Jose	Cat
Thelma	Cockatoo
Flory	Insect
Lonee	Brush-tailed bettong
Hobey	Red-headed woodpecker
Gradey	Egyptian goose
Gabbey	American crow
Avie	Vulture, egyptian
Joelly	Long-nosed bandicoot
Elonore	Sage grouse
Gerda	Southern lapwing
Marion	Porcupine
Arleta	Squirrel
Jessamyn	Insect
Cletus	Fox
Michael	Gray heron
Caspar	Squirrel
Brandy	Fox
Gene	Silver gull
Kayne	Falcon
Lawrence	Stork
Osbourne	Great horned owl
Venita	Cat
Frederich	Gazer
Charley	Cat
Ester	Cockatoo
Clareta	Gray heron
Arlee	Brush-tailed bettong
Dag	Red-headed woodpecker
Maddy	Egyptian goose
Jon	American crow
Salem	Vulture, egyptian
Leah	Long-nosed bandicoot
Leicester	Sage grouse
Janey	Southern lapwing
Buffy	Porcupine
Row	Squirrel
Maxy	Insect
Heather	Fox
Timothy	Gray heron
Lin	Squirrel
Carrol	Squirrel
Ermentrude	Cat
Leda	Gazer
Arabella	Cat
Leann	Cockatoo
Kellia	Egyptian goose
Rose	Brush-tailed bettong
Goldi	Red-headed woodpecker
Merna	Egyptian goose
Myranda	American crow
Archaimbaud	Vulture, egyptian
Emilie	Long-nosed bandicoot
Lee	Sage grouse
Diego	Southern lapwing
Manuel	Porcupine
Olia	Squirrel
Minette	Insect
Mindy	Fox
Stacy	Gray heron
Elliott	Squirrel
Derby	Silver gull
Romain	Silver gull
Mel	Falcon
Justin	Stork
Wynnie	Great horned owl
Desi	Cat
Derby	Gazer
Obadiah	Cat
Marley	Cockatoo
Saraann	Falcon
Alejoa	Brush-tailed bettong
Murray	Red-headed woodpecker
Christalle	Egyptian goose
Pren	American crow
Bordie	Vulture, egyptian
Siegfried	Long-nosed bandicoot
Griffy	Sage grouse
Michelle	Southern lapwing
Ryan	Porcupine
Flss	Squirrel
Trudie	Insect
Almire	Fox
Jaymie	Gray heron
Lorne	Squirrel
Xerxes	Stork
Orelie	Cat
Gillie	Gazer
Phyllys	Cat
Lynde	Cockatoo
Jessa	Great horned owl
Luise	Brush-tailed bettong
Umberto	Red-headed woodpecker
Olympe	Egyptian goose
Alano	American crow
Olive	Vulture, egyptian
Catherine	Long-nosed bandicoot
Abdul	Sage grouse
Miranda	Southern lapwing
Mathilde	Porcupine
Alexandro	Squirrel
Cleve	Insect
Raul	Fox
Wilhelmina	Gray heron
Guglielma	Squirrel
Janella	Cat
Rafi	Silver gull
Kizzie	Falcon
Arline	Stork
Daniella	Great horned owl
Butch	Cat
Nichols	Gazer
Parsifal	Cat
Silvio	Cockatoo
Freddie	Gazer
Marshal	Brush-tailed bettong
Caralie	Red-headed woodpecker
Robina	Egyptian goose
Tedmund	American crow
Reube	Vulture, egyptian
Billie	Long-nosed bandicoot
Annabelle	Sage grouse
Archie	Southern lapwing
Maura	Porcupine
Bria	Squirrel
Misha	Insect
Madison	Fox
Dacy	Gray heron
Artus	Squirrel
Gun	Cat
Wynne	Cat
Edith	Gazer
Putnam	Cat
Filmore	Cockatoo
Kaja	Cockatoo
Nerita	Brush-tailed bettong
Virgilio	Red-headed woodpecker
Flossie	Egyptian goose
Bunni	American crow
Tammi	Vulture, egyptian
Shaun	Long-nosed bandicoot
Annaliese	Sage grouse
Judas	Southern lapwing
Richy	Porcupine
Valentina	Squirrel
Michel	Insect
Octavius	Fox
Rolf	Gray heron
Tobias	Squirrel
Kleon	American crow
Neddie	Silver gull
Maud	Falcon
Townie	Stork
Ariel	Great horned owl
Fergus	Cat
Wiatt	Gazer
Tara	Cat
Yoshi	Cockatoo
Prinz	Brush-tailed bettong
Lucienne	Brush-tailed bettong
Humfrey	Red-headed woodpecker
Jacintha	Egyptian goose
Tyler	American crow
Faun	Vulture, egyptian
Denny	Long-nosed bandicoot
Ephrayim	Sage grouse
Martha	Southern lapwing
Anne	Porcupine
Mort	Squirrel
Beverley	Insect
Tamarah	Fox
Kania	Gray heron
Annamarie	Squirrel
Cesar	Red-headed woodpecker
Modestia	Cat
Emelyne	Gazer
Maureen	Cat
Loella	Cockatoo
Thoma	Egyptian goose
Dacia	Brush-tailed bettong
Bettina	Red-headed woodpecker
Neron	Egyptian goose
Davidde	American crow
Ciro	Vulture, egyptian
Evanne	Long-nosed bandicoot
Elsa	Sage grouse
Sonia	Southern lapwing
Pietrek	Porcupine
Jess	Squirrel
Vidovic	Insect
Rich	Fox
Chas	Gray heron
Donall	American crow
Irvine	Squirrel
Frants	Vulture, egyptian
Brant	Silver gull
Kelcie	Falcon
Tatiana	Stork
Leia	Great horned owl
Salomi	Cat
Quinton	Gazer
Roderich	Cat
Giselle	Cockatoo
Kendell	Long-nosed bandicoot
Kira	Brush-tailed bettong
Emery	Red-headed woodpecker
Angelico	Egyptian goose
Meaghan	American crow
Caroline	Vulture, egyptian
Corinne	Long-nosed bandicoot
Mile	Sage grouse
Caria	Southern lapwing
Alison	Porcupine
Sherwood	Squirrel
Rowland	Insect
Ulrikaumeko	Fox
Brittany	Gray heron
Meredith	Squirrel
Harcourt	Sage grouse
Nanci	Cat
Lammond	Gazer
Maighdiln	Cat
Vidovic	Cockatoo
Queenie	Southern lapwing
Erny	Brush-tailed bettong
Maressa	Red-headed woodpecker
Palmer	Egyptian goose
Bourke	American crow
Dennet	Vulture, egyptian
Joli	Long-nosed bandicoot
Kaylyn	Sage grouse
Llywellyn	Southern lapwing
Gene	Porcupine
Brennan	Squirrel
Jarred	Insect
Farrand	Fox
Myrtice	Gray heron
Ermina	Squirrel
Bartholomew	Porcupine
Emelita	Silver gull
Antonetta	Falcon
Bartholomew	Stork
Revkah	Great horned owl
Nollie	Cat
Moira	Gazer
Lissy	Cat
Dionne	Cockatoo
Stephan	Squirrel
Buddy	Brush-tailed bettong
Gwen	Red-headed woodpecker
Fernandina	Egyptian goose
Maxwell	American crow
Munroe	Vulture, egyptian
Faun	Long-nosed bandicoot
Vladimir	Sage grouse
Curcio	Southern lapwing
Moore	Porcupine
Monique	Squirrel
Fiorenze	Insect
Timmie	Fox
Veriee	Gray heron
Sybyl	Squirrel
Sammy	Insect
Elysha	Cat
Valencia	Gazer
Denice	Cat
Darelle	Cockatoo
Casandra	Fox
Gaylord	Brush-tailed bettong
Otha	Red-headed woodpecker
Wright	Egyptian goose
Ezekiel	American crow
Hercules	Vulture, egyptian
Xenos	Long-nosed bandicoot
Farrel	Sage grouse
Brade	Southern lapwing
Zelda	Porcupine
Franciskus	Squirrel
Noe	Insect
Patrice	Fox
Marius	Gray heron
Oberon	Squirrel
Lucian	Gray heron
Linn	Silver gull
Neil	Falcon
Hubert	Stork
Clotilda	Great horned owl
Shawn	Cat
Estrellita	Gazer
Iorgo	Squirrel
Evelin	Cockatoo
Alfy	Vulture, egyptian
Case	Brush-tailed bettong
Chloris	Red-headed woodpecker
Horatius	Egyptian goose
Lind	American crow
Daloris	Vulture, egyptian
Elroy	Long-nosed bandicoot
Dennie	Sage grouse
Helge	Southern lapwing
Dari	Porcupine
Merwin	Squirrel
Frederic	Insect
Cherianne	Fox
Tildi	Gray heron
Sheilah	Squirrel
Clywd	Cat
Jorge	Silver gull
Ransom	Falcon
Bianca	Stork
Lolita	Great horned owl
Mahmoud	Cat
Molly	Gazer
Shelley	Cat
Courtney	Cockatoo
Otes	Gazer
Roch	Brush-tailed bettong
Janka	Red-headed woodpecker
Marian	Egyptian goose
Randolph	American crow
Daniele	Vulture, egyptian
Sigvard	Long-nosed bandicoot
Lanny	Sage grouse
Micah	Southern lapwing
Jeth	Porcupine
Carena	Squirrel
Hervey	Insect
Willetta	Fox
Sonni	Gray heron
Anna-maria	Squirrel
Chad	Cat
Guido	Cat
Trevar	Gazer
Leupold	Cat
Fletch	Cockatoo
Dulsea	Cockatoo
Fredia	Brush-tailed bettong
Malena	Red-headed woodpecker
Jonis	Egyptian goose
Patsy	American crow
Derry	Vulture, egyptian
Quinn	Long-nosed bandicoot
Farleigh	Sage grouse
Cal	Southern lapwing
Judith	Porcupine
Janeen	Squirrel
Monti	Insect
Agustin	Fox
Alfi	Gray heron
Alaine	Squirrel
Perle	Long-nosed bandicoot
Magdalen	Silver gull
Edan	Falcon
Elias	Stork
Noll	Great horned owl
Rockie	Cat
Warden	Gazer
Der	Cat
Shamus	Cockatoo
Andriana	Brush-tailed bettong
Rafa	Brush-tailed bettong
Padraig	Red-headed woodpecker
Frederick	Egyptian goose
Giacinta	American crow
Annabell	Vulture, egyptian
Lanna	Long-nosed bandicoot
Sukey	Sage grouse
Jorgan	Southern lapwing
Chelsey	Porcupine
Jada	Squirrel
Margalo	Insect
Ariadne	Fox
Bobinette	Gray heron
Marion	Red-headed woodpecker
Gerhardine	Egyptian goose
Shannon	Cat
Hube	Gazer
Berti	Cat
Avivah	Cockatoo
Miltie	American crow
Garner	Brush-tailed bettong
Connie	Red-headed woodpecker
Alameda	Egyptian goose
John	American crow
Batholomew	Vulture, egyptian
Vick	Long-nosed bandicoot
Gusta	Sage grouse
Obie	Southern lapwing
Carmel	Porcupine
Averell	Squirrel
Hertha	Insect
Sinclair	Fox
Stephanie	Gray heron
Darelle	Squirrel
Wenonah	Vulture, egyptian
Llewellyn	Silver gull
Dore	Falcon
Colin	Stork
Amity	Great horned owl
Bianka	Cat
Bjorn	Gazer
Irma	Cat
Joey	Cockatoo
Zachary	Long-nosed bandicoot
Gerek	Brush-tailed bettong
Wallie	Red-headed woodpecker
Elene	Egyptian goose
Claire	American crow
Felicio	Vulture, egyptian
Gail	Long-nosed bandicoot
Levin	Sage grouse
Valeda	Southern lapwing
Dino	Porcupine
Cecil	Squirrel
Koren	Insect
Lilith	Fox
Hilda	Gray heron
Germaine	Squirrel
Dahlia	Sage grouse
Patrica	Cat
Cate	Gazer
Tandi	Cat
Olivie	Cockatoo
Floyd	Southern lapwing
Jodee	Brush-tailed bettong
Angelique	Red-headed woodpecker
Burch	Egyptian goose
Fin	American crow
Claudianus	Vulture, egyptian
Toinette	Long-nosed bandicoot
Nikolaos	Sage grouse
Marga	Southern lapwing
Ardra	Porcupine
Mylo	Squirrel
Joyan	Insect
Dorris	Fox
Beverly	Gray heron
Jarrett	Squirrel
Grenville	Porcupine
Leoline	Silver gull
Dex	Falcon
Arny	Stork
Dmitri	Great horned owl
Kermie	Cat
Mela	Gazer
Olivier	Cat
Charyl	Cockatoo
Foster	Squirrel
Elsie	Brush-tailed bettong
Kaycee	Red-headed woodpecker
Bax	Egyptian goose
Dona	American crow
Godfrey	Vulture, egyptian
Aline	Long-nosed bandicoot
Nellie	Sage grouse
Bethanne	Southern lapwing
Nicolle	Porcupine
Rani	Squirrel
Bowie	Insect
Caz	Fox
Prudi	Gray heron
Tierney	Squirrel
Kirsti	Insect
Lindsey	Cat
Ruth	Gazer
Krysta	Cat
Gasper	Cockatoo
Jermaine	Fox
Ulric	Brush-tailed bettong
Claudelle	Red-headed woodpecker
Nealson	Egyptian goose
Vonnie	American crow
Katharyn	Vulture, egyptian
Clerissa	Long-nosed bandicoot
Gretna	Sage grouse
Danyelle	Southern lapwing
Nertie	Porcupine
Sandro	Squirrel
Roseline	Insect
Sidonia	Fox
Brenna	Gray heron
Rhiamon	Squirrel
Lauritz	Gray heron
Gerhardt	Silver gull
Kale	Falcon
Keven	Stork
Mayer	Great horned owl
Bab	Cat
Olwen	Gazer
Clevey	Cat
Carroll	Cockatoo
Merrili	Squirrel
Shayne	Sage grouse
Del	Red-headed woodpecker
Bernie	Egyptian goose
Babita	American crow
Dorelle	Vulture, egyptian
Budd	Long-nosed bandicoot
Lin	Sage grouse
Juliann	Southern lapwing
Laural	Porcupine
Liana	Squirrel
Averil	Insect
Odo	Fox
Clari	Gray heron
Rozelle	Squirrel
Belva	Silver gull
Pedro	Cat
Lavena	Gazer
Jemmie	Cat
Coralie	Cockatoo
Sallee	Falcon
Gale	Brush-tailed bettong
Latrena	Red-headed woodpecker
Saunder	Egyptian goose
Delly	American crow
Kayla	Vulture, egyptian
Rhiamon	Long-nosed bandicoot
Hanan	Sage grouse
Natale	Southern lapwing
Nickey	Porcupine
Cristine	Squirrel
Valentina	Insect
Celene	Fox
Ruthi	Gray heron
Janek	Squirrel
Bennett	Stork
Layney	Silver gull
Evvie	Falcon
Shayla	Stork
Reagen	Great horned owl
Johann	Cat
Somerset	Gazer
Jabez	Cat
Maire	Cockatoo
Guthrie	Great horned owl
Milicent	Brush-tailed bettong
Fonsie	Red-headed woodpecker
Berk	Egyptian goose
Serge	American crow
Myrna	Vulture, egyptian
Vivyanne	Long-nosed bandicoot
Emilee	Sage grouse
Sonnie	Southern lapwing
Kalvin	Porcupine
Quill	Squirrel
Kath	Insect
Stafford	Fox
Cati	Gray heron
Derrick	Squirrel
Chaddy	Cat
Lelia	Cat
Kinnie	Gazer
Ward	Cat
Evelina	Cockatoo
Trumann	Gazer
Elvyn	Brush-tailed bettong
Emmerich	Red-headed woodpecker
Layla	Egyptian goose
Kitti	American crow
Hinda	Vulture, egyptian
Baily	Long-nosed bandicoot
Karia	Sage grouse
Gennifer	Southern lapwing
Lana	Porcupine
Moyna	Squirrel
Farrah	Insect
Kellyann	Fox
Marnia	Gray heron
Cordey	Squirrel
Blanca	Cat
Ivan	Silver gull
Teodor	Falcon
Rois	Stork
Aila	Great horned owl
Demetris	Cat
Joice	Gazer
Heidie	Cat
Amye	Cockatoo
Susannah	Cockatoo
Hakim	Brush-tailed bettong
Darsey	Red-headed woodpecker
Emmie	Egyptian goose
Josephina	American crow
Glenine	Vulture, egyptian
Avril	Long-nosed bandicoot
Bradney	Sage grouse
Pall	Southern lapwing
Rora	Porcupine
Patrice	Squirrel
Sela	Insect
Eolande	Fox
Ashien	Gray heron
Fania	Squirrel
Bess	Southern lapwing
Cordy	Cat
Ilyssa	Gazer
Tommie	Cat
Marla	Cockatoo
Maryann	Brush-tailed bettong
Abigale	Brush-tailed bettong
Gearard	Red-headed woodpecker
Vally	Egyptian goose
Jasmine	American crow
Cherice	Vulture, egyptian
Myrtice	Long-nosed bandicoot
Hazel	Sage grouse
Kellen	Southern lapwing
Shantee	Porcupine
Flinn	Squirrel
Gothart	Insect
Terrance	Fox
Doe	Gray heron
Kelsy	Squirrel
Raff	Red-headed woodpecker
Faustine	Silver gull
Sher	Falcon
Maxine	Stork
Hilarius	Great horned owl
Webster	Cat
Dagmar	Gazer
Rheta	Cat
Justina	Cockatoo
Elisa	Egyptian goose
Mary	Brush-tailed bettong
Hermie	Red-headed woodpecker
Cassi	Egyptian goose
Clayson	American crow
Hector	Vulture, egyptian
Nerissa	Long-nosed bandicoot
Janene	Sage grouse
Hogan	Southern lapwing
Lavina	Porcupine
Tyler	Squirrel
Newton	Insect
Mic	Fox
Fulvia	Gray heron
Valentine	Squirrel
Merill	American crow
Iggy	Cat
Brunhilda	Gazer
Hubert	Cat
Naoma	Cockatoo
David	Vulture, egyptian
Cob	Brush-tailed bettong
Lydon	Red-headed woodpecker
Dyann	Egyptian goose
Kasey	American crow
Oswald	Vulture, egyptian
Gorden	Long-nosed bandicoot
Ertha	Sage grouse
Armando	Southern lapwing
Antin	Porcupine
Krystle	Squirrel
Solomon	Insect
Ulric	Fox
Juliana	Gray heron
Griffy	Squirrel
Aron	Long-nosed bandicoot
Marie-ann	Silver gull
Annabela	Falcon
Charlotta	Stork
Anna-diana	Great horned owl
Kurtis	Cat
Kristan	Gazer
Henri	Cat
Hilliard	Cockatoo
Ellynn	Sage grouse
Christabella	Brush-tailed bettong
Zolly	Red-headed woodpecker
Steward	Egyptian goose
Adelbert	American crow
Silvester	Vulture, egyptian
Rubin	Long-nosed bandicoot
Madonna	Sage grouse
Clarance	Southern lapwing
Dar	Porcupine
Elsi	Squirrel
Rhona	Insect
Adey	Fox
Reggie	Gray heron
Alastair	Squirrel
Cosmo	Southern lapwing
Estrellita	Cat
Samara	Gazer
Clea	Cat
Valentino	Cockatoo
Prudi	Porcupine
Sallyann	Brush-tailed bettong
Brok	Red-headed woodpecker
Gale	Egyptian goose
Deeyn	American crow
Ruperta	Vulture, egyptian
Orrin	Long-nosed bandicoot
Marve	Sage grouse
Tannie	Southern lapwing
Lelia	Porcupine
Fairlie	Squirrel
Callean	Insect
Josefina	Fox
Nadeen	Gray heron
Ingram	Squirrel
Melanie	Squirrel
Zea	Silver gull
Alika	Falcon
Natalya	Stork
Trista	Great horned owl
Ham	Cat
Myrilla	Gazer
Karlan	Cat
Morgan	Cockatoo
Scot	Insect
Francene	Brush-tailed bettong
Rosalinda	Red-headed woodpecker
Hendrick	Egyptian goose
Ricoriki	American crow
Harlen	Vulture, egyptian
Finn	Long-nosed bandicoot
Werner	Sage grouse
Christin	Southern lapwing
Aggi	Porcupine
Griselda	Squirrel
Lyell	Insect
Trudy	Fox
Courtenay	Gray heron
Florella	Squirrel
Abdul	Fox
Alisun	Silver gull
Terri-jo	Falcon
Pedro	Stork
Faustine	Great horned owl
Ernie	Cat
Cobb	Gazer
Granny	Cat
Odilia	Cockatoo
Isaac	Gray heron
Curtice	Brush-tailed bettong
Erv	Red-headed woodpecker
Lillian	Egyptian goose
Kalvin	American crow
Lil	Vulture, egyptian
Darlene	Long-nosed bandicoot
Dela	Sage grouse
Gwenny	Southern lapwing
Fraze	Porcupine
Nikaniki	Squirrel
Cleo	Insect
Gordon	Fox
Rochella	Gray heron
Archibaldo	Squirrel
Holly-anne	Squirrel
Rogerio	Cat
Tamiko	Gazer
Vivyan	Cat
Theodore	Cockatoo
Jodi	Porcupine
Kara	Brush-tailed bettong
Garry	Red-headed woodpecker
Kerri	Egyptian goose
Kellen	American crow
Idette	Vulture, egyptian
Jacky	Long-nosed bandicoot
Reggi	Sage grouse
Lonee	Southern lapwing
Kathye	Porcupine
Lauri	Squirrel
Stearne	Insect
Herold	Fox
Malanie	Gray heron
Glenna	Squirrel
Findley	Cat
Sergio	Silver gull
Klarrisa	Falcon
Phyllys	Stork
Ginni	Great horned owl
Obed	Cat
Adolph	Gazer
Ulrike	Cat
Derick	Cockatoo
Odessa	Gazer
Addy	Brush-tailed bettong
Ingaborg	Red-headed woodpecker
Thaxter	Egyptian goose
Decca	American crow
Thayne	Vulture, egyptian
Shelby	Long-nosed bandicoot
Lindsay	Sage grouse
Emilia	Southern lapwing
Keri	Porcupine
Lauretta	Squirrel
Nickolaus	Insect
Ade	Fox
Allys	Gray heron
Kaia	Squirrel
Edgardo	Cat
Dell	Cat
Karleen	Gazer
Dmitri	Cat
Lucille	Cockatoo
Atlanta	Cockatoo
Eustace	Brush-tailed bettong
Yvonne	Red-headed woodpecker
Kory	Egyptian goose
Melody	American crow
Jules	Vulture, egyptian
Othilia	Long-nosed bandicoot
Jillane	Sage grouse
Linc	Southern lapwing
Dougy	Porcupine
Tana	Squirrel
Gregorio	Insect
Pepe	Fox
Natale	Gray heron
Ingmar	Squirrel
Alphonse	Silver gull
Gardener	Falcon
Harley	Stork
Kev	Great horned owl
Sharon	Cat
Wit	Gazer
Smitty	Cat
Debee	Cockatoo
Daryl	Brush-tailed bettong
Devin	Brush-tailed bettong
Joela	Red-headed woodpecker
Lauren	Egyptian goose
Roby	American crow
Cissy	Red-headed woodpecker
Emmy	Long-nosed bandicoot
Bessy	Sage grouse
Jameson	Southern lapwing
Shauna	Porcupine
Pasquale	Squirrel
Sarah	Insect
De	Fox
Jayme	Gray heron
Guy	Squirrel
Kristopher	Egyptian goose
Alyce	American crow
Demetra	Cat
Sandra	Gazer
Ashil	Vulture, egyptian
Kelly	Long-nosed bandicoot
Michal	Sage grouse
Ransell	Southern lapwing
Briano	Porcupine
Alma	Squirrel
Birgit	Insect
Nan	Fox
Marabel	Gray heron
Winnie	Squirrel
Lettie	Insect
Liza	Silver gull
Amii	Falcon
Paloma	Stork
Maurits	Great horned owl
Barth	Cat
Dita	Gazer
Stanfield	Cat
Celle	Cockatoo
Egor	Fox
Panchito	Brush-tailed bettong
Harlene	Red-headed woodpecker
Tracy	Egyptian goose
Christian	American crow
Chelsea	Vulture, egyptian
Lorrie	Long-nosed bandicoot
Linn	Sage grouse
Zena	Southern lapwing
Mohammed	Porcupine
Aileen	Squirrel
Wolfy	Insect
Ginnie	Fox
Shandeigh	Gray heron
Crissy	Squirrel
Rafa	Gray heron
Lorelei	Cat
Olly	Gazer
Julia	Cat
Hiram	Cockatoo
Aprilette	Squirrel
Lem	Brush-tailed bettong
Charisse	Red-headed woodpecker
Anallise	Egyptian goose
Vaughn	American crow
Arvy	Vulture, egyptian
Marietta	Long-nosed bandicoot
Freedman	Sage grouse
Karel	Southern lapwing
Modestia	Porcupine
Cicily	Squirrel
Allyn	Insect
Sharleen	Fox
Garrot	Gray heron
Rosaline	Squirrel
Maxie	Silver gull
Janina	Falcon
Piggy	Stork
Nina	Great horned owl
Candida	Cat
Bailey	Gazer
Tansy	Cat
Ced	Cockatoo
Elora	Cat
Timmie	Brush-tailed bettong
Lutero	Red-headed woodpecker
Dulcine	Egyptian goose
Nannette	American crow
Shay	Vulture, egyptian
Tann	Long-nosed bandicoot
Kaine	Sage grouse
Barrie	Southern lapwing
Tailor	Porcupine
Tanner	Squirrel
Linus	Insect
Maxy	Fox
Cedric	Gray heron
Freddy	Squirrel
Odelia	Gazer
Pauletta	Cat
Lutero	Gazer
Trstram	Cat
Gerta	Cockatoo
Krishna	Cat
Karena	Brush-tailed bettong
Lammond	Red-headed woodpecker
Crista	Egyptian goose
Dniren	American crow
Kelsey	Vulture, egyptian
Constantine	Long-nosed bandicoot
Onfroi	Southern lapwing
Constantine	Porcupine
Garrard	Squirrel
Leslie	Insect
Pamelina	Fox
Palmer	Gray heron
Federico	Squirrel
Immanuel	Silver gull
Benoite	Falcon
Willa	Stork
Hanna	Great horned owl
Sawyere	Cat
Dyana	Gazer
Lauren	Cat
Kain	Cockatoo
Josefina	Brush-tailed bettong
Tamas	Brush-tailed bettong
Sande	Red-headed woodpecker
Marlee	Egyptian goose
Josey	American crow
Madalyn	Vulture, egyptian
Payton	Long-nosed bandicoot
Olenolin	Sage grouse
Phaidra	Southern lapwing
Raynell	Porcupine
Hedda	Squirrel
Lemmie	Insect
Reinwald	Fox
Neill	Gray heron
Fitz	Squirrel
Huberto	Red-headed woodpecker
Elwin	Cat
Kordula	Gazer
Ingmar	Cat
Nissie	Cockatoo
Bonnie	Egyptian goose
Krishna	Brush-tailed bettong
Libbey	Red-headed woodpecker
Lyndsie	Egyptian goose
Matthias	American crow
Carissa	Vulture, egyptian
Nonah	Long-nosed bandicoot
Corrianne	Sage grouse
Stormi	Southern lapwing
Xenos	Porcupine
Hayes	Squirrel
Algernon	Insect
Jedidiah	Fox
Fons	Gray heron
Bird	Squirrel
Stella	American crow
Hervey	Silver gull
Theodora	Falcon
Oswald	Stork
Alys	Great horned owl
Margaret	Cat
Katti	Gazer
Joni	Cat
Lucienne	Cockatoo
Nikolai	Vulture, egyptian
Mavra	Brush-tailed bettong
Candide	Red-headed woodpecker
Hallie	Egyptian goose
Carney	American crow
Lock	Vulture, egyptian
Ringo	Long-nosed bandicoot
Timothy	Sage grouse
Jacquette	Southern lapwing
Gusella	Porcupine
Gwenette	Squirrel
Eddy	Insect
Allayne	Fox
Korrie	Gray heron
Halli	Squirrel
Marchelle	Cat
Janna	Gazer
Dalt	Cat
Tommie	Cockatoo
Hillard	Brush-tailed bettong
Cortie	Red-headed woodpecker
Friedrick	Egyptian goose
Ofelia	American crow
Darbie	Vulture, egyptian
Herve	Long-nosed bandicoot
Cynde	Sage grouse
Adrien	Southern lapwing
Anet	Porcupine
Filippa	Squirrel
Jaimie	Insect
Moritz	Fox
Marcelline	Gray heron
Prudi	Squirrel
Vick	Silver gull
Val	Falcon
Mallissa	Stork
Virgil	Great horned owl
Datha	Cat
Ofella	Gazer
Sandro	Cat
Lita	Cockatoo
Sophia	Brush-tailed bettong
Lotty	Red-headed woodpecker
Zeke	Egyptian goose
Betteanne	American crow
Lucky	Vulture, egyptian
Kalvin	Long-nosed bandicoot
Laurene	Sage grouse
Malory	Southern lapwing
Waldon	Porcupine
Jewel	Squirrel
Jade	Insect
Valencia	Fox
Bondy	Gray heron
Madelaine	Squirrel
Kyrstin	Silver gull
Bertine	Falcon
Kimbra	Stork
Keen	Great horned owl
Paola	Cat
Maddi	Gazer
Armand	Cat
Clerkclaude	Cockatoo
Danny	Brush-tailed bettong
Jenna	Red-headed woodpecker
Raynor	Egyptian goose
Redford	American crow
Ricardo	Vulture, egyptian
Beaufort	Long-nosed bandicoot
Ynes	Sage grouse
Carmita	Southern lapwing
Morgen	Porcupine
Ilaire	Squirrel
Arturo	Insect
Daune	Fox
Terrijo	Gray heron
Sharla	Squirrel
Milena	Cat
Willard	Gazer
Christie	Cat
Jelene	Cockatoo
Cornela	Brush-tailed bettong
Alexia	Red-headed woodpecker
Kary	Egyptian goose
Kimbra	American crow
Isabeau	Vulture, egyptian
Rhody	Long-nosed bandicoot
Merrick	Sage grouse
Guendolen	Southern lapwing
Jocelyn	Porcupine
Lawrence	Insect
Birch	Fox
Benedikta	Gray heron
Stillman	Squirrel
Inness	Silver gull
Leta	Falcon
Bev	Stork
Andriana	Great horned owl
Alia	Cat
Hinze	Gazer
Darill	Cat
Almire	Cockatoo
Rolph	Brush-tailed bettong
\.


--
-- Data for Name: schedule; Type: TABLE DATA; Schema: public; Owner: -
--

COPY public.schedule (cname, date, pet_count) FROM stdin;
\.


--
-- Name: accounts accounts_pkey; Type: CONSTRAINT; Schema: public; Owner: -
--

ALTER TABLE ONLY public.accounts
    ADD CONSTRAINT accounts_pkey PRIMARY KEY (username);


--
-- Name: availability availability_pkey; Type: CONSTRAINT; Schema: public; Owner: -
--

ALTER TABLE ONLY public.availability
    ADD CONSTRAINT availability_pkey PRIMARY KEY (cname, date);


--
-- Name: bids bids_pkey; Type: CONSTRAINT; Schema: public; Owner: -
--

ALTER TABLE ONLY public.bids
    ADD CONSTRAINT bids_pkey PRIMARY KEY (pname, pet_name, start_date, end_date);


--
-- Name: care_takers care_takers_pkey; Type: CONSTRAINT; Schema: public; Owner: -
--

ALTER TABLE ONLY public.care_takers
    ADD CONSTRAINT care_takers_pkey PRIMARY KEY (cname);


--
-- Name: full_timer full_timer_pkey; Type: CONSTRAINT; Schema: public; Owner: -
--

ALTER TABLE ONLY public.full_timer
    ADD CONSTRAINT full_timer_pkey PRIMARY KEY (cname);


--
-- Name: leaves leaves_pkey; Type: CONSTRAINT; Schema: public; Owner: -
--

ALTER TABLE ONLY public.leaves
    ADD CONSTRAINT leaves_pkey PRIMARY KEY (cname, date);


--
-- Name: part_timer part_timer_pkey; Type: CONSTRAINT; Schema: public; Owner: -
--

ALTER TABLE ONLY public.part_timer
    ADD CONSTRAINT part_timer_pkey PRIMARY KEY (cname);


--
-- Name: pcs_administrator pcs_administrator_pkey; Type: CONSTRAINT; Schema: public; Owner: -
--

ALTER TABLE ONLY public.pcs_administrator
    ADD CONSTRAINT pcs_administrator_pkey PRIMARY KEY (username);


--
-- Name: pet_categories pet_categories_pkey; Type: CONSTRAINT; Schema: public; Owner: -
--

ALTER TABLE ONLY public.pet_categories
    ADD CONSTRAINT pet_categories_pkey PRIMARY KEY (category);


--
-- Name: pet_owners pet_owners_pkey; Type: CONSTRAINT; Schema: public; Owner: -
--

ALTER TABLE ONLY public.pet_owners
    ADD CONSTRAINT pet_owners_pkey PRIMARY KEY (username);


--
-- Name: pets pets_pkey; Type: CONSTRAINT; Schema: public; Owner: -
--

ALTER TABLE ONLY public.pets
    ADD CONSTRAINT pets_pkey PRIMARY KEY (pname, pet_name);


--
-- Name: prefers prefers_pkey; Type: CONSTRAINT; Schema: public; Owner: -
--

ALTER TABLE ONLY public.prefers
    ADD CONSTRAINT prefers_pkey PRIMARY KEY (cname, category);


--
-- Name: schedule schedule_pkey; Type: CONSTRAINT; Schema: public; Owner: -
--

ALTER TABLE ONLY public.schedule
    ADD CONSTRAINT schedule_pkey PRIMARY KEY (cname, date);


--
-- Name: accounts create_account_trigger; Type: TRIGGER; Schema: public; Owner: -
--

CREATE TRIGGER create_account_trigger AFTER INSERT ON public.accounts FOR EACH ROW EXECUTE FUNCTION public.check_account();


--
-- Name: full_timer create_fulltimer_trigger; Type: TRIGGER; Schema: public; Owner: -
--

CREATE TRIGGER create_fulltimer_trigger BEFORE INSERT ON public.full_timer FOR EACH ROW EXECUTE FUNCTION public.add_caretaker();


--
-- Name: part_timer create_parttimer_trigger; Type: TRIGGER; Schema: public; Owner: -
--

CREATE TRIGGER create_parttimer_trigger BEFORE INSERT ON public.part_timer FOR EACH ROW EXECUTE FUNCTION public.add_caretaker();


--
-- Name: bids trigger_update_care_taker_rating; Type: TRIGGER; Schema: public; Owner: -
--

CREATE TRIGGER trigger_update_care_taker_rating AFTER UPDATE OF is_selected, rating ON public.bids FOR EACH ROW EXECUTE FUNCTION public.update_care_taker_rating();


--
-- Name: bids trigger_update_schedule; Type: TRIGGER; Schema: public; Owner: -
--

CREATE TRIGGER trigger_update_schedule AFTER UPDATE OF is_selected ON public.bids FOR EACH ROW EXECUTE FUNCTION public.update_schedule();


--
-- Name: availability availability_cname_fkey; Type: FK CONSTRAINT; Schema: public; Owner: -
--

ALTER TABLE ONLY public.availability
    ADD CONSTRAINT availability_cname_fkey FOREIGN KEY (cname) REFERENCES public.part_timer(cname) ON DELETE CASCADE;


--
-- Name: bids bids_cname_fkey; Type: FK CONSTRAINT; Schema: public; Owner: -
--

ALTER TABLE ONLY public.bids
    ADD CONSTRAINT bids_cname_fkey FOREIGN KEY (cname) REFERENCES public.care_takers(cname) ON DELETE CASCADE;


--
-- Name: bids bids_pname_pet_name_fkey; Type: FK CONSTRAINT; Schema: public; Owner: -
--

ALTER TABLE ONLY public.bids
    ADD CONSTRAINT bids_pname_pet_name_fkey FOREIGN KEY (pname, pet_name) REFERENCES public.pets(pname, pet_name) ON DELETE CASCADE;


--
-- Name: care_takers care_takers_cname_fkey; Type: FK CONSTRAINT; Schema: public; Owner: -
--

ALTER TABLE ONLY public.care_takers
    ADD CONSTRAINT care_takers_cname_fkey FOREIGN KEY (cname) REFERENCES public.accounts(username) ON DELETE CASCADE;


--
-- Name: full_timer full_timer_cname_fkey; Type: FK CONSTRAINT; Schema: public; Owner: -
--

ALTER TABLE ONLY public.full_timer
    ADD CONSTRAINT full_timer_cname_fkey FOREIGN KEY (cname) REFERENCES public.care_takers(cname) ON DELETE CASCADE;


--
-- Name: leaves leaves_cname_fkey; Type: FK CONSTRAINT; Schema: public; Owner: -
--

ALTER TABLE ONLY public.leaves
    ADD CONSTRAINT leaves_cname_fkey FOREIGN KEY (cname) REFERENCES public.full_timer(cname) ON DELETE CASCADE;


--
-- Name: part_timer part_timer_cname_fkey; Type: FK CONSTRAINT; Schema: public; Owner: -
--

ALTER TABLE ONLY public.part_timer
    ADD CONSTRAINT part_timer_cname_fkey FOREIGN KEY (cname) REFERENCES public.care_takers(cname) ON DELETE CASCADE;


--
-- Name: pcs_administrator pcs_administrator_username_fkey; Type: FK CONSTRAINT; Schema: public; Owner: -
--

ALTER TABLE ONLY public.pcs_administrator
    ADD CONSTRAINT pcs_administrator_username_fkey FOREIGN KEY (username) REFERENCES public.accounts(username) ON DELETE CASCADE;


--
-- Name: pet_owners pet_owners_username_fkey; Type: FK CONSTRAINT; Schema: public; Owner: -
--

ALTER TABLE ONLY public.pet_owners
    ADD CONSTRAINT pet_owners_username_fkey FOREIGN KEY (username) REFERENCES public.accounts(username) ON DELETE CASCADE;


--
-- Name: pets pets_category_fkey; Type: FK CONSTRAINT; Schema: public; Owner: -
--

ALTER TABLE ONLY public.pets
    ADD CONSTRAINT pets_category_fkey FOREIGN KEY (category) REFERENCES public.pet_categories(category) ON DELETE CASCADE;


--
-- Name: pets pets_pname_fkey; Type: FK CONSTRAINT; Schema: public; Owner: -
--

ALTER TABLE ONLY public.pets
    ADD CONSTRAINT pets_pname_fkey FOREIGN KEY (pname) REFERENCES public.pet_owners(username) ON DELETE CASCADE;


--
-- Name: prefers prefers_category_fkey; Type: FK CONSTRAINT; Schema: public; Owner: -
--

ALTER TABLE ONLY public.prefers
    ADD CONSTRAINT prefers_category_fkey FOREIGN KEY (category) REFERENCES public.pet_categories(category) ON DELETE CASCADE;


--
-- Name: prefers prefers_cname_fkey; Type: FK CONSTRAINT; Schema: public; Owner: -
--

ALTER TABLE ONLY public.prefers
    ADD CONSTRAINT prefers_cname_fkey FOREIGN KEY (cname) REFERENCES public.care_takers(cname) ON DELETE CASCADE;


--
-- Name: schedule schedule_cname_fkey; Type: FK CONSTRAINT; Schema: public; Owner: -
--

ALTER TABLE ONLY public.schedule
    ADD CONSTRAINT schedule_cname_fkey FOREIGN KEY (cname) REFERENCES public.care_takers(cname) ON DELETE CASCADE;


--
-- PostgreSQL database dump complete
--

