INSERT INTO accounts VALUES('km', 'kmafa', 'alcj@gmail.com');
INSERT INTO accounts VALUES('dood1', 'kmafa', 'alafas@gmail.com');
INSERT INTO accounts VALUES('dsah', 'kmafa', 'alccaj@gmail.com');
INSERT INTO accounts VALUES('kdafm', 'kmasfa', 'acawlcj@gmail.com');
INSERT INTO accounts VALUES('buster', 'kmafa', 'buster@gmail.com');

INSERT INTO users VALUES('dood1');
INSERT INTO users VALUES('dsah');
INSERT INTO users VALUES('kdafm');
INSERT INTO users VALUES('km');
INSERT INTO users VALUES('buster');

INSERT INTO care_takers VALUES('dood1');
INSERT INTO care_takers VALUES('dsah');
INSERT INTO care_takers VALUES('kdafm');
INSERT INTO care_takers VALUES('km');
INSERT INTO care_takers VALUES('buster');

INSERT INTO pet_owners VALUES('dood1');
INSERT INTO pet_owners VALUES('dsah');
INSERT INTO pet_owners VALUES('kdafm');
INSERT INTO pet_owners VALUES('km');
INSERT INTO pet_owners VALUES('buster');

INSERT INTO pet_categories VALUES('rabbit');
INSERT INTO pet_categories VALUES('shit');
INSERT INTO pet_categories VALUES('stuff');
INSERT INTO pet_categories VALUES('sheep');
INSERT INTO pet_categories VALUES('dog');
INSERT INTO pet_categories VALUES('cat');
INSERT INTO pet_categories VALUES('cow');
INSERT INTO pet_categories VALUES('horse');

INSERT INTO prefers VALUES('dood1', 'rabbit');
INSERT INTO prefers VALUES('dood1', 'shit');
INSERT INTO prefers VALUES('dood1', 'stuff');
INSERT INTO prefers VALUES('dood1', 'sheep');
INSERT INTO prefers VALUES('dood1', 'dog');
INSERT INTO prefers VALUES('dood1', 'cat');
INSERT INTO prefers VALUES('dood1', 'cow');
INSERT INTO prefers VALUES('dood1', 'horse');
INSERT INTO prefers VALUES('dsah', 'shit');
INSERT INTO prefers VALUES('dsah', 'stuff');
INSERT INTO prefers VALUES('dsah', 'sheep');
INSERT INTO prefers VALUES('dsah', 'dog');
INSERT INTO prefers VALUES('dsah', 'cat');
INSERT INTO prefers VALUES('dsah', 'cow');
INSERT INTO prefers VALUES('dsah', 'horse');
INSERT INTO prefers VALUES('dsah', 'mole');
INSERT INTO prefers VALUES('km', 'stuff');
INSERT INTO prefers VALUES('km', 'sheep');
INSERT INTO prefers VALUES('km', 'dog');
INSERT INTO prefers VALUES('km', 'cat');
INSERT INTO prefers VALUES('km', 'cow');
INSERT INTO prefers VALUES('km', 'horse');

INSERT INTO pets VALUES('cassie', 'horse', 'kdafm', 'feed it grass');
INSERT INTO pets VALUES('johnny', 'dog', 'kdafm', 'feed it meat');
INSERT INTO pets VALUES('kitana', 'cat', 'buster', 'feed it fish');

INSERT INTO bids VALUES('Zayn', 'sonya', 'km', '10-10-10', '10-10-10');
INSERT INTO bids VALUES('Zayn', 'sonya', 'dsah', '10-10-10', '10-10-10');
INSERT INTO bids VALUES('kdafm', 'johnny', 'dsah', '10-10-10', '10-10-10');
INSERT INTO bids VALUES('kdafm', 'johnny', 'dsah', '10-09-10', '10-09-10', 5, '1', '1000', 'CC', '10', 'good shit');
INSERT INTO bids VALUES('kdafm', 'johnny', 'dsah', '10-06-10', '10-06-10', 1, '1', '1000', 'CC', '10', 'bad shit');
INSERT INTO bids VALUES('buster', 'kitana', 'dood1', '05-12-09', '12-05-10', 1, '1', '1000', 'CC', '10', 'bad shit');